gender,age,age_group,appointment_type,appointment_day,appointment_time,booking_lead_days,previous_appointments,previous_no_shows,reminder_sent,reminder_channel,distance_to_clinic_km,is_sunday_appointment,booking_month,booking_day_of_week,booking_day_of_year,booking_week_of_year,appointment_month,appointment_day_of_year,appointment_week_of_year
Female,39,35-44,Follow-up,Tuesday,Afternoon,12,2,0,Yes,WhatsApp,19.3,0,2,3,37,6,2,49,8
Male,31,25-34,Specialist Consultation,Friday,Morning,2,6,0,Yes,SMS,14.3,0,2,2,56,9,2,58,9
Female,50,45-54,General Consultation,Wednesday,Morning,38,5,1,Yes,SMS,11.4,0,11,6,320,46,12,358,52
Male,59,55-64,Follow-up,Thursday,Evening,41,3,1,Yes,SMS,7.4,0,7,4,199,29,8,240,35
Female,34,25-34,Follow-up,Monday,Afternoon,47,3,1,Yes,Email,5.6,0,7,2,190,28,8,237,35
Male,66,65+,Specialist Consultation,Tuesday,Morning,57,4,2,No,No Reminder,3.1,0,2,0,47,8,4,104,16
Male,58,55-64,Diagnostic Test,Sunday,Afternoon,30,4,1,Yes,WhatsApp,8.2,1,1,4,17,3,2,47,7
Female,28,25-34,Specialist Consultation,Friday,Afternoon,50,6,1,Yes,SMS,19.2,0,11,3,331,48,1,16,3
Male,77,65+,Follow-up,Monday,Afternoon,43,3,0,Yes,SMS,10.1,0,3,6,68,10,4,111,17
Male,59,55-64,Follow-up,Wednesday,Morning,51,6,1,Yes,Email,12.8,0,8,0,237,35,10,288,42
Female,66,65+,Follow-up,Friday,Afternoon,57,1,0,No,No Reminder,5.5,0,12,3,359,52,2,51,8
Male,61,55-64,Specialist Consultation,Tuesday,Afternoon,40,3,0,Yes,SMS,6.6,0,12,3,352,51,1,27,5
Female,58,55-64,Follow-up,Friday,Afternoon,57,2,0,Yes,SMS,8.7,0,1,3,8,2,3,65,10
Female,62,55-64,Follow-up,Tuesday,Morning,32,1,0,Yes,SMS,14.0,0,2,4,38,6,3,70,11
Female,69,65+,General Consultation,Saturday,Morning,47,3,1,Yes,WhatsApp,5.1,0,2,0,47,8,4,94,14
Female,30,25-34,General Consultation,Wednesday,Morning,53,1,0,Yes,WhatsApp,19.9,0,8,5,221,32,10,274,40
Female,51,45-54,General Consultation,Friday,Morning,25,0,0,No,No Reminder,11.2,0,4,0,117,18,5,142,21
Male,22,18-24,General Consultation,Tuesday,Afternoon,53,6,1,No,No Reminder,11.1,0,1,4,9,2,3,62,10
Male,78,65+,Specialist Consultation,Friday,Afternoon,15,4,0,Yes,SMS,13.3,0,7,3,205,30,8,220,32
Male,63,55-64,Specialist Consultation,Thursday,Morning,5,5,0,Yes,WhatsApp,5.3,0,3,5,80,12,3,85,13
Female,30,25-34,General Consultation,Sunday,Morning,14,2,1,No,No Reminder,5.0,1,8,6,229,33,8,243,35
Male,22,18-24,General Consultation,Wednesday,Morning,19,1,0,Yes,SMS,8.9,0,8,4,227,33,9,246,36
Female,71,65+,General Consultation,Thursday,Morning,21,3,1,Yes,SMS,11.5,0,1,3,30,5,2,51,8
Male,48,45-54,Diagnostic Test,Tuesday,Evening,13,4,1,Yes,SMS,1.5,0,1,2,22,4,2,35,6
Male,48,45-54,Follow-up,Tuesday,Morning,55,5,2,Yes,SMS,22.6,0,2,2,49,8,4,104,16
Male,45,45-54,General Consultation,Thursday,Afternoon,13,5,0,Yes,SMS,25.6,0,11,4,332,48,12,345,50
Female,75,65+,General Consultation,Wednesday,Afternoon,9,5,0,No,No Reminder,1.4,0,2,0,40,7,2,49,8
Female,41,35-44,Follow-up,Sunday,Morning,24,2,1,No,No Reminder,3.6,1,12,3,359,52,1,18,3
Female,70,65+,Diagnostic Test,Sunday,Afternoon,34,2,0,Yes,SMS,2.6,1,6,0,160,24,7,194,28
Male,51,45-54,Follow-up,Friday,Morning,49,4,0,Yes,WhatsApp,12.8,0,12,4,355,51,2,38,6
Female,73,65+,General Consultation,Monday,Afternoon,22,2,0,Yes,WhatsApp,6.0,0,5,6,144,21,6,166,25
Female,47,45-54,Follow-up,Monday,Afternoon,47,4,2,No,No Reminder,2.4,0,7,2,197,29,9,244,36
Male,57,55-64,General Consultation,Sunday,Morning,38,3,0,Yes,WhatsApp,2.6,1,3,3,85,13,5,123,18
Male,38,35-44,General Consultation,Tuesday,Morning,17,3,0,Yes,SMS,4.8,0,12,5,354,51,1,6,2
Female,58,55-64,General Consultation,Sunday,Morning,55,3,0,Yes,Email,2.6,1,1,0,5,2,3,60,9
Female,38,35-44,Diagnostic Test,Thursday,Afternoon,26,4,0,No,No Reminder,8.3,0,1,5,24,4,2,50,8
Female,56,55-64,Follow-up,Thursday,Morning,9,1,0,Yes,SMS,8.8,0,4,1,98,15,4,107,16
Female,67,65+,General Consultation,Friday,Afternoon,58,3,2,Yes,SMS,7.5,0,5,2,141,21,7,199,29
Female,45,45-54,Follow-up,Monday,Evening,3,2,0,No,No Reminder,11.3,0,9,4,269,39,9,272,40
Female,38,35-44,Diagnostic Test,Friday,Morning,55,4,1,Yes,WhatsApp,4.7,0,11,5,335,48,1,24,4
Male,64,55-64,General Consultation,Sunday,Morning,57,3,0,Yes,SMS,11.7,1,8,5,242,35,10,299,43
Female,24,18-24,Diagnostic Test,Tuesday,Morning,32,4,1,Yes,SMS,5.1,0,4,4,107,16,5,139,21
Male,71,65+,General Consultation,Sunday,Afternoon,37,3,0,No,No Reminder,4.9,1,6,4,164,24,7,201,29
Male,22,18-24,General Consultation,Wednesday,Morning,31,7,3,Yes,WhatsApp,2.9,0,7,6,194,28,8,225,33
Female,20,18-24,Diagnostic Test,Friday,Morning,42,5,0,No,No Reminder,7.4,0,5,4,136,20,6,178,26
Female,67,65+,General Consultation,Sunday,Morning,32,1,0,Yes,SMS,5.3,1,4,2,98,15,5,130,19
Female,37,35-44,Diagnostic Test,Tuesday,Evening,2,4,1,Yes,SMS,2.9,0,2,6,40,6,2,42,7
Male,56,55-64,Diagnostic Test,Sunday,Afternoon,58,2,0,Yes,WhatsApp,8.0,1,7,4,199,29,9,257,37
Female,32,25-34,Follow-up,Wednesday,Afternoon,55,1,1,Yes,WhatsApp,4.8,0,1,3,15,3,3,70,11
Female,30,25-34,Diagnostic Test,Monday,Evening,35,3,1,Yes,SMS,11.3,0,3,0,69,11,4,104,16
Male,41,35-44,General Consultation,Wednesday,Afternoon,10,4,0,Yes,WhatsApp,25.1,0,8,6,243,35,9,253,37
Male,66,65+,General Consultation,Saturday,Afternoon,8,4,0,Yes,SMS,8.4,0,1,4,2,1,1,10,2
Male,29,25-34,Diagnostic Test,Wednesday,Morning,23,3,1,Yes,WhatsApp,7.0,0,8,0,237,35,9,260,38
Male,53,45-54,Diagnostic Test,Monday,Morning,20,4,1,Yes,SMS,3.9,0,6,1,161,24,6,181,27
Female,73,65+,General Consultation,Sunday,Evening,0,6,3,No,No Reminder,2.7,1,5,6,124,18,5,124,18
Male,77,65+,General Consultation,Wednesday,Morning,49,4,1,Yes,WhatsApp,3.8,0,9,2,260,38,11,309,45
Female,66,65+,General Consultation,Thursday,Afternoon,31,5,1,No,No Reminder,26.8,0,12,0,335,49,1,1,1
Female,26,25-34,General Consultation,Friday,Morning,19,1,0,Yes,SMS,2.6,0,5,6,130,19,5,149,22
Female,29,25-34,Follow-up,Wednesday,Afternoon,31,5,3,Yes,SMS,13.6,0,11,6,313,45,12,344,50
Prefer not to say,37,35-44,General Consultation,Sunday,Morning,20,6,1,Yes,SMS,0.5,1,12,0,363,1,1,18,3
Male,52,45-54,General Consultation,Sunday,Morning,50,3,1,Yes,WhatsApp,2.3,1,1,5,4,1,2,54,8
Female,43,35-44,Diagnostic Test,Friday,Afternoon,15,3,1,Yes,SMS,15.7,0,6,3,156,23,6,171,25
Female,33,25-34,Follow-up,Tuesday,Afternoon,32,5,1,Yes,SMS,10.3,0,2,4,58,9,3,90,14
Male,27,25-34,General Consultation,Tuesday,Afternoon,54,6,3,Yes,Email,2.3,0,7,3,184,27,8,238,35
Female,80,65+,Diagnostic Test,Monday,Evening,22,3,0,Yes,WhatsApp,6.3,0,2,6,53,8,3,75,12
Female,55,55-64,Specialist Consultation,Sunday,Afternoon,2,3,0,Yes,WhatsApp,11.2,1,4,4,93,14,4,95,14
Male,32,25-34,Specialist Consultation,Thursday,Morning,59,2,1,No,No Reminder,6.4,0,6,0,153,23,7,212,31
Male,69,65+,Follow-up,Wednesday,Afternoon,27,3,1,No,No Reminder,7.3,0,4,3,99,15,5,126,19
Female,70,65+,Diagnostic Test,Saturday,Afternoon,10,3,1,No,No Reminder,13.9,0,5,2,148,22,6,158,23
Male,28,25-34,Specialist Consultation,Thursday,Morning,19,2,0,Yes,WhatsApp,7.7,0,12,5,354,51,1,8,2
Female,58,55-64,General Consultation,Sunday,Afternoon,57,1,0,Yes,SMS,16.7,1,10,5,291,42,12,348,50
Female,79,65+,Follow-up,Tuesday,Morning,17,4,2,Yes,SMS,1.5,0,3,5,60,9,3,77,12
Male,68,65+,Diagnostic Test,Tuesday,Afternoon,33,3,2,No,No Reminder,12.3,0,2,3,57,9,3,90,14
Female,32,25-34,Diagnostic Test,Sunday,Evening,33,3,1,Yes,WhatsApp,25.4,1,3,1,77,12,4,110,16
Female,74,65+,Follow-up,Monday,Evening,14,2,0,Yes,SMS,20.4,0,3,0,61,10,3,75,12
Female,44,35-44,Follow-up,Sunday,Morning,30,2,1,Yes,SMS,10.5,1,12,4,341,49,1,5,1
Female,48,45-54,Diagnostic Test,Thursday,Morning,6,4,0,No,No Reminder,8.2,0,3,4,65,10,3,71,11
Male,66,65+,Specialist Consultation,Tuesday,Afternoon,46,4,0,No,No Reminder,7.4,0,1,4,16,3,3,62,10
Female,25,25-34,General Consultation,Tuesday,Evening,57,1,0,No,No Reminder,14.0,0,11,0,307,45,12,364,1
Male,51,45-54,General Consultation,Monday,Morning,19,1,0,Yes,SMS,10.0,0,8,2,239,35,9,258,38
Female,69,65+,Diagnostic Test,Wednesday,Afternoon,17,0,0,No,No Reminder,11.6,0,1,6,4,1,1,21,4
Female,52,45-54,Specialist Consultation,Sunday,Afternoon,33,0,0,Yes,Email,15.5,1,4,1,119,18,6,152,22
Male,35,35-44,Specialist Consultation,Tuesday,Morning,42,3,1,Yes,WhatsApp,1.8,0,1,1,20,4,3,62,10
Female,21,18-24,Follow-up,Friday,Morning,60,8,0,Yes,WhatsApp,8.7,0,9,0,244,36,10,304,44
Female,62,55-64,General Consultation,Saturday,Morning,14,2,1,Yes,SMS,2.1,0,9,5,263,38,10,277,40
Female,55,55-64,Follow-up,Tuesday,Afternoon,28,1,1,Yes,Email,6.7,0,2,1,49,8,3,77,12
Male,50,45-54,Specialist Consultation,Thursday,Morning,53,2,0,Yes,SMS,9.6,0,3,6,82,12,5,135,20
Female,53,45-54,General Consultation,Friday,Afternoon,49,1,0,Yes,SMS,3.6,0,7,4,192,28,8,241,35
Female,28,25-34,Specialist Consultation,Wednesday,Afternoon,37,6,1,Yes,SMS,15.1,0,11,0,328,48,12,365,1
Male,28,25-34,General Consultation,Monday,Afternoon,41,3,1,Yes,SMS,4.1,0,8,1,217,32,9,258,38
Male,75,65+,General Consultation,Sunday,Evening,7,2,1,Yes,WhatsApp,5.5,1,4,6,95,14,4,102,15
Male,37,35-44,General Consultation,Wednesday,Afternoon,45,4,0,No,No Reminder,5.0,0,9,6,264,38,11,309,45
Female,45,45-54,Diagnostic Test,Thursday,Afternoon,15,1,0,Yes,SMS,7.8,0,1,2,29,5,2,44,7
Male,27,25-34,Diagnostic Test,Sunday,Morning,31,3,0,Yes,SMS,4.2,1,1,3,22,4,2,53,8
Male,31,25-34,General Consultation,Monday,Morning,41,3,1,No,No Reminder,5.3,0,9,1,273,40,11,314,46
Male,35,35-44,Follow-up,Wednesday,Morning,19,3,1,Yes,SMS,8.1,0,10,4,290,42,11,309,45
Male,57,55-64,Follow-up,Sunday,Morning,2,3,1,Yes,WhatsApp,2.1,1,10,4,304,44,11,306,44
Male,40,35-44,General Consultation,Sunday,Afternoon,6,1,1,Yes,SMS,45.0,1,6,0,160,24,6,166,24
Female,42,35-44,Follow-up,Wednesday,Morning,27,2,0,Yes,WhatsApp,8.1,0,10,3,303,44,11,330,48
Female,35,35-44,Diagnostic Test,Friday,Afternoon,39,4,1,Yes,Email,8.2,0,12,0,344,50,1,17,3
Male,49,45-54,General Consultation,Wednesday,Afternoon,60,3,1,Yes,SMS,10.5,0,6,5,179,26,8,239,35
Male,41,35-44,General Consultation,Sunday,Afternoon,23,5,1,No,No Reminder,7.3,1,5,4,149,22,6,172,25
Male,36,35-44,Diagnostic Test,Monday,Afternoon,0,3,0,Yes,SMS,22.2,0,4,0,118,18,4,118,18
Female,44,35-44,General Consultation,Saturday,Morning,40,5,1,No,No Reminder,9.8,0,4,0,111,17,5,151,22
Male,39,35-44,Specialist Consultation,Tuesday,Morning,34,5,1,Yes,SMS,8.9,0,7,2,190,28,8,224,33
Female,32,25-34,Follow-up,Friday,Morning,39,2,0,Yes,WhatsApp,5.5,0,5,0,138,21,6,177,26
Female,46,45-54,General Consultation,Saturday,Evening,45,1,0,Yes,SMS,9.9,0,2,2,56,9,4,101,15
Male,77,65+,General Consultation,Sunday,Morning,29,5,0,Yes,SMS,30.1,1,12,5,356,51,1,19,3
Female,49,45-54,General Consultation,Thursday,Morning,50,1,0,Yes,SMS,10.2,0,3,2,78,12,5,128,19
Female,55,55-64,General Consultation,Wednesday,Morning,22,3,0,No,No Reminder,15.6,0,3,1,62,10,3,84,13
Male,80,65+,Specialist Consultation,Saturday,Morning,33,2,1,Yes,WhatsApp,18.2,0,12,0,365,1,2,32,5
Female,56,55-64,Specialist Consultation,Monday,Morning,9,4,0,Yes,SMS,5.5,0,4,5,94,14,4,103,16
Male,32,25-34,General Consultation,Tuesday,Afternoon,37,0,0,Yes,SMS,5.2,0,4,6,117,17,6,154,23
Female,43,35-44,Follow-up,Sunday,Morning,15,1,0,Yes,SMS,15.2,1,5,5,122,18,5,137,20
Male,48,45-54,General Consultation,Tuesday,Afternoon,42,1,0,Yes,SMS,5.2,0,4,1,119,18,6,161,24
Female,47,45-54,General Consultation,Tuesday,Morning,48,3,1,Yes,WhatsApp,18.4,0,7,2,190,28,8,238,35
Male,27,25-34,Specialist Consultation,Sunday,Afternoon,52,3,0,Yes,SMS,3.8,1,11,3,310,45,12,362,52
Male,24,18-24,Specialist Consultation,Monday,Morning,56,3,0,No,No Reminder,17.3,0,1,0,13,3,3,69,11
Female,75,65+,General Consultation,Friday,Evening,8,2,0,No,No Reminder,2.9,0,9,3,268,39,10,276,40
Female,63,55-64,Follow-up,Thursday,Morning,56,6,1,No,No Reminder,14.3,0,1,3,8,2,3,64,10
Female,71,65+,Follow-up,Sunday,Evening,23,1,0,Yes,SMS,10.0,1,6,4,156,23,6,179,26
Female,28,25-34,Diagnostic Test,Monday,Morning,1,3,1,Yes,SMS,17.8,0,12,6,362,52,12,363,1
Male,54,45-54,Diagnostic Test,Sunday,Afternoon,51,4,0,Yes,SMS,17.6,1,6,4,171,25,8,222,32
Female,45,45-54,General Consultation,Sunday,Morning,21,5,2,No,No Reminder,17.5,1,7,6,208,30,8,229,33
Female,44,35-44,Follow-up,Saturday,Morning,4,2,0,Yes,WhatsApp,31.6,0,3,1,76,12,3,80,12
Female,40,35-44,Specialist Consultation,Wednesday,Morning,44,2,1,Yes,Email,6.7,0,5,0,132,20,6,176,26
Female,21,18-24,General Consultation,Wednesday,Afternoon,11,3,0,Yes,SMS,14.1,0,3,5,81,12,4,92,14
Male,72,65+,Follow-up,Wednesday,Morning,21,1,0,Yes,SMS,3.0,0,6,2,162,24,7,183,27
Male,23,18-24,Diagnostic Test,Thursday,Morning,36,1,0,Yes,SMS,13.1,0,1,2,22,4,2,58,9
Female,44,35-44,General Consultation,Wednesday,Evening,27,4,1,Yes,SMS,17.6,0,1,3,23,4,2,50,8
Female,50,45-54,Diagnostic Test,Thursday,Morning,52,4,0,Yes,WhatsApp,3.9,0,1,0,5,2,2,57,9
Male,80,65+,Follow-up,Friday,Morning,12,2,1,Yes,WhatsApp,17.6,0,1,6,4,1,1,16,3
Male,65,65+,General Consultation,Tuesday,Morning,12,2,0,Yes,Email,8.7,0,1,3,15,3,1,27,5
Male,77,65+,Diagnostic Test,Sunday,Afternoon,27,7,0,Yes,SMS,21.7,1,3,0,62,10,3,89,13
Male,70,65+,Diagnostic Test,Thursday,Morning,5,3,1,Yes,WhatsApp,24.5,0,5,5,122,18,5,127,19
Female,36,35-44,Diagnostic Test,Wednesday,Afternoon,24,5,1,Yes,SMS,9.8,0,9,6,250,36,10,274,40
Female,19,18-24,Follow-up,Monday,Morning,38,2,0,Yes,Email,18.2,0,8,4,234,34,9,272,40
Male,70,65+,General Consultation,Sunday,Morning,47,8,3,Yes,SMS,5.6,1,8,1,224,33,9,271,39
Female,39,35-44,Specialist Consultation,Monday,Afternoon,39,7,1,Yes,SMS,6.7,0,7,3,205,30,9,244,36
Female,46,45-54,Follow-up,Tuesday,Afternoon,52,3,1,Yes,WhatsApp,1.7,0,2,5,39,6,4,91,14
Female,40,35-44,Follow-up,Monday,Morning,7,6,2,No,No Reminder,2.0,0,7,0,202,30,7,209,31
Male,25,25-34,General Consultation,Sunday,Morning,49,1,0,No,No Reminder,2.2,1,3,6,82,12,5,131,19
Female,19,18-24,General Consultation,Friday,Morning,44,5,0,Yes,SMS,4.4,0,11,2,330,48,1,9,2
Female,53,45-54,Follow-up,Thursday,Afternoon,55,4,2,Yes,WhatsApp,9.7,0,10,4,290,42,12,345,50
Male,61,55-64,General Consultation,Thursday,Morning,5,0,0,Yes,SMS,20.1,0,7,5,193,28,7,198,29
Male,58,55-64,Follow-up,Monday,Afternoon,24,1,1,Yes,Email,1.5,0,1,4,24,4,2,48,8
Female,56,55-64,General Consultation,Monday,Afternoon,57,3,1,Yes,WhatsApp,2.8,0,5,6,131,19,7,188,28
Male,70,65+,Specialist Consultation,Thursday,Afternoon,57,3,1,Yes,Email,18.5,0,1,2,8,2,3,65,10
Male,79,65+,General Consultation,Saturday,Afternoon,34,4,2,Yes,WhatsApp,4.2,0,6,6,152,22,7,186,27
Female,72,65+,Follow-up,Wednesday,Afternoon,57,3,1,Yes,WhatsApp,13.7,0,4,1,104,16,6,161,24
Male,32,25-34,General Consultation,Saturday,Afternoon,26,3,1,No,No Reminder,9.6,0,6,0,174,26,7,200,29
Male,53,45-54,Follow-up,Tuesday,Afternoon,25,3,0,Yes,SMS,16.8,0,4,4,107,16,5,132,20
Female,69,65+,Follow-up,Sunday,Afternoon,51,2,0,Yes,SMS,21.6,1,8,4,220,32,9,271,39
Female,36,35-44,Follow-up,Sunday,Afternoon,40,2,0,Yes,SMS,10.1,1,12,1,343,50,1,18,3
Male,60,55-64,Follow-up,Sunday,Morning,31,0,0,Yes,WhatsApp,10.3,1,8,3,219,32,9,250,36
Female,19,18-24,Follow-up,Monday,Afternoon,27,4,0,No,No Reminder,0.9,0,4,1,119,18,5,146,22
Male,73,65+,General Consultation,Sunday,Morning,43,2,0,Yes,SMS,9.0,1,1,5,10,2,2,53,8
Male,31,25-34,Follow-up,Friday,Afternoon,6,2,0,Yes,WhatsApp,3.1,0,5,5,137,20,5,143,21
Female,46,45-54,Specialist Consultation,Tuesday,Morning,8,3,1,Yes,WhatsApp,7.6,0,1,0,19,4,1,27,5
Male,72,65+,Follow-up,Saturday,Afternoon,28,2,1,No,No Reminder,19.3,0,2,5,38,6,3,66,10
Male,28,25-34,General Consultation,Wednesday,Afternoon,37,1,0,Yes,SMS,13.8,0,7,0,209,31,9,246,36
Male,69,65+,General Consultation,Saturday,Morning,49,1,0,Yes,SMS,11.0,0,12,5,354,51,2,38,6
Male,36,35-44,General Consultation,Thursday,Morning,14,4,2,Yes,SMS,12.1,0,5,3,135,20,5,149,22
Female,54,45-54,Follow-up,Thursday,Afternoon,47,8,1,Yes,SMS,0.8,0,12,5,363,52,2,44,7
Male,50,45-54,Specialist Consultation,Saturday,Afternoon,40,2,0,Yes,WhatsApp,8.6,0,1,0,13,3,2,53,8
Female,70,65+,Follow-up,Friday,Morning,21,4,0,Yes,WhatsApp,21.5,0,4,4,107,16,5,128,19
Male,39,35-44,General Consultation,Tuesday,Morning,18,0,0,Yes,WhatsApp,30.0,0,2,4,52,8,3,70,11
Female,28,25-34,Specialist Consultation,Saturday,Morning,54,1,0,Yes,Email,5.2,0,7,0,195,29,9,249,36
Male,44,35-44,General Consultation,Tuesday,Morning,56,4,1,No,No Reminder,23.3,0,11,1,329,48,1,20,4
Male,65,65+,General Consultation,Tuesday,Morning,30,3,0,Yes,SMS,19.6,0,5,6,138,20,6,168,25
Female,39,35-44,General Consultation,Wednesday,Evening,19,0,0,No,No Reminder,16.6,0,2,4,58,9,3,77,12
Male,76,65+,General Consultation,Thursday,Afternoon,47,4,0,Yes,WhatsApp,8.6,0,9,5,270,39,11,317,46
Prefer not to say,23,18-24,Follow-up,Sunday,Morning,5,7,0,Yes,WhatsApp,13.2,1,10,1,294,43,10,299,43
Female,25,25-34,General Consultation,Monday,Afternoon,16,0,0,Yes,SMS,14.2,0,3,5,81,12,4,97,15
Female,19,18-24,Follow-up,Wednesday,Evening,8,3,0,Yes,WhatsApp,21.4,0,9,1,245,36,9,253,37
Female,76,65+,Follow-up,Monday,Morning,30,0,0,Yes,WhatsApp,21.7,0,3,5,73,11,4,103,16
Female,55,55-64,General Consultation,Thursday,Afternoon,12,0,0,No,No Reminder,4.8,0,2,5,38,6,2,50,8
Male,69,65+,Specialist Consultation,Saturday,Afternoon,22,1,0,No,No Reminder,5.2,0,9,4,248,36,9,270,39
Prefer not to say,66,65+,General Consultation,Wednesday,Evening,52,3,1,No,No Reminder,4.7,0,12,6,341,49,1,28,5
Female,77,65+,Specialist Consultation,Monday,Morning,34,2,0,Yes,WhatsApp,6.6,0,11,1,329,48,12,363,1
Female,43,35-44,General Consultation,Wednesday,Morning,55,3,1,No,No Reminder,4.4,0,4,3,114,17,6,169,25
Male,49,45-54,Follow-up,Tuesday,Afternoon,55,2,0,Yes,SMS,7.6,0,10,2,288,42,12,343,50
Female,61,55-64,Follow-up,Tuesday,Evening,21,3,2,No,No Reminder,19.5,0,2,1,56,9,3,77,12
Male,57,55-64,Follow-up,Saturday,Morning,53,0,0,No,No Reminder,9.0,0,9,1,266,39,11,319,46
Female,53,45-54,Specialist Consultation,Friday,Morning,55,3,0,Yes,SMS,3.1,0,12,5,363,52,2,52,8
Male,37,35-44,Diagnostic Test,Sunday,Afternoon,58,3,1,Yes,SMS,5.4,1,10,4,297,43,12,355,51
Female,24,18-24,Specialist Consultation,Wednesday,Afternoon,21,5,2,Yes,WhatsApp,25.1,0,11,2,323,47,12,344,50
Male,45,45-54,Follow-up,Sunday,Morning,13,4,1,Yes,SMS,18.9,1,2,0,34,6,2,47,7
Male,34,25-34,Follow-up,Wednesday,Afternoon,35,3,1,Yes,SMS,4.4,0,1,2,14,3,2,49,8
Male,52,45-54,Follow-up,Saturday,Morning,56,1,0,Yes,WhatsApp,21.5,0,6,5,172,25,8,228,33
Female,20,18-24,General Consultation,Saturday,Morning,25,2,0,Yes,SMS,5.6,0,9,1,245,36,9,270,39
Male,58,55-64,Diagnostic Test,Sunday,Afternoon,43,2,0,Yes,WhatsApp,15.1,1,3,5,60,9,4,103,15
Female,25,25-34,Follow-up,Saturday,Evening,21,3,0,Yes,WhatsApp,22.4,0,12,5,340,49,12,361,52
Male,31,25-34,Diagnostic Test,Thursday,Afternoon,20,5,0,No,No Reminder,16.9,0,2,4,59,9,3,79,12
Female,67,65+,General Consultation,Tuesday,Morning,3,4,0,Yes,Email,1.9,0,1,5,3,1,1,6,2
Male,75,65+,General Consultation,Wednesday,Morning,17,1,0,Yes,WhatsApp,12.9,0,2,6,40,6,2,57,9
Female,49,45-54,General Consultation,Sunday,Morning,40,1,0,Yes,WhatsApp,17.6,1,2,1,56,9,4,96,14
Female,79,65+,Follow-up,Monday,Morning,14,4,0,No,No Reminder,3.8,0,11,0,307,45,11,321,47
Male,29,25-34,General Consultation,Tuesday,Afternoon,60,5,1,Yes,SMS,9.8,0,1,4,9,2,3,69,11
Female,36,35-44,Diagnostic Test,Friday,Afternoon,5,7,0,No,No Reminder,4.2,0,3,6,89,13,4,94,14
Male,76,65+,General Consultation,Friday,Morning,35,0,0,Yes,WhatsApp,11.3,0,5,4,129,19,6,164,24
Female,29,25-34,General Consultation,Thursday,Afternoon,30,8,3,Yes,WhatsApp,7.5,0,4,1,111,17,5,141,21
Female,59,55-64,Follow-up,Thursday,Afternoon,50,3,1,No,No Reminder,8.9,0,5,2,126,19,6,176,26
Female,31,25-34,General Consultation,Friday,Morning,54,3,1,Yes,SMS,17.7,0,9,6,264,38,11,318,46
Male,48,45-54,General Consultation,Wednesday,Morning,38,3,0,Yes,SMS,7.0,0,6,6,152,22,7,190,28
Male,79,65+,General Consultation,Tuesday,Afternoon,11,1,0,Yes,WhatsApp,6.4,0,5,4,150,22,6,161,24
Female,49,45-54,General Consultation,Monday,Morning,26,5,2,Yes,SMS,4.8,0,12,2,353,51,1,13,3
Male,51,45-54,General Consultation,Monday,Afternoon,14,2,1,Yes,WhatsApp,15.3,0,3,0,69,11,3,83,13
Female,20,18-24,Follow-up,Sunday,Morning,12,0,0,Yes,SMS,13.6,1,9,1,252,37,9,264,38
Female,32,25-34,Specialist Consultation,Wednesday,Morning,50,3,1,No,No Reminder,3.0,0,1,1,13,3,3,63,10
Female,39,35-44,General Consultation,Wednesday,Afternoon,23,3,1,Yes,WhatsApp,21.1,0,1,0,13,3,2,36,6
Female,71,65+,Specialist Consultation,Saturday,Afternoon,12,6,2,Yes,SMS,11.6,0,2,0,34,6,2,46,7
Female,20,18-24,Follow-up,Friday,Afternoon,50,8,1,Yes,SMS,23.9,0,11,3,317,46,1,2,1
Male,53,45-54,General Consultation,Thursday,Afternoon,46,1,0,Yes,SMS,13.7,0,8,6,222,32,9,268,39
Female,53,45-54,General Consultation,Friday,Afternoon,60,3,1,Yes,WhatsApp,0.7,0,6,0,181,27,8,241,35
Female,38,35-44,Diagnostic Test,Thursday,Morning,35,1,1,Yes,SMS,8.7,0,4,3,113,17,5,148,22
Female,76,65+,Specialist Consultation,Sunday,Afternoon,52,3,0,Yes,SMS,8.9,1,9,3,261,38,11,313,45
Male,34,25-34,Follow-up,Friday,Afternoon,16,4,0,Yes,SMS,1.6,0,10,2,281,41,10,297,43
Female,38,35-44,General Consultation,Tuesday,Morning,17,2,0,Yes,SMS,3.6,0,8,5,242,35,9,259,38
Female,70,65+,Follow-up,Monday,Morning,53,1,0,Yes,WhatsApp,26.3,0,4,3,93,14,5,146,22
Female,22,18-24,General Consultation,Friday,Afternoon,20,4,0,Yes,SMS,9.0,0,5,5,136,20,6,156,23
Female,74,65+,General Consultation,Tuesday,Morning,44,6,1,Yes,SMS,10.0,0,5,6,138,20,7,182,27
Male,66,65+,Follow-up,Saturday,Morning,56,1,0,Yes,Email,7.7,0,8,5,242,35,10,298,43
Male,54,45-54,General Consultation,Thursday,Evening,0,1,1,No,No Reminder,4.4,0,4,3,99,15,4,99,15
Female,74,65+,Specialist Consultation,Thursday,Morning,40,5,3,Yes,WhatsApp,4.8,0,7,5,200,29,8,240,35
Female,66,65+,General Consultation,Thursday,Afternoon,10,1,0,No,No Reminder,26.4,0,5,0,146,22,6,156,23
Male,35,35-44,General Consultation,Sunday,Afternoon,51,1,0,Yes,WhatsApp,7.9,1,11,4,327,47,1,12,2
Male,21,18-24,General Consultation,Friday,Evening,4,3,0,Yes,Email,5.7,0,7,0,195,29,7,199,29
Male,59,55-64,Specialist Consultation,Saturday,Afternoon,60,6,1,Yes,WhatsApp,17.0,0,1,1,27,5,3,87,13
Female,27,25-34,General Consultation,Monday,Morning,10,3,1,Yes,SMS,7.0,0,12,4,362,52,1,6,2
Male,23,18-24,Follow-up,Tuesday,Morning,25,4,1,Yes,Email,3.1,0,4,4,100,15,5,125,19
Male,31,25-34,General Consultation,Thursday,Evening,45,1,0,Yes,Email,10.7,0,9,0,258,38,10,303,44
Male,21,18-24,General Consultation,Saturday,Morning,27,4,0,No,No Reminder,14.3,0,2,6,33,5,3,60,9
Male,40,35-44,General Consultation,Tuesday,Afternoon,55,1,0,No,No Reminder,7.1,0,11,2,309,45,12,364,1
Male,18,18-24,Follow-up,Saturday,Afternoon,56,3,0,No,No Reminder,4.9,0,11,5,312,45,1,3,1
Female,44,35-44,Specialist Consultation,Thursday,Morning,12,4,0,Yes,Email,4.2,0,2,5,53,8,3,65,10
Female,38,35-44,General Consultation,Tuesday,Morning,24,3,1,Yes,Email,15.2,0,5,5,130,19,6,154,23
Male,51,45-54,Follow-up,Wednesday,Morning,24,3,1,Yes,WhatsApp,5.7,0,4,6,110,16,5,134,20
Male,37,35-44,Follow-up,Tuesday,Evening,32,5,0,No,No Reminder,18.7,0,1,4,2,1,2,34,6
Female,46,45-54,Follow-up,Sunday,Afternoon,6,2,1,Yes,Email,8.9,1,1,0,26,5,2,32,5
Female,22,18-24,Diagnostic Test,Thursday,Morning,46,3,0,Yes,WhatsApp,11.5,0,4,6,102,15,5,148,22
Female,37,35-44,Follow-up,Tuesday,Afternoon,13,2,1,Yes,Email,5.8,0,2,2,42,7,2,55,9
Female,80,65+,Follow-up,Friday,Morning,51,2,0,Yes,Email,19.0,0,1,2,8,2,2,59,9
Female,48,45-54,General Consultation,Tuesday,Morning,42,1,1,Yes,Email,14.2,0,10,1,294,43,12,336,49
Male,25,25-34,General Consultation,Tuesday,Afternoon,24,2,0,No,No Reminder,7.4,0,4,5,102,15,5,126,19
Female,72,65+,Specialist Consultation,Saturday,Evening,34,4,0,Yes,SMS,13.1,0,4,6,96,14,5,130,19
Female,44,35-44,General Consultation,Tuesday,Morning,15,2,0,Yes,WhatsApp,5.6,0,1,0,6,2,1,21,4
Female,58,55-64,General Consultation,Thursday,Morning,29,1,0,Yes,WhatsApp,23.4,0,10,2,274,40,10,303,44
Female,64,55-64,Follow-up,Tuesday,Afternoon,49,2,1,Yes,SMS,3.3,0,6,1,154,23,7,203,30
Male,49,45-54,General Consultation,Thursday,Morning,23,3,1,No,No Reminder,8.1,0,5,1,147,22,6,170,25
Female,41,35-44,Follow-up,Monday,Morning,54,2,0,Yes,SMS,22.1,0,2,2,35,6,3,89,14
Male,36,35-44,Follow-up,Tuesday,Morning,37,3,0,Yes,SMS,8.9,0,8,6,215,31,9,252,37
Male,65,65+,General Consultation,Wednesday,Morning,4,2,0,Yes,SMS,3.9,0,3,5,73,11,3,77,12
Female,33,25-34,General Consultation,Wednesday,Evening,45,4,0,Yes,Email,7.8,0,4,6,116,17,6,161,24
Female,25,25-34,Specialist Consultation,Monday,Morning,35,2,0,Yes,SMS,19.9,0,5,0,139,21,6,174,26
Female,73,65+,Specialist Consultation,Monday,Afternoon,23,5,4,Yes,SMS,5.6,0,3,5,88,13,4,111,17
Male,38,35-44,General Consultation,Friday,Evening,28,2,0,No,No Reminder,20.2,0,5,4,128,19,6,156,23
Female,63,55-64,General Consultation,Sunday,Morning,37,5,2,Yes,WhatsApp,33.4,1,5,4,122,18,6,159,23
Male,57,55-64,Follow-up,Thursday,Morning,27,2,0,Yes,WhatsApp,4.6,0,9,4,255,37,10,282,41
Female,70,65+,General Consultation,Tuesday,Afternoon,24,3,0,No,No Reminder,8.3,0,4,5,116,17,5,140,21
Male,77,65+,Follow-up,Friday,Morning,30,5,1,No,No Reminder,7.2,0,5,2,147,22,6,177,26
Female,20,18-24,General Consultation,Wednesday,Afternoon,28,6,1,Yes,SMS,22.0,0,4,2,119,18,5,147,22
Female,64,55-64,General Consultation,Wednesday,Morning,18,5,0,No,No Reminder,15.5,0,3,5,81,12,4,99,15
Male,28,25-34,Specialist Consultation,Monday,Afternoon,35,7,1,Yes,Email,19.6,0,2,0,55,9,3,90,14
Female,74,65+,Follow-up,Sunday,Afternoon,13,2,0,No,No Reminder,16.9,1,10,0,279,41,10,292,42
Male,21,18-24,Specialist Consultation,Saturday,Evening,30,4,0,Yes,SMS,8.5,0,12,3,361,52,1,25,4
Female,33,25-34,Follow-up,Friday,Morning,7,2,0,Yes,WhatsApp,45.0,0,6,4,157,23,6,164,24
Female,30,25-34,Follow-up,Tuesday,Morning,28,5,3,Yes,Email,8.0,0,7,1,210,31,8,238,35
Male,56,55-64,General Consultation,Sunday,Evening,47,1,0,Yes,WhatsApp,11.4,1,4,1,118,18,6,165,24
Female,18,18-24,Specialist Consultation,Friday,Afternoon,49,1,0,Yes,SMS,26.5,0,5,4,128,19,6,177,26
Male,49,45-54,General Consultation,Saturday,Morning,45,7,5,Yes,SMS,9.6,0,3,2,77,12,5,122,18
Female,79,65+,Specialist Consultation,Wednesday,Afternoon,4,3,0,No,No Reminder,12.8,0,2,5,46,7,2,50,8
Male,46,45-54,Follow-up,Tuesday,Afternoon,39,8,2,Yes,SMS,6.7,0,2,4,58,9,4,97,15
Male,59,55-64,General Consultation,Saturday,Evening,48,4,0,No,No Reminder,11.4,0,3,6,74,11,5,122,18
Female,52,45-54,General Consultation,Friday,Morning,35,2,0,Yes,SMS,3.9,0,3,4,87,13,5,122,18
Male,42,35-44,Follow-up,Sunday,Morning,52,2,0,Yes,WhatsApp,5.2,1,3,3,71,11,5,123,18
Female,33,25-34,General Consultation,Sunday,Morning,5,1,0,No,No Reminder,9.6,1,9,1,252,37,9,257,37
Female,60,55-64,General Consultation,Sunday,Afternoon,35,4,0,Yes,WhatsApp,17.4,1,5,6,138,20,6,173,25
Male,39,35-44,Follow-up,Monday,Morning,40,2,0,No,No Reminder,4.6,0,12,2,339,49,1,13,3
Male,21,18-24,Follow-up,Thursday,Morning,17,6,0,No,No Reminder,6.7,0,2,0,40,7,2,57,9
Male,25,25-34,General Consultation,Thursday,Evening,47,3,0,Yes,WhatsApp,14.6,0,5,5,137,20,7,184,27
Male,72,65+,General Consultation,Sunday,Morning,45,3,0,Yes,Email,16.3,1,11,3,317,46,12,362,52
Female,38,35-44,General Consultation,Tuesday,Morning,21,2,0,Yes,SMS,15.8,0,7,1,203,30,8,224,33
Male,19,18-24,General Consultation,Thursday,Afternoon,14,5,0,Yes,SMS,4.9,0,7,3,191,28,7,205,30
Female,63,55-64,Follow-up,Wednesday,Morning,45,3,2,No,No Reminder,2.2,0,3,6,74,11,4,119,18
Female,51,45-54,General Consultation,Friday,Morning,40,6,0,Yes,SMS,9.5,0,1,6,12,2,2,52,8
Female,37,35-44,Diagnostic Test,Sunday,Afternoon,29,2,0,Yes,WhatsApp,11.1,1,6,5,179,26,7,208,30
Female,54,45-54,Diagnostic Test,Saturday,Morning,31,6,0,Yes,SMS,12.4,0,4,2,113,17,5,144,21
Female,56,55-64,General Consultation,Wednesday,Afternoon,57,3,1,No,No Reminder,6.9,0,3,1,90,14,5,147,22
Female,60,55-64,Specialist Consultation,Monday,Afternoon,23,4,1,Yes,SMS,6.1,0,4,5,109,16,5,132,20
Female,64,55-64,General Consultation,Saturday,Evening,3,3,1,Yes,Email,14.9,0,1,2,15,3,1,18,3
Female,25,25-34,General Consultation,Sunday,Afternoon,53,0,0,Yes,SMS,3.9,1,1,2,15,3,3,68,10
Male,28,25-34,General Consultation,Thursday,Morning,14,4,2,No,No Reminder,25.4,0,1,3,23,4,2,37,6
Male,25,25-34,Specialist Consultation,Saturday,Evening,30,2,0,Yes,WhatsApp,8.6,0,4,3,92,14,5,122,18
Female,73,65+,Follow-up,Tuesday,Afternoon,53,3,0,Yes,WhatsApp,7.5,0,1,4,31,5,3,84,13
Female,24,18-24,Follow-up,Thursday,Afternoon,10,2,0,Yes,SMS,15.2,0,2,0,33,6,2,43,7
Female,79,65+,Diagnostic Test,Tuesday,Afternoon,10,1,1,Yes,SMS,9.2,0,3,5,88,13,4,98,15
Male,60,55-64,General Consultation,Sunday,Morning,48,2,0,Yes,SMS,6.3,1,6,0,153,23,7,201,29
Female,45,45-54,General Consultation,Monday,Morning,49,2,0,Yes,SMS,14.7,0,10,0,279,41,11,328,48
Female,34,25-34,General Consultation,Thursday,Afternoon,33,4,1,Yes,SMS,5.5,0,12,5,361,52,1,29,5
Female,65,65+,General Consultation,Friday,Afternoon,23,3,0,Yes,SMS,19.7,0,3,2,85,13,4,108,16
Male,31,25-34,Diagnostic Test,Tuesday,Afternoon,57,3,0,Yes,SMS,5.3,0,4,0,97,15,6,154,23
Female,52,45-54,General Consultation,Thursday,Morning,53,4,1,Yes,SMS,3.4,0,4,6,117,17,6,170,25
Female,80,65+,General Consultation,Monday,Morning,51,1,0,Yes,SMS,7.2,0,5,5,129,19,6,180,27
Female,34,25-34,Follow-up,Sunday,Afternoon,42,6,0,Yes,SMS,6.5,1,1,6,18,3,3,60,9
Male,61,55-64,Diagnostic Test,Tuesday,Afternoon,41,4,1,Yes,SMS,11.2,0,5,2,134,20,6,175,26
Male,70,65+,Diagnostic Test,Tuesday,Morning,1,2,0,Yes,SMS,10.9,0,9,0,272,40,9,273,40
Female,28,25-34,General Consultation,Wednesday,Evening,23,1,0,Yes,SMS,7.1,0,9,0,251,37,10,274,40
Male,36,35-44,Follow-up,Monday,Afternoon,44,2,1,Yes,WhatsApp,9.2,0,7,5,193,28,8,237,35
Male,46,45-54,Specialist Consultation,Thursday,Afternoon,49,2,0,No,No Reminder,3.9,0,1,3,30,5,3,79,12
Male,41,35-44,Follow-up,Tuesday,Morning,34,3,0,Yes,Email,8.8,0,4,2,112,17,5,146,22
Male,28,25-34,General Consultation,Wednesday,Morning,43,4,0,Yes,WhatsApp,5.4,0,11,1,331,48,1,8,2
Male,19,18-24,General Consultation,Tuesday,Morning,28,2,0,Yes,Email,13.1,0,4,1,98,15,5,126,19
Female,79,65+,General Consultation,Monday,Morning,30,1,1,No,No Reminder,4.7,0,5,5,123,18,6,153,23
Prefer not to say,21,18-24,Specialist Consultation,Thursday,Evening,54,2,0,Yes,SMS,11.0,0,1,5,18,3,3,72,11
Female,39,35-44,Diagnostic Test,Friday,Morning,18,6,0,Yes,SMS,4.7,0,12,0,358,52,1,10,2
Female,76,65+,Diagnostic Test,Tuesday,Evening,14,3,0,Yes,SMS,8.6,0,12,1,357,52,1,6,2
Female,27,25-34,Diagnostic Test,Sunday,Afternoon,21,3,0,Yes,SMS,31.1,1,5,6,144,21,6,165,24
Female,22,18-24,General Consultation,Saturday,Afternoon,10,3,1,Yes,SMS,17.0,0,2,2,57,9,3,67,10
Male,64,55-64,Diagnostic Test,Wednesday,Morning,34,4,2,No,No Reminder,23.7,0,5,3,128,19,6,162,24
Female,74,65+,Follow-up,Friday,Afternoon,48,2,0,Yes,SMS,8.4,0,4,5,94,14,5,142,21
Male,46,45-54,General Consultation,Thursday,Evening,59,4,0,No,No Reminder,15.2,0,11,0,321,47,1,15,3
Female,78,65+,General Consultation,Sunday,Morning,15,2,2,No,No Reminder,2.5,1,4,5,95,14,4,110,16
Female,66,65+,General Consultation,Friday,Afternoon,50,4,3,Yes,SMS,7.5,0,2,3,57,9,4,107,16
Male,75,65+,Follow-up,Monday,Morning,8,4,1,No,No Reminder,18.6,0,3,6,67,10,3,75,12
Male,43,35-44,Follow-up,Monday,Afternoon,52,3,1,Yes,SMS,7.6,0,12,4,339,49,1,26,5
Female,54,45-54,General Consultation,Sunday,Afternoon,58,1,0,No,No Reminder,23.6,1,12,4,355,51,2,47,7
Female,33,25-34,General Consultation,Friday,Afternoon,20,3,2,Yes,SMS,13.6,0,3,5,66,10,3,86,13
Female,56,55-64,Follow-up,Monday,Evening,32,2,0,No,No Reminder,14.9,0,7,3,205,30,8,237,35
Female,20,18-24,General Consultation,Sunday,Morning,60,1,0,No,No Reminder,8.0,1,1,2,8,2,3,68,10
Female,39,35-44,General Consultation,Thursday,Morning,24,6,0,Yes,SMS,4.2,0,10,0,286,42,11,310,45
Male,36,35-44,General Consultation,Friday,Morning,0,2,0,Yes,Email,12.0,0,5,4,142,21,5,142,21
Female,22,18-24,General Consultation,Friday,Afternoon,25,3,1,Yes,Email,8.8,0,1,0,20,4,2,45,7
Male,25,25-34,Follow-up,Wednesday,Morning,33,4,0,Yes,SMS,8.4,0,7,4,185,27,8,218,32
Male,49,45-54,General Consultation,Tuesday,Afternoon,31,1,0,Yes,Email,12.7,0,5,5,136,20,6,167,25
Female,24,18-24,General Consultation,Saturday,Morning,31,1,0,Yes,WhatsApp,2.6,0,5,2,134,20,6,165,24
Female,39,35-44,Follow-up,Friday,Afternoon,56,5,1,Yes,Email,5.7,0,1,4,17,3,3,73,11
Female,53,45-54,Follow-up,Wednesday,Afternoon,49,4,1,No,No Reminder,8.7,0,8,2,218,32,9,267,39
Male,24,18-24,General Consultation,Saturday,Afternoon,25,4,0,Yes,SMS,3.3,0,5,1,132,20,6,157,23
Male,48,45-54,Diagnostic Test,Friday,Afternoon,10,5,2,No,No Reminder,12.9,0,5,1,147,22,6,157,23
Male,68,65+,Follow-up,Tuesday,Morning,15,2,0,Yes,WhatsApp,13.8,0,5,0,145,22,6,160,24
Female,76,65+,Diagnostic Test,Tuesday,Morning,51,3,1,Yes,SMS,17.4,0,8,6,222,32,9,273,40
Female,26,25-34,General Consultation,Tuesday,Afternoon,47,1,0,Yes,WhatsApp,10.0,0,11,3,333,48,1,14,3
Prefer not to say,21,18-24,Specialist Consultation,Saturday,Evening,18,5,1,Yes,SMS,23.9,0,11,1,308,45,11,326,47
Female,18,18-24,Follow-up,Friday,Morning,8,2,0,Yes,SMS,13.1,0,10,3,296,43,10,304,44
Male,40,35-44,General Consultation,Saturday,Morning,9,1,1,No,No Reminder,8.3,0,3,3,72,11,3,81,12
Male,30,25-34,General Consultation,Saturday,Morning,24,1,0,Yes,WhatsApp,2.8,0,11,2,323,47,12,347,50
Male,23,18-24,General Consultation,Sunday,Evening,31,6,1,Yes,SMS,11.4,1,3,3,64,10,4,95,14
Male,32,25-34,Diagnostic Test,Thursday,Afternoon,54,4,0,Yes,Email,16.0,0,1,5,4,1,2,58,9
Male,68,65+,General Consultation,Tuesday,Afternoon,0,3,0,Yes,Email,4.1,0,3,1,77,12,3,77,12
Female,19,18-24,Follow-up,Friday,Afternoon,43,3,0,Yes,SMS,23.3,0,1,3,1,1,2,44,7
Male,75,65+,Specialist Consultation,Sunday,Afternoon,18,1,1,Yes,SMS,5.8,1,7,2,211,31,8,229,33
Female,30,25-34,General Consultation,Saturday,Afternoon,12,5,1,Yes,SMS,16.8,0,12,0,358,52,1,4,1
Male,43,35-44,Specialist Consultation,Saturday,Morning,20,2,0,No,No Reminder,4.8,0,11,6,306,44,11,326,47
Female,65,65+,General Consultation,Thursday,Morning,33,5,1,Yes,WhatsApp,4.9,0,3,5,67,10,4,100,15
Female,62,55-64,General Consultation,Monday,Morning,16,4,1,No,No Reminder,3.2,0,5,5,129,19,5,145,22
Male,55,55-64,Follow-up,Sunday,Morning,36,2,1,No,No Reminder,4.0,1,1,5,3,1,2,39,6
Male,57,55-64,General Consultation,Monday,Morning,28,2,0,No,No Reminder,1.2,0,2,0,47,8,3,75,12
Male,29,25-34,General Consultation,Saturday,Afternoon,11,2,1,Yes,WhatsApp,26.8,0,9,1,245,36,9,256,37
Male,45,45-54,Diagnostic Test,Friday,Afternoon,43,3,0,Yes,Email,6.3,0,11,3,333,48,1,10,2
Male,58,55-64,Diagnostic Test,Monday,Morning,5,2,1,Yes,SMS,8.2,0,12,2,358,52,12,363,1
Female,53,45-54,Follow-up,Saturday,Afternoon,35,1,0,Yes,SMS,6.8,0,1,5,25,4,3,60,9
Prefer not to say,35,35-44,General Consultation,Saturday,Morning,60,1,0,Yes,SMS,12.1,0,4,1,98,15,6,158,23
Male,26,25-34,Diagnostic Test,Sunday,Morning,5,4,0,Yes,SMS,15.5,1,3,1,83,13,3,88,13
Male,79,65+,Diagnostic Test,Saturday,Afternoon,18,3,0,Yes,SMS,5.1,0,4,1,119,18,5,137,20
Male,36,35-44,Diagnostic Test,Thursday,Afternoon,51,2,0,Yes,SMS,3.9,0,1,1,20,4,3,71,11
Male,24,18-24,Specialist Consultation,Wednesday,Morning,32,1,0,Yes,SMS,5.9,0,8,5,221,32,9,253,37
Female,37,35-44,General Consultation,Thursday,Afternoon,10,3,0,No,No Reminder,5.2,0,4,0,118,18,5,128,19
Female,74,65+,Diagnostic Test,Wednesday,Evening,13,6,2,Yes,WhatsApp,12.3,0,6,3,170,25,7,183,27
Female,34,25-34,Diagnostic Test,Friday,Morning,46,6,1,Yes,SMS,8.7,0,9,0,244,36,10,290,42
Female,72,65+,Follow-up,Monday,Afternoon,28,1,0,Yes,WhatsApp,1.8,0,4,0,117,18,5,145,22
Female,59,55-64,Diagnostic Test,Sunday,Morning,47,2,0,No,No Reminder,13.7,1,3,1,62,10,4,109,16
Male,20,18-24,General Consultation,Monday,Morning,10,2,1,Yes,WhatsApp,5.1,0,2,4,37,6,2,47,8
Female,50,45-54,Specialist Consultation,Wednesday,Morning,12,1,0,Yes,Email,6.7,0,11,4,318,46,11,330,48
Female,44,35-44,General Consultation,Sunday,Afternoon,47,9,2,Yes,WhatsApp,11.3,1,4,1,112,17,6,159,23
Female,30,25-34,General Consultation,Thursday,Morning,11,5,0,Yes,SMS,0.8,0,8,6,215,31,8,226,33
Male,52,45-54,General Consultation,Thursday,Evening,47,2,0,Yes,Email,11.4,0,1,5,18,3,3,65,10
Male,24,18-24,Follow-up,Thursday,Morning,30,1,0,Yes,SMS,15.0,0,6,1,175,26,7,205,30
Female,69,65+,Diagnostic Test,Thursday,Afternoon,2,3,0,Yes,Email,4.8,0,8,1,231,34,8,233,34
Female,23,18-24,Follow-up,Tuesday,Morning,57,5,1,Yes,WhatsApp,13.7,0,1,0,6,2,3,63,10
Male,48,45-54,Diagnostic Test,Monday,Afternoon,13,5,1,Yes,Email,16.2,0,12,1,343,50,12,356,52
Prefer not to say,59,55-64,General Consultation,Wednesday,Afternoon,2,2,0,Yes,WhatsApp,15.8,0,6,0,159,24,6,161,24
Female,21,18-24,General Consultation,Sunday,Afternoon,44,3,0,Yes,SMS,8.7,1,3,4,65,10,4,109,16
Male,42,35-44,Specialist Consultation,Friday,Morning,32,2,0,Yes,Email,18.2,0,4,0,118,18,5,150,22
Male,34,25-34,Specialist Consultation,Friday,Afternoon,51,3,0,Yes,SMS,30.3,0,7,2,197,29,9,248,36
Male,20,18-24,Follow-up,Friday,Afternoon,6,2,1,Yes,SMS,8.4,0,10,5,284,41,10,290,42
Female,65,65+,Follow-up,Saturday,Morning,53,5,0,No,No Reminder,6.3,0,3,1,77,12,5,130,19
Male,73,65+,Specialist Consultation,Thursday,Afternoon,48,4,0,Yes,SMS,24.3,0,12,4,360,52,2,43,7
Female,80,65+,Follow-up,Sunday,Evening,55,4,0,Yes,Email,7.0,1,2,0,40,7,4,95,14
Female,55,55-64,General Consultation,Sunday,Morning,53,3,0,No,No Reminder,6.8,1,1,2,28,5,3,81,12
Male,44,35-44,General Consultation,Thursday,Morning,42,3,0,Yes,SMS,11.1,0,1,3,16,3,2,58,9
Female,44,35-44,Specialist Consultation,Thursday,Morning,41,3,1,Yes,WhatsApp,19.9,0,12,4,362,52,2,37,6
Male,50,45-54,General Consultation,Wednesday,Morning,34,3,1,No,No Reminder,3.9,0,8,3,226,33,9,260,38
Male,30,25-34,Follow-up,Friday,Morning,32,3,0,No,No Reminder,19.5,0,10,0,293,43,11,325,47
Male,80,65+,General Consultation,Tuesday,Evening,26,4,2,Yes,SMS,4.6,0,6,3,170,25,7,196,29
Male,59,55-64,General Consultation,Friday,Morning,39,0,0,No,No Reminder,3.8,0,2,0,41,7,3,80,12
Male,54,45-54,General Consultation,Friday,Morning,56,2,1,Yes,WhatsApp,4.2,0,1,4,30,5,3,86,13
Male,43,35-44,General Consultation,Tuesday,Morning,37,3,0,Yes,SMS,11.1,0,5,6,138,20,6,175,26
Male,27,25-34,Follow-up,Thursday,Morning,6,4,1,No,No Reminder,5.7,0,6,4,164,24,6,170,25
Male,73,65+,General Consultation,Wednesday,Morning,35,0,0,No,No Reminder,15.2,0,4,2,105,16,5,140,21
Female,73,65+,Specialist Consultation,Thursday,Afternoon,19,2,0,Yes,Email,12.3,0,3,5,60,9,3,79,12
Male,70,65+,Diagnostic Test,Friday,Morning,1,7,1,Yes,SMS,13.0,0,5,3,134,20,5,135,20
Male,41,35-44,Follow-up,Monday,Morning,4,1,1,Yes,SMS,10.4,0,5,3,134,20,5,138,21
Female,34,25-34,Follow-up,Sunday,Morning,36,2,0,Yes,WhatsApp,10.2,1,10,5,291,42,11,327,47
Male,21,18-24,General Consultation,Tuesday,Morning,57,3,0,Yes,SMS,5.4,0,2,0,34,6,4,91,14
Female,64,55-64,Follow-up,Thursday,Morning,30,1,0,No,No Reminder,5.9,0,2,1,56,9,3,86,13
Male,38,35-44,General Consultation,Thursday,Morning,27,2,0,No,No Reminder,6.1,0,5,4,129,19,6,156,23
Female,74,65+,General Consultation,Wednesday,Morning,5,4,0,Yes,WhatsApp,14.4,0,11,4,311,45,11,316,46
Female,72,65+,Specialist Consultation,Tuesday,Afternoon,41,2,1,Yes,WhatsApp,11.0,0,2,2,43,7,3,84,13
Male,26,25-34,Follow-up,Saturday,Evening,3,2,0,Yes,SMS,6.0,0,9,2,246,36,9,249,36
Male,26,25-34,General Consultation,Wednesday,Morning,49,1,0,No,No Reminder,19.1,0,9,2,246,36,10,295,43
Male,48,45-54,Specialist Consultation,Sunday,Evening,60,5,1,Yes,Email,0.5,1,11,2,318,46,1,12,2
Female,47,45-54,General Consultation,Friday,Evening,17,3,0,No,No Reminder,8.1,0,1,1,6,2,1,23,4
Male,59,55-64,Specialist Consultation,Thursday,Morning,18,3,0,Yes,SMS,5.7,0,3,6,89,13,4,107,16
Female,73,65+,Follow-up,Sunday,Afternoon,48,4,0,No,No Reminder,2.8,1,2,0,48,8,4,96,14
Male,55,55-64,Diagnostic Test,Monday,Evening,13,6,0,Yes,SMS,5.4,0,3,1,76,12,3,89,14
Female,69,65+,General Consultation,Thursday,Afternoon,54,3,1,Yes,SMS,4.7,0,12,5,342,49,1,30,5
Female,71,65+,Specialist Consultation,Saturday,Afternoon,9,1,0,Yes,WhatsApp,9.2,0,8,3,226,33,8,235,34
Male,72,65+,Diagnostic Test,Wednesday,Afternoon,2,3,0,Yes,SMS,5.0,0,11,0,321,47,11,323,47
Male,43,35-44,Follow-up,Thursday,Evening,13,5,1,Yes,SMS,8.9,0,9,4,269,39,10,282,41
Male,42,35-44,Follow-up,Wednesday,Morning,45,1,0,Yes,SMS,22.1,0,11,6,327,47,1,7,2
Male,80,65+,General Consultation,Sunday,Morning,36,4,0,Yes,Email,4.0,1,2,5,38,6,3,74,11
Female,65,65+,Specialist Consultation,Sunday,Afternoon,21,4,1,Yes,Email,16.0,1,7,6,194,28,8,215,31
Prefer not to say,75,65+,Diagnostic Test,Sunday,Morning,40,4,1,Yes,WhatsApp,7.6,1,2,1,48,8,3,88,13
Female,54,45-54,Specialist Consultation,Monday,Morning,39,1,0,No,No Reminder,1.2,0,5,3,135,20,6,174,26
Female,76,65+,Diagnostic Test,Monday,Morning,33,3,0,No,No Reminder,15.3,0,5,2,140,21,6,173,26
Female,63,55-64,Follow-up,Friday,Morning,31,3,0,No,No Reminder,15.1,0,9,1,245,36,10,276,40
Female,64,55-64,Follow-up,Friday,Morning,6,2,0,Yes,Email,3.9,0,1,5,31,5,2,37,6
Female,29,25-34,General Consultation,Thursday,Afternoon,15,3,0,Yes,SMS,11.1,0,4,2,98,15,4,113,17
Male,64,55-64,Diagnostic Test,Friday,Afternoon,8,3,0,No,No Reminder,9.8,0,4,3,92,14,4,100,15
Male,65,65+,Follow-up,Monday,Morning,29,2,1,Yes,WhatsApp,5.3,0,9,6,264,38,10,293,43
Female,78,65+,General Consultation,Friday,Evening,7,1,1,No,No Reminder,4.2,0,1,4,17,3,1,24,4
Male,38,35-44,Follow-up,Saturday,Afternoon,48,5,0,No,No Reminder,3.5,0,8,6,222,32,9,270,39
Female,37,35-44,Specialist Consultation,Thursday,Evening,6,4,1,Yes,WhatsApp,17.9,0,4,4,94,14,4,100,15
Male,79,65+,Diagnostic Test,Friday,Morning,5,3,0,Yes,WhatsApp,4.0,0,4,6,116,17,5,121,18
Male,80,65+,General Consultation,Saturday,Morning,38,4,1,Yes,SMS,11.0,0,4,2,92,14,5,130,19
Female,29,25-34,General Consultation,Monday,Afternoon,13,2,1,Yes,WhatsApp,4.0,0,4,1,112,17,5,125,19
Male,77,65+,General Consultation,Wednesday,Morning,19,2,0,Yes,SMS,4.0,0,11,4,332,48,12,351,51
Male,67,65+,Follow-up,Wednesday,Afternoon,46,2,0,Yes,SMS,19.7,0,4,5,108,16,6,154,23
Female,29,25-34,General Consultation,Wednesday,Afternoon,14,2,1,Yes,WhatsApp,3.2,0,5,2,141,21,6,155,23
Female,67,65+,Follow-up,Monday,Morning,41,3,1,Yes,SMS,8.0,0,12,1,352,51,1,27,5
Female,56,55-64,Diagnostic Test,Saturday,Morning,43,2,0,Yes,SMS,4.5,0,11,4,327,47,1,4,1
Male,52,45-54,Follow-up,Wednesday,Afternoon,32,0,0,Yes,SMS,33.9,0,6,5,172,25,7,204,30
Female,71,65+,General Consultation,Thursday,Afternoon,35,2,1,No,No Reminder,1.9,0,4,3,106,16,5,141,21
Prefer not to say,56,55-64,Diagnostic Test,Tuesday,Evening,23,2,0,Yes,WhatsApp,13.8,0,2,6,33,5,2,56,9
Male,64,55-64,General Consultation,Thursday,Morning,32,7,2,Yes,SMS,5.1,0,1,6,19,3,2,51,8
Male,38,35-44,Follow-up,Wednesday,Morning,50,1,0,Yes,SMS,8.7,0,2,1,41,7,4,91,14
Male,57,55-64,General Consultation,Friday,Morning,43,3,0,Yes,SMS,9.3,0,1,3,16,3,2,59,9
Male,52,45-54,General Consultation,Saturday,Afternoon,28,3,1,No,No Reminder,14.1,0,7,5,193,28,8,221,32
Female,72,65+,Specialist Consultation,Wednesday,Afternoon,45,2,0,No,No Reminder,3.8,0,4,6,95,14,5,140,21
Male,60,55-64,General Consultation,Monday,Morning,60,4,1,No,No Reminder,13.5,0,12,3,361,52,2,55,9
Female,66,65+,General Consultation,Monday,Afternoon,51,3,0,Yes,SMS,5.1,0,2,5,45,7,4,96,15
Male,80,65+,General Consultation,Saturday,Morning,4,2,0,Yes,WhatsApp,7.7,0,3,1,69,11,3,73,11
Male,54,45-54,General Consultation,Friday,Afternoon,35,2,1,Yes,WhatsApp,23.9,0,4,4,93,14,5,128,19
Female,35,35-44,General Consultation,Sunday,Afternoon,32,2,0,Yes,SMS,11.0,1,4,2,99,15,5,131,19
Female,80,65+,Diagnostic Test,Friday,Afternoon,38,4,0,Yes,WhatsApp,8.6,0,5,1,132,20,6,170,25
Female,58,55-64,General Consultation,Wednesday,Morning,51,5,1,Yes,WhatsApp,3.9,0,5,0,125,19,6,176,26
Female,33,25-34,Specialist Consultation,Saturday,Afternoon,21,4,0,No,No Reminder,16.3,0,2,5,52,8,3,73,11
Male,34,25-34,Follow-up,Monday,Morning,41,2,0,Yes,WhatsApp,6.2,0,1,1,20,4,3,61,10
Female,23,18-24,Diagnostic Test,Wednesday,Morning,46,1,0,Yes,SMS,3.4,0,11,5,305,44,12,351,51
Female,64,55-64,General Consultation,Wednesday,Morning,20,2,0,Yes,SMS,12.1,0,11,3,317,46,12,337,49
Male,52,45-54,General Consultation,Monday,Morning,60,4,0,Yes,WhatsApp,1.8,0,1,3,1,1,3,61,10
Female,22,18-24,Specialist Consultation,Sunday,Morning,0,3,0,No,No Reminder,12.4,1,2,6,39,6,2,39,6
Female,56,55-64,Specialist Consultation,Saturday,Afternoon,30,7,1,Yes,SMS,2.0,0,2,3,44,7,3,74,11
Female,65,65+,Follow-up,Saturday,Morning,37,0,0,Yes,SMS,7.3,0,2,3,50,8,3,87,13
Male,63,55-64,General Consultation,Monday,Afternoon,3,4,0,Yes,Email,16.6,0,10,4,290,42,10,293,43
Female,51,45-54,General Consultation,Thursday,Afternoon,27,1,0,Yes,WhatsApp,1.5,0,5,4,150,22,6,177,26
Female,39,35-44,Specialist Consultation,Wednesday,Morning,36,4,0,Yes,Email,19.1,0,9,1,245,36,10,281,41
Male,28,25-34,Follow-up,Friday,Afternoon,37,2,0,Yes,SMS,5.4,0,5,2,126,19,6,163,24
Male,18,18-24,Follow-up,Tuesday,Morning,7,3,2,Yes,WhatsApp,7.6,0,4,1,97,15,4,104,16
Male,40,35-44,General Consultation,Wednesday,Morning,16,1,0,Yes,SMS,5.4,0,3,0,75,12,4,91,14
Male,57,55-64,General Consultation,Wednesday,Morning,14,3,1,No,No Reminder,5.9,0,8,2,239,35,9,253,37
Female,54,45-54,General Consultation,Saturday,Morning,34,0,0,Yes,SMS,13.2,0,12,6,341,49,1,10,2
Female,36,35-44,Diagnostic Test,Tuesday,Afternoon,44,1,0,No,No Reminder,3.9,0,11,6,306,44,12,350,51
Female,78,65+,Follow-up,Saturday,Afternoon,48,3,1,Yes,WhatsApp,11.1,0,3,6,89,13,5,137,20
Female,29,25-34,General Consultation,Monday,Evening,11,1,0,Yes,Email,9.6,0,5,3,135,20,5,146,22
Female,78,65+,General Consultation,Monday,Afternoon,55,2,1,No,No Reminder,6.5,0,12,1,345,50,2,34,6
Male,35,35-44,Specialist Consultation,Tuesday,Afternoon,10,0,0,No,No Reminder,11.6,0,3,5,67,10,3,77,12
Male,41,35-44,General Consultation,Monday,Morning,1,8,2,Yes,SMS,7.5,0,8,6,236,34,8,237,35
Female,44,35-44,Follow-up,Thursday,Afternoon,2,1,0,Yes,SMS,14.4,0,9,1,259,38,9,261,38
Female,80,65+,Specialist Consultation,Tuesday,Morning,12,1,0,Yes,Email,4.4,0,3,3,79,12,4,91,14
Female,33,25-34,General Consultation,Saturday,Evening,53,1,0,No,No Reminder,13.5,0,6,1,175,26,8,228,33
Female,79,65+,Diagnostic Test,Wednesday,Evening,12,2,0,Yes,SMS,1.8,0,11,4,318,46,11,330,48
Male,39,35-44,General Consultation,Wednesday,Morning,42,5,1,Yes,Email,9.1,0,3,2,85,13,5,127,19
Female,35,35-44,General Consultation,Friday,Afternoon,25,2,0,Yes,SMS,8.3,0,6,0,160,24,7,185,27
Female,58,55-64,Follow-up,Sunday,Afternoon,2,2,0,Yes,WhatsApp,4.5,1,7,4,199,29,7,201,29
Male,39,35-44,Follow-up,Sunday,Morning,1,4,0,Yes,SMS,12.5,1,7,5,200,29,7,201,29
Male,26,25-34,Follow-up,Saturday,Afternoon,29,5,2,Yes,SMS,5.3,0,1,4,9,2,2,38,6
Female,42,35-44,Diagnostic Test,Saturday,Afternoon,34,5,1,Yes,WhatsApp,6.5,0,5,6,145,21,6,179,26
Female,52,45-54,Specialist Consultation,Monday,Morning,31,4,0,No,No Reminder,10.5,0,7,4,206,30,8,237,35
Male,22,18-24,General Consultation,Thursday,Morning,46,3,1,Yes,SMS,5.5,0,2,6,54,8,4,100,15
Female,20,18-24,Follow-up,Friday,Morning,15,2,1,Yes,SMS,6.8,0,4,3,114,17,5,129,19
Prefer not to say,43,35-44,General Consultation,Thursday,Morning,26,7,2,Yes,WhatsApp,13.9,0,5,5,137,20,6,163,24
Female,66,65+,Specialist Consultation,Monday,Morning,6,4,0,Yes,SMS,13.3,0,3,1,62,10,3,68,11
Female,38,35-44,General Consultation,Wednesday,Afternoon,56,2,0,Yes,WhatsApp,4.3,0,4,2,98,15,6,154,23
Male,49,45-54,General Consultation,Friday,Afternoon,45,3,0,Yes,SMS,8.8,0,11,1,322,47,1,2,1
Female,23,18-24,General Consultation,Saturday,Morning,17,6,1,Yes,SMS,10.1,0,4,2,119,18,5,136,20
Female,72,65+,Follow-up,Sunday,Morning,3,4,1,Yes,WhatsApp,26.0,1,6,3,177,26,6,180,26
Male,40,35-44,General Consultation,Tuesday,Evening,53,1,0,Yes,SMS,4.9,0,7,4,199,29,9,252,37
Male,39,35-44,Specialist Consultation,Tuesday,Afternoon,59,2,0,Yes,SMS,10.3,0,4,5,101,15,6,160,24
Male,27,25-34,General Consultation,Thursday,Morning,59,5,1,Yes,SMS,7.7,0,2,0,40,7,4,99,15
Male,51,45-54,Follow-up,Thursday,Afternoon,56,0,0,Yes,SMS,8.1,0,7,3,212,31,9,268,39
Female,27,25-34,Follow-up,Tuesday,Afternoon,45,3,0,No,No Reminder,10.0,0,11,5,312,45,12,357,52
Female,76,65+,Follow-up,Monday,Morning,3,3,2,Yes,SMS,4.6,0,4,4,108,16,4,111,17
Female,55,55-64,Diagnostic Test,Monday,Afternoon,28,3,1,Yes,SMS,4.7,0,2,0,47,8,3,75,12
Female,33,25-34,Follow-up,Wednesday,Evening,14,2,0,Yes,Email,4.9,0,10,2,288,42,10,302,44
Female,76,65+,Diagnostic Test,Saturday,Afternoon,13,2,0,Yes,SMS,8.7,0,10,6,278,40,10,291,42
Male,66,65+,Specialist Consultation,Monday,Morning,50,3,0,No,No Reminder,12.6,0,1,6,4,1,2,54,9
Male,27,25-34,General Consultation,Sunday,Evening,31,0,0,Yes,SMS,4.6,1,1,3,9,2,2,40,6
Female,39,35-44,General Consultation,Saturday,Morning,44,4,0,Yes,SMS,11.8,0,4,3,114,17,6,158,23
Male,54,45-54,General Consultation,Monday,Morning,7,3,0,Yes,SMS,13.9,0,3,0,90,14,4,97,15
Male,66,65+,Follow-up,Friday,Morning,13,0,0,Yes,WhatsApp,15.0,0,1,5,24,4,2,37,6
Prefer not to say,34,25-34,General Consultation,Monday,Afternoon,52,3,2,Yes,WhatsApp,5.0,0,11,4,334,48,1,20,4
Male,64,55-64,General Consultation,Monday,Morning,27,4,1,No,No Reminder,11.1,0,3,1,84,13,4,111,17
Female,35,35-44,General Consultation,Sunday,Morning,33,2,0,No,No Reminder,22.0,1,10,1,294,43,11,327,47
Male,46,45-54,Follow-up,Thursday,Morning,12,4,0,Yes,SMS,13.2,0,9,5,263,38,10,275,40
Male,28,25-34,Diagnostic Test,Wednesday,Morning,50,3,2,Yes,SMS,9.1,0,2,1,55,9,4,105,16
Male,43,35-44,General Consultation,Sunday,Afternoon,46,1,1,No,No Reminder,28.7,1,4,2,91,14,5,137,20
Male,40,35-44,General Consultation,Friday,Morning,41,5,1,Yes,SMS,1.2,0,2,5,32,5,3,73,11
Male,35,35-44,Diagnostic Test,Friday,Evening,21,3,0,No,No Reminder,10.0,0,5,4,135,20,6,156,23
Male,66,65+,Follow-up,Tuesday,Morning,39,6,2,Yes,SMS,18.7,0,10,4,297,43,12,336,49
Male,38,35-44,Follow-up,Sunday,Afternoon,58,5,0,Yes,WhatsApp,4.0,1,10,4,290,42,12,348,50
Male,61,55-64,Follow-up,Friday,Afternoon,39,3,0,Yes,SMS,13.4,0,1,0,13,3,2,52,8
Female,63,55-64,General Consultation,Saturday,Morning,30,3,0,Yes,Email,6.0,0,11,3,310,45,12,340,49
Female,59,55-64,Diagnostic Test,Sunday,Morning,16,3,0,Yes,Email,1.9,1,1,4,16,3,2,32,5
Female,34,25-34,Follow-up,Friday,Afternoon,31,1,0,Yes,SMS,5.9,0,10,1,287,42,11,318,46
Female,70,65+,Follow-up,Sunday,Morning,22,0,0,Yes,WhatsApp,4.2,1,1,5,25,4,2,47,7
Male,32,25-34,Follow-up,Monday,Morning,37,4,0,Yes,Email,16.0,0,9,5,249,36,10,286,42
Male,35,35-44,General Consultation,Wednesday,Evening,2,5,1,No,No Reminder,29.0,0,5,0,145,22,5,147,22
Female,73,65+,General Consultation,Friday,Afternoon,11,1,0,Yes,SMS,6.2,0,1,0,19,4,1,30,5
Female,39,35-44,Specialist Consultation,Monday,Evening,48,2,0,Yes,Email,5.9,0,1,1,28,5,3,76,12
Female,61,55-64,Follow-up,Tuesday,Morning,23,2,1,No,No Reminder,1.5,0,5,6,137,20,6,160,24
Male,20,18-24,General Consultation,Monday,Morning,26,3,1,Yes,SMS,15.1,0,5,2,133,20,6,159,24
Female,72,65+,Diagnostic Test,Saturday,Morning,26,3,1,Yes,SMS,11.9,0,2,0,47,8,3,73,11
Female,62,55-64,General Consultation,Monday,Morning,46,3,1,Yes,SMS,5.7,0,6,3,177,26,8,223,33
Male,54,45-54,General Consultation,Friday,Morning,14,0,0,No,No Reminder,10.3,0,11,4,311,45,11,325,47
Male,71,65+,Follow-up,Monday,Morning,46,4,0,Yes,SMS,14.8,0,7,3,198,29,9,244,36
Female,22,18-24,Specialist Consultation,Wednesday,Evening,35,2,1,Yes,WhatsApp,6.5,0,2,2,35,6,3,70,11
Female,61,55-64,General Consultation,Sunday,Morning,54,3,1,Yes,WhatsApp,2.9,1,3,1,90,14,5,144,21
Female,63,55-64,Diagnostic Test,Monday,Morning,14,3,0,No,No Reminder,14.3,0,5,0,138,21,6,152,23
Female,65,65+,Follow-up,Monday,Afternoon,3,3,1,Yes,WhatsApp,10.3,0,5,4,136,20,5,139,21
Female,26,25-34,Follow-up,Friday,Evening,4,3,2,Yes,SMS,15.7,0,1,0,26,5,1,30,5
Female,59,55-64,General Consultation,Wednesday,Afternoon,46,5,2,Yes,SMS,4.4,0,10,5,277,40,11,323,47
Male,66,65+,Follow-up,Tuesday,Morning,43,4,1,Yes,SMS,5.9,0,12,0,351,51,1,28,5
Female,30,25-34,General Consultation,Friday,Morning,22,3,1,Yes,SMS,20.5,0,1,3,30,5,2,52,8
Male,48,45-54,General Consultation,Sunday,Afternoon,38,4,0,Yes,WhatsApp,10.0,1,9,3,247,36,10,285,41
Female,75,65+,Diagnostic Test,Wednesday,Morning,23,4,0,Yes,SMS,14.8,0,11,0,314,46,12,337,49
Female,44,35-44,General Consultation,Wednesday,Afternoon,16,6,0,Yes,SMS,8.7,0,3,0,76,12,4,92,14
Male,57,55-64,General Consultation,Sunday,Morning,25,3,0,No,No Reminder,30.3,1,12,2,346,50,1,5,1
Male,59,55-64,General Consultation,Sunday,Evening,19,8,1,Yes,SMS,10.2,1,10,1,294,43,11,313,45
Female,74,65+,Diagnostic Test,Friday,Evening,46,2,0,Yes,SMS,2.8,0,7,0,209,31,9,255,37
Female,36,35-44,Follow-up,Tuesday,Afternoon,16,4,1,Yes,WhatsApp,6.2,0,12,6,355,51,1,6,2
Male,76,65+,Diagnostic Test,Monday,Morning,57,6,2,Yes,SMS,1.8,0,8,6,229,33,10,286,42
Female,57,55-64,Follow-up,Monday,Afternoon,28,1,1,Yes,SMS,18.7,0,1,0,5,2,2,33,6
Female,55,55-64,Follow-up,Sunday,Morning,40,2,0,Yes,WhatsApp,5.4,1,1,1,13,3,2,53,8
Male,38,35-44,General Consultation,Monday,Afternoon,58,2,0,Yes,WhatsApp,3.5,0,3,5,80,12,5,138,21
Male,44,35-44,General Consultation,Friday,Morning,26,4,2,No,No Reminder,10.7,0,2,6,46,7,3,72,11
Male,59,55-64,Specialist Consultation,Friday,Evening,12,4,1,Yes,SMS,12.6,0,9,6,271,39,10,283,41
Female,36,35-44,General Consultation,Friday,Afternoon,0,2,0,Yes,SMS,12.7,0,5,4,129,19,5,129,19
Female,69,65+,Specialist Consultation,Monday,Afternoon,27,3,0,No,No Reminder,14.6,0,10,1,301,44,11,328,48
Male,44,35-44,General Consultation,Monday,Afternoon,59,4,0,Yes,Email,6.4,0,1,4,17,3,3,76,12
Female,19,18-24,General Consultation,Tuesday,Afternoon,41,5,1,Yes,SMS,5.8,0,2,2,56,9,4,97,15
Male,22,18-24,Diagnostic Test,Friday,Morning,32,2,0,Yes,WhatsApp,7.3,0,2,0,34,6,3,66,10
Female,68,65+,Follow-up,Thursday,Afternoon,31,4,1,Yes,Email,7.5,0,12,0,363,1,1,29,5
Female,74,65+,General Consultation,Monday,Afternoon,6,2,0,Yes,SMS,4.8,0,2,1,42,7,2,48,8
Female,44,35-44,General Consultation,Monday,Afternoon,50,1,0,No,No Reminder,8.7,0,12,6,348,50,2,33,6
Female,77,65+,General Consultation,Sunday,Afternoon,7,1,0,Yes,SMS,22.9,1,8,6,222,32,8,229,33
Male,32,25-34,Diagnostic Test,Tuesday,Afternoon,51,3,1,No,No Reminder,7.2,0,3,6,88,13,5,139,21
Male,44,35-44,Follow-up,Friday,Afternoon,25,2,0,No,No Reminder,4.8,0,2,0,33,6,2,58,9
Male,42,35-44,Diagnostic Test,Thursday,Afternoon,39,2,0,Yes,WhatsApp,1.3,0,3,6,75,11,4,114,17
Male,67,65+,General Consultation,Friday,Morning,33,6,1,No,No Reminder,2.0,0,11,6,334,48,1,2,1
Male,70,65+,Follow-up,Wednesday,Afternoon,56,4,0,No,No Reminder,5.5,0,5,2,127,19,7,183,27
Female,19,18-24,Follow-up,Sunday,Morning,13,5,1,Yes,SMS,17.5,1,1,0,26,5,2,39,6
Female,37,35-44,General Consultation,Wednesday,Morning,2,9,1,Yes,WhatsApp,1.7,0,5,0,124,19,5,126,19
Female,48,45-54,Diagnostic Test,Saturday,Evening,54,2,0,Yes,SMS,18.9,0,10,0,293,43,12,347,50
Female,80,65+,General Consultation,Wednesday,Morning,27,2,1,Yes,SMS,12.4,0,5,3,121,18,5,148,22
Female,69,65+,Diagnostic Test,Wednesday,Morning,1,4,1,No,No Reminder,15.4,0,3,1,69,11,3,70,11
Male,19,18-24,General Consultation,Friday,Evening,1,1,1,No,No Reminder,4.6,0,7,3,198,29,7,199,29
Male,55,55-64,General Consultation,Saturday,Evening,26,1,0,No,No Reminder,6.9,0,9,0,265,39,10,291,42
Male,55,55-64,General Consultation,Saturday,Morning,15,2,0,No,No Reminder,19.7,0,6,4,157,23,6,172,25
Male,22,18-24,General Consultation,Friday,Evening,56,4,0,Yes,WhatsApp,4.3,0,4,4,115,17,6,171,25
Female,58,55-64,General Consultation,Friday,Morning,7,1,0,Yes,SMS,8.6,0,3,4,80,12,3,87,13
Female,50,45-54,General Consultation,Tuesday,Afternoon,53,0,0,Yes,SMS,13.2,0,4,4,107,16,6,160,24
Female,60,55-64,General Consultation,Saturday,Morning,13,2,0,No,No Reminder,18.1,0,3,6,68,10,3,81,12
Male,36,35-44,Specialist Consultation,Monday,Morning,7,3,1,Yes,Email,7.9,0,2,0,41,7,2,48,8
Female,34,25-34,Specialist Consultation,Wednesday,Morning,16,3,0,No,No Reminder,6.7,0,5,0,131,20,5,147,22
Male,64,55-64,Follow-up,Friday,Afternoon,8,1,0,Yes,SMS,11.1,0,10,3,296,43,10,304,44
Female,63,55-64,General Consultation,Thursday,Morning,24,3,1,Yes,Email,23.8,0,8,0,216,32,8,240,35
Female,28,25-34,Specialist Consultation,Saturday,Afternoon,20,4,0,Yes,WhatsApp,11.0,0,1,6,18,3,2,38,6
Male,31,25-34,General Consultation,Tuesday,Afternoon,32,2,1,No,No Reminder,11.4,0,6,4,178,26,7,210,31
Female,54,45-54,Specialist Consultation,Tuesday,Morning,32,1,1,Yes,Email,7.9,0,2,4,38,6,3,70,11
Male,70,65+,Follow-up,Tuesday,Evening,0,2,0,Yes,SMS,4.5,0,2,1,34,6,2,34,6
Male,31,25-34,General Consultation,Wednesday,Morning,9,0,0,Yes,SMS,7.8,0,10,0,293,43,10,302,44
Male,68,65+,Specialist Consultation,Wednesday,Morning,11,2,1,Yes,SMS,6.7,0,5,5,143,21,6,154,23
Female,74,65+,Follow-up,Wednesday,Morning,19,0,0,Yes,SMS,11.7,0,6,4,178,26,7,197,29
Male,67,65+,Diagnostic Test,Tuesday,Afternoon,33,0,0,No,No Reminder,5.6,0,1,3,29,5,3,62,10
Female,78,65+,Diagnostic Test,Monday,Afternoon,18,3,0,No,No Reminder,15.0,0,11,3,317,46,12,335,49
Female,29,25-34,General Consultation,Friday,Morning,20,5,1,No,No Reminder,11.1,0,8,5,242,35,9,262,38
Female,21,18-24,Follow-up,Monday,Morning,20,3,0,Yes,WhatsApp,4.3,0,12,1,336,49,12,356,52
Female,59,55-64,Diagnostic Test,Friday,Evening,24,1,0,Yes,SMS,30.6,0,12,1,345,50,1,3,1
Female,23,18-24,Specialist Consultation,Tuesday,Morning,1,2,2,Yes,WhatsApp,18.5,0,1,0,26,5,1,27,5
Female,30,25-34,General Consultation,Thursday,Evening,57,1,1,No,No Reminder,20.0,0,4,2,98,15,6,155,23
Female,43,35-44,Follow-up,Wednesday,Afternoon,24,0,0,Yes,Email,5.9,0,7,6,208,30,8,232,34
Female,36,35-44,Diagnostic Test,Wednesday,Morning,43,3,1,No,No Reminder,8.4,0,4,1,105,16,5,148,22
Female,76,65+,General Consultation,Friday,Afternoon,7,2,0,Yes,SMS,8.8,0,4,4,93,14,4,100,15
Female,53,45-54,Follow-up,Sunday,Morning,8,2,0,Yes,SMS,14.7,1,12,5,340,49,12,348,50
Male,45,45-54,General Consultation,Sunday,Evening,53,1,1,Yes,SMS,1.6,1,1,2,15,3,3,68,10
Female,42,35-44,Follow-up,Saturday,Morning,59,2,2,No,No Reminder,15.0,0,1,2,8,2,3,67,10
Male,70,65+,General Consultation,Friday,Evening,34,4,1,Yes,SMS,7.5,0,8,5,228,33,9,262,38
Male,47,45-54,Diagnostic Test,Saturday,Evening,37,2,0,Yes,SMS,5.5,0,12,3,338,49,1,10,2
Female,25,25-34,General Consultation,Saturday,Afternoon,33,2,0,Yes,SMS,10.6,0,9,0,265,39,10,298,43
Male,45,45-54,General Consultation,Tuesday,Evening,60,2,0,Yes,SMS,5.2,0,11,4,313,45,1,7,2
Female,56,55-64,Specialist Consultation,Saturday,Afternoon,44,3,0,Yes,SMS,7.6,0,1,3,9,2,2,53,8
Female,43,35-44,Diagnostic Test,Saturday,Afternoon,5,5,2,No,No Reminder,4.6,0,9,0,244,36,9,249,36
Male,37,35-44,Follow-up,Friday,Afternoon,23,3,2,Yes,WhatsApp,3.5,0,1,2,7,2,1,30,5
Female,37,35-44,General Consultation,Friday,Morning,59,4,0,No,No Reminder,29.6,0,1,1,27,5,3,86,13
Male,38,35-44,General Consultation,Wednesday,Morning,12,3,0,No,No Reminder,7.6,0,5,4,150,22,6,162,24
Female,41,35-44,Follow-up,Saturday,Morning,52,2,0,Yes,WhatsApp,18.3,0,4,2,112,17,6,164,24
Female,61,55-64,General Consultation,Monday,Morning,38,7,1,Yes,SMS,9.4,0,8,4,213,31,9,251,37
Male,24,18-24,General Consultation,Sunday,Afternoon,34,8,0,Yes,SMS,4.4,1,5,0,139,21,6,173,25
Female,20,18-24,General Consultation,Saturday,Afternoon,25,1,0,Yes,SMS,4.5,0,8,1,217,32,8,242,35
Female,60,55-64,General Consultation,Saturday,Evening,23,1,0,Yes,SMS,23.7,0,5,3,142,21,6,165,24
Female,34,25-34,General Consultation,Thursday,Evening,26,2,1,Yes,Email,1.4,0,9,5,256,37,10,282,41
Female,30,25-34,Follow-up,Sunday,Evening,56,3,0,Yes,SMS,3.8,1,3,6,81,12,5,137,20
Male,57,55-64,Specialist Consultation,Sunday,Afternoon,18,5,1,Yes,Email,6.3,1,1,2,21,4,2,39,6
Male,64,55-64,Follow-up,Saturday,Evening,26,4,1,Yes,SMS,5.8,0,9,0,272,40,10,298,43
Female,27,25-34,Follow-up,Sunday,Morning,60,4,0,Yes,SMS,11.9,1,1,2,1,1,3,61,9
Female,25,25-34,General Consultation,Saturday,Morning,29,3,0,Yes,SMS,10.0,0,7,4,185,27,8,214,31
Female,52,45-54,Diagnostic Test,Monday,Morning,23,3,1,Yes,SMS,5.0,0,6,5,157,23,6,180,27
Female,42,35-44,Diagnostic Test,Saturday,Afternoon,40,8,1,Yes,SMS,6.0,0,12,0,351,51,1,25,4
Female,63,55-64,General Consultation,Sunday,Afternoon,39,2,0,Yes,Email,35.0,1,3,2,77,12,4,116,17
Male,49,45-54,General Consultation,Friday,Morning,18,5,0,No,No Reminder,10.3,0,12,0,356,52,1,9,2
Female,28,25-34,General Consultation,Sunday,Morning,36,3,0,Yes,SMS,4.5,1,1,5,24,4,3,60,9
Male,28,25-34,Follow-up,Thursday,Morning,3,6,0,Yes,SMS,5.8,0,3,0,89,14,4,92,14
Female,65,65+,Diagnostic Test,Friday,Morning,24,4,3,No,No Reminder,29.1,0,12,1,366,1,1,24,4
Male,32,25-34,Specialist Consultation,Friday,Morning,56,3,0,Yes,SMS,6.1,0,1,4,3,1,2,59,9
Male,74,65+,General Consultation,Tuesday,Morning,37,0,0,Yes,WhatsApp,8.7,0,12,6,343,49,1,14,3
Male,34,25-34,Follow-up,Tuesday,Morning,42,3,0,Yes,SMS,13.9,0,11,1,322,47,12,364,1
Male,24,18-24,General Consultation,Sunday,Afternoon,53,3,0,No,No Reminder,8.3,1,1,2,22,4,3,75,11
Female,66,65+,Diagnostic Test,Sunday,Evening,9,2,0,Yes,Email,6.0,1,12,4,346,50,12,355,51
Female,61,55-64,Specialist Consultation,Sunday,Afternoon,31,6,1,Yes,WhatsApp,7.4,1,11,3,310,45,12,341,49
Male,38,35-44,General Consultation,Wednesday,Afternoon,32,4,0,Yes,SMS,13.5,0,1,5,18,3,2,50,8
Male,29,25-34,Follow-up,Tuesday,Morning,41,4,2,Yes,SMS,7.0,0,3,2,84,13,5,125,19
Female,62,55-64,Specialist Consultation,Friday,Morning,7,0,0,Yes,SMS,11.1,0,4,4,100,15,4,107,16
Female,36,35-44,General Consultation,Thursday,Morning,20,2,1,No,No Reminder,4.2,0,4,4,115,17,5,135,20
Male,47,45-54,Follow-up,Monday,Afternoon,9,5,0,Yes,Email,2.1,0,5,5,123,18,5,132,20
Female,39,35-44,General Consultation,Friday,Afternoon,50,3,1,No,No Reminder,7.7,0,7,3,198,29,9,248,36
Male,19,18-24,Follow-up,Thursday,Morning,14,2,1,Yes,SMS,5.2,0,3,3,65,10,3,79,12
Female,26,25-34,General Consultation,Sunday,Afternoon,15,0,0,Yes,WhatsApp,15.0,1,3,5,87,13,4,102,15
Female,46,45-54,Specialist Consultation,Wednesday,Morning,53,3,0,Yes,SMS,13.8,0,1,5,24,4,3,77,12
Male,27,25-34,General Consultation,Saturday,Afternoon,2,4,2,No,No Reminder,12.2,0,4,3,107,16,4,109,16
Male,20,18-24,General Consultation,Wednesday,Afternoon,16,2,0,Yes,SMS,1.9,0,12,0,358,52,1,8,2
Female,40,35-44,Specialist Consultation,Wednesday,Morning,43,7,2,No,No Reminder,3.3,0,3,1,90,14,5,133,20
Female,79,65+,General Consultation,Saturday,Morning,47,3,1,No,No Reminder,24.9,0,4,0,111,17,6,158,23
Male,42,35-44,Follow-up,Thursday,Morning,60,1,0,Yes,SMS,5.4,0,10,6,299,43,12,359,52
Female,80,65+,Follow-up,Tuesday,Morning,33,5,1,Yes,Email,10.6,0,4,3,99,15,5,132,20
Male,48,45-54,General Consultation,Monday,Morning,0,5,1,No,No Reminder,7.6,0,1,0,20,4,1,20,4
Female,67,65+,Follow-up,Friday,Afternoon,9,2,0,Yes,WhatsApp,4.5,0,12,2,360,52,1,3,1
Male,18,18-24,General Consultation,Wednesday,Afternoon,41,3,0,Yes,SMS,13.1,0,12,3,354,51,1,29,5
Female,76,65+,General Consultation,Tuesday,Afternoon,36,2,0,No,No Reminder,4.4,0,2,0,47,8,3,83,13
Female,26,25-34,Diagnostic Test,Saturday,Afternoon,10,1,0,Yes,WhatsApp,2.9,0,6,2,161,24,6,171,25
Male,58,55-64,Diagnostic Test,Saturday,Evening,35,6,1,Yes,WhatsApp,0.9,0,2,5,38,6,3,73,11
Male,76,65+,Specialist Consultation,Wednesday,Afternoon,15,5,0,No,No Reminder,8.8,0,5,1,146,22,6,161,24
Female,77,65+,General Consultation,Sunday,Afternoon,41,5,0,No,No Reminder,10.9,1,3,0,90,14,5,131,19
Female,69,65+,Specialist Consultation,Thursday,Afternoon,35,4,2,Yes,WhatsApp,8.6,0,3,3,64,10,4,99,15
Female,58,55-64,Follow-up,Wednesday,Morning,28,1,0,Yes,SMS,2.5,0,4,2,106,16,5,134,20
Female,76,65+,General Consultation,Saturday,Morning,22,2,0,Yes,WhatsApp,6.6,0,1,4,10,2,2,32,5
Female,27,25-34,Diagnostic Test,Thursday,Morning,20,5,2,Yes,WhatsApp,15.0,0,12,4,346,50,1,1,1
Female,55,55-64,General Consultation,Saturday,Morning,42,4,2,Yes,WhatsApp,25.5,0,1,5,31,5,3,73,11
Male,19,18-24,General Consultation,Saturday,Morning,31,3,1,Yes,WhatsApp,7.8,0,5,2,133,20,6,164,24
Male,40,35-44,Diagnostic Test,Friday,Morning,36,3,0,Yes,WhatsApp,10.2,0,4,3,106,16,5,142,21
Female,18,18-24,Follow-up,Friday,Morning,35,2,0,No,No Reminder,15.3,0,1,4,31,5,3,66,10
Male,45,45-54,General Consultation,Thursday,Evening,12,4,0,Yes,SMS,9.0,0,2,5,45,7,2,57,9
Female,69,65+,Follow-up,Tuesday,Morning,55,3,1,Yes,Email,10.7,0,2,2,42,7,4,97,15
Female,59,55-64,Diagnostic Test,Saturday,Morning,34,6,0,Yes,WhatsApp,20.6,0,12,6,348,50,1,17,3
Male,44,35-44,Specialist Consultation,Friday,Morning,53,4,0,No,No Reminder,6.4,0,2,0,40,7,4,93,14
Female,41,35-44,General Consultation,Monday,Afternoon,56,1,0,Yes,SMS,20.4,0,7,0,188,28,9,244,36
Female,64,55-64,General Consultation,Wednesday,Afternoon,40,5,0,No,No Reminder,9.7,0,12,4,348,50,1,22,4
Male,34,25-34,Follow-up,Sunday,Morning,48,1,0,Yes,SMS,3.2,1,7,0,202,30,9,250,36
Female,23,18-24,Follow-up,Monday,Afternoon,28,3,0,Yes,SMS,6.9,0,3,0,83,13,4,111,17
Male,49,45-54,General Consultation,Tuesday,Morning,45,4,1,Yes,Email,27.4,0,1,5,18,3,3,63,10
Female,70,65+,General Consultation,Monday,Afternoon,19,2,0,Yes,SMS,16.0,0,2,2,50,8,3,69,11
Male,30,25-34,Follow-up,Friday,Evening,5,4,1,Yes,WhatsApp,17.4,0,9,6,271,39,10,276,40
Male,20,18-24,Specialist Consultation,Wednesday,Morning,55,5,1,Yes,Email,6.9,0,8,3,240,35,10,295,43
Male,65,65+,General Consultation,Monday,Afternoon,40,2,0,Yes,SMS,15.2,0,9,2,260,38,10,300,44
Male,27,25-34,Follow-up,Wednesday,Afternoon,0,4,0,Yes,WhatsApp,3.3,0,12,2,344,50,12,344,50
Female,26,25-34,Follow-up,Friday,Afternoon,60,1,0,Yes,WhatsApp,8.9,0,2,0,40,7,4,100,15
Female,41,35-44,General Consultation,Wednesday,Morning,50,6,4,No,No Reminder,10.0,0,7,1,196,29,9,246,36
Male,69,65+,General Consultation,Wednesday,Morning,13,3,0,No,No Reminder,13.7,0,3,3,72,11,3,85,13
Female,69,65+,General Consultation,Friday,Morning,49,9,0,No,No Reminder,9.0,0,12,4,353,51,2,37,6
Male,18,18-24,Diagnostic Test,Wednesday,Morning,60,5,1,Yes,SMS,1.2,0,11,5,335,48,1,29,5
Female,64,55-64,Follow-up,Wednesday,Afternoon,10,4,0,No,No Reminder,1.4,0,4,6,96,14,4,106,16
Female,35,35-44,Follow-up,Friday,Afternoon,25,5,1,Yes,SMS,6.9,0,12,0,363,1,1,23,4
Female,33,25-34,Follow-up,Monday,Afternoon,7,5,1,Yes,SMS,1.8,0,10,0,279,41,10,286,42
Male,70,65+,Specialist Consultation,Saturday,Morning,19,3,0,Yes,SMS,9.9,0,6,0,152,23,6,171,25
Female,43,35-44,General Consultation,Saturday,Morning,32,0,0,Yes,WhatsApp,39.6,0,1,1,13,3,2,45,7
Male,40,35-44,Follow-up,Sunday,Evening,48,1,1,Yes,SMS,8.1,1,10,0,286,42,11,334,48
Female,51,45-54,Specialist Consultation,Thursday,Morning,58,1,0,No,No Reminder,7.7,0,12,1,338,49,1,30,5
Male,59,55-64,Diagnostic Test,Saturday,Afternoon,39,4,0,No,No Reminder,2.2,0,12,1,366,1,2,39,6
Female,46,45-54,Specialist Consultation,Wednesday,Morning,53,0,0,Yes,Email,5.4,0,10,5,284,41,12,337,49
Male,22,18-24,Follow-up,Friday,Morning,56,2,1,Yes,SMS,13.0,0,11,4,313,45,1,3,1
Female,18,18-24,General Consultation,Friday,Afternoon,9,2,0,Yes,SMS,19.4,0,1,2,15,3,1,24,4
Female,20,18-24,Follow-up,Wednesday,Morning,5,4,0,No,No Reminder,6.5,0,4,4,115,17,4,120,18
Female,54,45-54,Specialist Consultation,Tuesday,Afternoon,47,4,0,No,No Reminder,2.8,0,3,3,71,11,4,118,18
Male,65,65+,Specialist Consultation,Friday,Afternoon,9,0,0,Yes,SMS,9.6,0,1,2,14,3,1,23,4
Female,74,65+,General Consultation,Wednesday,Morning,28,4,1,No,No Reminder,7.6,0,7,2,197,29,8,225,33
Female,78,65+,Diagnostic Test,Tuesday,Morning,48,3,0,Yes,Email,6.7,0,6,2,155,23,7,203,30
Male,76,65+,Follow-up,Thursday,Morning,31,3,1,Yes,SMS,8.1,0,1,0,20,4,2,51,8
Male,51,45-54,Follow-up,Friday,Morning,20,2,1,Yes,SMS,9.8,0,3,5,81,12,4,101,15
Prefer not to say,29,25-34,Follow-up,Friday,Afternoon,41,3,0,Yes,SMS,8.5,0,6,5,165,24,7,206,30
Female,29,25-34,General Consultation,Saturday,Morning,9,2,1,Yes,SMS,4.2,0,6,3,162,24,6,171,25
Female,19,18-24,General Consultation,Thursday,Morning,31,2,0,No,No Reminder,24.6,0,10,0,293,43,11,324,47
Female,58,55-64,Specialist Consultation,Monday,Morning,0,2,0,No,No Reminder,7.8,0,9,0,251,37,9,251,37
Female,45,45-54,Diagnostic Test,Friday,Evening,19,4,2,Yes,SMS,1.7,0,10,6,278,40,10,297,43
Male,30,25-34,Specialist Consultation,Thursday,Morning,15,1,0,Yes,SMS,7.0,0,2,2,49,8,3,64,10
Male,26,25-34,General Consultation,Monday,Morning,41,0,0,Yes,WhatsApp,7.3,0,4,1,98,15,5,139,21
Female,22,18-24,General Consultation,Sunday,Afternoon,55,3,2,No,No Reminder,4.6,1,10,0,293,43,12,348,50
Female,61,55-64,Specialist Consultation,Sunday,Afternoon,48,2,1,Yes,SMS,9.1,1,9,0,265,39,11,313,45
Female,24,18-24,Diagnostic Test,Friday,Afternoon,59,5,2,Yes,SMS,3.2,0,1,1,21,4,3,80,12
Male,20,18-24,General Consultation,Friday,Afternoon,55,4,2,Yes,WhatsApp,8.7,0,3,5,81,12,5,136,20
Male,65,65+,Specialist Consultation,Thursday,Evening,45,4,0,No,No Reminder,2.9,0,9,0,251,37,10,296,43
Male,64,55-64,General Consultation,Saturday,Afternoon,36,2,0,Yes,SMS,6.8,0,5,4,129,19,6,165,24
Male,36,35-44,Diagnostic Test,Sunday,Morning,6,3,0,Yes,SMS,24.4,1,8,0,223,33,8,229,33
Female,21,18-24,Follow-up,Wednesday,Evening,15,0,0,Yes,WhatsApp,12.4,0,10,1,301,44,11,316,46
Male,38,35-44,General Consultation,Tuesday,Evening,56,2,0,Yes,Email,12.5,0,8,1,238,35,10,294,43
Male,69,65+,General Consultation,Sunday,Morning,33,1,0,Yes,WhatsApp,12.6,1,12,1,350,51,1,18,3
Male,27,25-34,Diagnostic Test,Wednesday,Morning,20,3,2,Yes,Email,16.9,0,5,3,121,18,5,141,21
Male,68,65+,Follow-up,Sunday,Afternoon,19,3,1,Yes,SMS,0.9,1,12,1,336,49,12,355,51
Male,26,25-34,Specialist Consultation,Friday,Afternoon,17,2,0,Yes,SMS,2.0,0,5,1,132,20,5,149,22
Female,76,65+,Follow-up,Friday,Morning,9,5,2,Yes,WhatsApp,6.7,0,3,2,78,12,3,87,13
Male,50,45-54,Specialist Consultation,Sunday,Morning,35,7,1,Yes,SMS,5.6,1,2,6,47,7,3,82,12
Female,24,18-24,General Consultation,Sunday,Morning,11,2,0,Yes,SMS,13.1,1,9,2,267,39,10,278,40
Prefer not to say,41,35-44,Specialist Consultation,Tuesday,Afternoon,15,2,0,Yes,SMS,4.8,0,12,0,363,1,1,13,3
Male,21,18-24,General Consultation,Tuesday,Afternoon,39,3,0,No,No Reminder,18.0,0,8,4,220,32,9,259,38
Male,56,55-64,Specialist Consultation,Wednesday,Morning,15,4,1,No,No Reminder,2.4,0,2,1,56,9,3,71,11
Female,77,65+,General Consultation,Friday,Morning,7,4,0,No,No Reminder,12.7,0,2,4,59,9,3,66,10
Female,67,65+,Follow-up,Tuesday,Evening,15,3,0,No,No Reminder,12.3,0,6,0,152,23,6,167,25
Female,31,25-34,Follow-up,Saturday,Morning,56,3,0,No,No Reminder,6.8,0,1,5,18,3,3,74,11
Female,75,65+,General Consultation,Tuesday,Evening,57,3,0,No,No Reminder,13.6,0,4,0,96,15,6,153,23
Female,61,55-64,Specialist Consultation,Sunday,Morning,30,2,0,Yes,SMS,4.4,1,5,4,122,18,6,152,22
Female,21,18-24,Diagnostic Test,Friday,Morning,24,2,0,No,No Reminder,3.8,0,1,1,28,5,2,52,8
Male,26,25-34,General Consultation,Monday,Afternoon,49,4,2,Yes,WhatsApp,12.9,0,4,0,118,18,6,167,25
Male,76,65+,General Consultation,Tuesday,Morning,11,4,0,No,No Reminder,5.6,0,11,4,325,47,12,336,49
Male,24,18-24,General Consultation,Thursday,Morning,41,2,1,Yes,Email,12.9,0,1,4,23,4,3,64,10
Male,46,45-54,General Consultation,Sunday,Afternoon,43,1,0,Yes,Email,10.4,1,10,5,291,42,11,334,48
Male,51,45-54,Diagnostic Test,Thursday,Morning,13,3,0,No,No Reminder,6.0,0,7,4,206,30,8,219,32
Female,54,45-54,Diagnostic Test,Saturday,Afternoon,43,1,1,Yes,WhatsApp,3.2,0,10,4,304,44,12,347,50
Male,80,65+,Follow-up,Wednesday,Afternoon,53,5,1,Yes,SMS,15.8,0,6,5,172,25,8,225,33
Female,65,65+,Diagnostic Test,Tuesday,Morning,10,6,1,Yes,SMS,4.8,0,3,5,74,11,3,84,13
Female,19,18-24,Follow-up,Tuesday,Afternoon,37,2,0,No,No Reminder,2.8,0,7,6,187,27,8,224,33
Female,23,18-24,Follow-up,Saturday,Afternoon,50,1,1,Yes,SMS,8.7,0,2,4,44,7,4,94,14
Female,18,18-24,Specialist Consultation,Tuesday,Morning,16,3,0,Yes,WhatsApp,8.3,0,4,6,103,15,4,119,18
Male,42,35-44,Follow-up,Wednesday,Afternoon,45,3,1,No,No Reminder,14.3,0,4,6,109,16,6,154,23
Female,76,65+,General Consultation,Tuesday,Morning,43,5,1,Yes,SMS,21.5,0,10,0,286,42,11,329,48
Female,41,35-44,Follow-up,Monday,Afternoon,36,0,0,Yes,SMS,11.5,0,5,6,138,20,6,174,26
Male,19,18-24,Follow-up,Monday,Morning,11,1,0,Yes,WhatsApp,23.8,0,5,3,127,19,5,138,21
Female,73,65+,General Consultation,Monday,Morning,4,0,0,No,No Reminder,2.7,0,1,3,16,3,1,20,4
Female,34,25-34,Follow-up,Friday,Afternoon,45,3,1,Yes,SMS,9.3,0,4,1,119,18,6,164,24
Male,75,65+,Specialist Consultation,Sunday,Afternoon,14,4,1,Yes,SMS,20.4,1,8,6,215,31,8,229,33
Male,69,65+,General Consultation,Saturday,Morning,58,3,0,Yes,Email,1.9,0,1,3,23,4,3,81,12
Female,27,25-34,General Consultation,Sunday,Afternoon,33,2,1,Yes,SMS,3.2,1,4,1,91,14,5,124,18
Male,57,55-64,Specialist Consultation,Saturday,Afternoon,56,1,0,Yes,SMS,2.9,0,12,5,363,52,2,53,8
Male,43,35-44,Follow-up,Sunday,Afternoon,9,7,0,Yes,Email,3.4,1,10,4,304,44,11,313,45
Male,57,55-64,General Consultation,Friday,Afternoon,12,6,0,Yes,SMS,13.8,0,6,6,180,26,7,192,28
Female,64,55-64,Specialist Consultation,Wednesday,Evening,37,4,1,Yes,SMS,6.7,0,9,0,272,40,11,309,45
Female,37,35-44,General Consultation,Monday,Morning,48,1,0,Yes,WhatsApp,4.4,0,12,1,336,49,1,19,4
Male,73,65+,Specialist Consultation,Monday,Morning,8,3,0,No,No Reminder,3.1,0,11,6,313,45,11,321,47
Female,32,25-34,Specialist Consultation,Tuesday,Evening,18,3,0,Yes,WhatsApp,45.0,0,12,4,339,49,12,357,52
Male,70,65+,Diagnostic Test,Wednesday,Morning,55,0,0,No,No Reminder,7.2,0,10,3,282,41,12,337,49
Female,38,35-44,General Consultation,Sunday,Morning,33,2,0,Yes,SMS,4.2,1,5,1,140,21,6,173,25
Male,47,45-54,Specialist Consultation,Thursday,Afternoon,52,5,2,Yes,WhatsApp,2.8,0,3,0,83,13,5,135,20
Female,72,65+,Specialist Consultation,Friday,Evening,34,4,0,No,No Reminder,10.7,0,1,5,31,5,3,65,10
Male,78,65+,Diagnostic Test,Sunday,Morning,39,4,1,No,No Reminder,11.9,1,7,2,197,29,8,236,34
Female,37,35-44,Follow-up,Friday,Afternoon,8,4,2,Yes,Email,17.0,0,10,3,282,41,10,290,42
Male,37,35-44,Follow-up,Monday,Morning,12,3,0,Yes,SMS,18.7,0,11,2,330,48,12,342,50
Female,32,25-34,General Consultation,Wednesday,Morning,52,4,1,Yes,WhatsApp,2.8,0,8,6,236,34,10,288,42
Male,52,45-54,Follow-up,Wednesday,Morning,45,0,0,No,No Reminder,13.1,0,4,6,116,17,6,161,24
Male,34,25-34,General Consultation,Tuesday,Afternoon,5,2,1,Yes,SMS,11.7,0,10,3,275,40,10,280,41
Female,71,65+,General Consultation,Wednesday,Afternoon,37,3,0,Yes,Email,7.0,0,2,0,40,7,3,77,12
Male,28,25-34,Specialist Consultation,Saturday,Morning,50,4,0,Yes,WhatsApp,17.9,0,12,4,353,51,2,38,6
Male,58,55-64,General Consultation,Saturday,Afternoon,39,4,0,No,No Reminder,19.7,0,9,1,266,39,11,305,44
Female,49,45-54,Follow-up,Wednesday,Morning,36,3,1,Yes,Email,11.1,0,3,1,83,13,4,119,18
Male,25,25-34,General Consultation,Monday,Afternoon,14,5,1,No,No Reminder,29.2,0,5,0,124,19,5,138,21
Male,47,45-54,Follow-up,Friday,Morning,17,3,0,No,No Reminder,0.6,0,3,1,83,13,4,100,15
Female,57,55-64,General Consultation,Thursday,Afternoon,45,5,1,No,No Reminder,21.1,0,8,0,230,34,10,275,40
Male,73,65+,Specialist Consultation,Sunday,Afternoon,5,0,0,Yes,WhatsApp,22.3,1,10,1,280,41,10,285,41
Female,40,35-44,Follow-up,Friday,Morning,47,0,0,Yes,Email,10.9,0,1,6,25,4,3,72,11
Female,28,25-34,Diagnostic Test,Saturday,Afternoon,35,6,1,Yes,WhatsApp,12.5,0,5,5,137,20,6,172,25
Female,48,45-54,General Consultation,Saturday,Morning,32,7,1,Yes,WhatsApp,7.3,0,9,1,252,37,10,284,41
Male,72,65+,Diagnostic Test,Tuesday,Morning,20,5,0,Yes,Email,12.5,0,7,2,190,28,7,210,31
Male,28,25-34,Follow-up,Thursday,Morning,46,2,1,No,No Reminder,8.1,0,12,6,343,49,1,23,4
Female,46,45-54,Follow-up,Friday,Afternoon,15,2,1,No,No Reminder,24.8,0,1,3,16,3,1,31,5
Male,59,55-64,Diagnostic Test,Monday,Afternoon,19,2,1,No,No Reminder,1.3,0,4,2,91,14,4,110,17
Female,51,45-54,General Consultation,Sunday,Morning,54,4,0,Yes,SMS,11.3,1,2,1,41,7,4,95,14
Male,23,18-24,General Consultation,Wednesday,Morning,29,3,1,Yes,SMS,3.2,0,2,1,55,9,3,84,13
Female,47,45-54,Specialist Consultation,Friday,Morning,46,6,1,Yes,WhatsApp,10.5,0,12,0,351,51,1,31,5
Female,38,35-44,Follow-up,Tuesday,Morning,42,1,1,Yes,Email,7.8,0,4,1,112,17,6,154,23
Female,24,18-24,General Consultation,Wednesday,Afternoon,16,1,0,No,No Reminder,14.9,0,6,0,167,25,7,183,27
Male,30,25-34,Follow-up,Wednesday,Afternoon,53,3,1,Yes,SMS,18.8,0,8,5,214,31,9,267,39
Male,79,65+,General Consultation,Saturday,Morning,43,5,1,Yes,Email,27.2,0,2,4,52,8,4,95,14
Female,57,55-64,General Consultation,Wednesday,Morning,46,0,0,Yes,WhatsApp,22.4,0,12,5,354,51,2,35,6
Male,29,25-34,Diagnostic Test,Saturday,Evening,57,3,0,Yes,Email,0.9,0,4,4,115,17,6,172,25
Female,48,45-54,Specialist Consultation,Thursday,Afternoon,15,3,1,Yes,SMS,5.7,0,1,2,22,4,2,37,6
Female,30,25-34,General Consultation,Tuesday,Afternoon,5,5,0,Yes,WhatsApp,4.2,0,2,3,36,6,2,41,7
Male,27,25-34,Diagnostic Test,Thursday,Evening,19,0,0,Yes,SMS,7.9,0,12,5,356,51,1,9,2
Male,56,55-64,General Consultation,Wednesday,Morning,26,4,2,Yes,SMS,4.7,0,8,4,213,31,8,239,35
Female,53,45-54,General Consultation,Saturday,Evening,14,2,0,Yes,WhatsApp,5.8,0,3,5,73,11,3,87,13
Male,57,55-64,General Consultation,Wednesday,Morning,24,2,2,Yes,WhatsApp,6.4,0,12,6,362,52,1,21,4
Male,45,45-54,General Consultation,Monday,Evening,23,8,3,No,No Reminder,14.6,0,3,5,80,12,4,103,16
Male,36,35-44,General Consultation,Friday,Morning,21,1,0,Yes,WhatsApp,2.2,0,7,4,206,30,8,227,33
Male,31,25-34,General Consultation,Friday,Morning,36,2,1,No,No Reminder,0.7,0,12,3,352,51,1,23,4
Male,45,45-54,Follow-up,Tuesday,Afternoon,28,4,1,No,No Reminder,14.5,0,2,1,56,9,3,84,13
Female,46,45-54,Specialist Consultation,Sunday,Evening,6,5,0,Yes,SMS,17.7,1,5,0,125,19,5,131,19
Male,60,55-64,Follow-up,Tuesday,Morning,34,3,0,No,No Reminder,12.0,0,10,2,295,43,11,329,48
Male,35,35-44,Follow-up,Friday,Morning,19,3,0,Yes,SMS,10.0,0,2,6,47,7,3,66,10
Female,75,65+,Follow-up,Saturday,Afternoon,8,3,0,No,No Reminder,1.6,0,7,4,192,28,7,200,29
Female,76,65+,Specialist Consultation,Wednesday,Morning,23,2,0,No,No Reminder,11.5,0,9,0,251,37,10,274,40
Male,37,35-44,Specialist Consultation,Monday,Evening,16,5,0,Yes,SMS,4.4,0,5,5,143,21,6,159,24
Male,26,25-34,Specialist Consultation,Tuesday,Evening,51,1,1,Yes,SMS,13.3,0,12,6,357,51,2,42,7
Male,26,25-34,Follow-up,Wednesday,Afternoon,0,3,1,Yes,SMS,20.7,0,9,2,246,36,9,246,36
Female,73,65+,General Consultation,Wednesday,Afternoon,39,5,3,Yes,WhatsApp,4.1,0,7,5,193,28,8,232,34
Male,69,65+,Specialist Consultation,Thursday,Afternoon,23,3,0,No,No Reminder,3.0,0,5,1,147,22,6,170,25
Female,63,55-64,General Consultation,Wednesday,Morning,28,2,0,Yes,Email,4.5,0,1,2,28,5,2,56,9
Male,39,35-44,General Consultation,Sunday,Morning,48,6,1,Yes,Email,8.5,1,11,0,328,48,1,11,2
Female,47,45-54,Specialist Consultation,Thursday,Afternoon,23,4,1,Yes,Email,19.8,0,2,1,56,9,3,79,12
Female,71,65+,General Consultation,Wednesday,Morning,3,1,0,No,No Reminder,6.2,0,1,6,18,3,1,21,4
Male,69,65+,General Consultation,Monday,Afternoon,22,3,0,No,No Reminder,11.2,0,1,6,25,4,2,47,8
Female,39,35-44,Follow-up,Tuesday,Morning,14,4,1,Yes,Email,7.7,0,12,1,336,49,12,350,51
Male,41,35-44,Follow-up,Sunday,Morning,7,3,1,Yes,SMS,9.3,1,12,6,362,52,1,4,1
Male,65,65+,Diagnostic Test,Friday,Morning,43,2,0,Yes,Email,3.1,0,3,3,72,11,4,115,17
Female,46,45-54,Specialist Consultation,Wednesday,Evening,43,4,0,Yes,WhatsApp,9.8,0,1,1,6,2,2,49,8
Male,36,35-44,General Consultation,Tuesday,Afternoon,37,4,0,Yes,Email,9.5,0,9,6,250,36,10,287,42
Male,56,55-64,Follow-up,Monday,Afternoon,0,4,1,Yes,SMS,9.2,0,3,0,90,14,3,90,14
Male,48,45-54,General Consultation,Saturday,Morning,18,2,0,Yes,WhatsApp,21.3,0,1,1,6,2,1,24,4
Male,64,55-64,Follow-up,Sunday,Afternoon,35,1,1,No,No Reminder,9.3,1,7,6,194,28,8,229,33
Male,78,65+,General Consultation,Thursday,Morning,23,1,1,Yes,SMS,6.7,0,6,1,153,23,6,176,26
Prefer not to say,52,45-54,General Consultation,Friday,Afternoon,56,3,3,No,No Reminder,7.8,0,9,4,248,36,10,304,44
Female,18,18-24,Specialist Consultation,Sunday,Afternoon,41,3,1,Yes,Email,1.8,1,3,0,69,11,4,110,16
Female,55,55-64,General Consultation,Saturday,Evening,46,0,0,No,No Reminder,9.5,0,2,1,48,8,4,94,14
Female,45,45-54,General Consultation,Saturday,Afternoon,27,2,0,Yes,WhatsApp,3.4,0,2,6,46,7,3,73,11
Female,55,55-64,Follow-up,Thursday,Afternoon,27,3,0,No,No Reminder,11.4,0,5,4,149,22,6,176,26
Female,20,18-24,Follow-up,Monday,Afternoon,23,2,1,No,No Reminder,9.0,0,11,5,333,48,12,356,52
Female,52,45-54,Follow-up,Wednesday,Afternoon,45,0,0,Yes,SMS,5.8,0,2,6,33,5,3,78,12
Female,36,35-44,General Consultation,Tuesday,Afternoon,59,2,0,Yes,WhatsApp,8.4,0,7,5,186,27,9,245,36
Female,21,18-24,Specialist Consultation,Monday,Afternoon,10,4,0,No,No Reminder,8.0,0,3,4,86,13,4,96,15
Female,79,65+,Follow-up,Sunday,Morning,28,4,0,Yes,SMS,26.3,1,7,6,187,27,8,215,31
Female,57,55-64,Specialist Consultation,Thursday,Afternoon,39,0,0,Yes,SMS,14.0,0,1,6,5,1,2,44,7
Female,66,65+,Follow-up,Thursday,Morning,41,1,1,Yes,WhatsApp,5.0,0,2,4,51,8,4,92,14
Female,60,55-64,Follow-up,Tuesday,Afternoon,56,3,1,No,No Reminder,3.9,0,12,1,357,52,2,48,8
Female,26,25-34,Follow-up,Thursday,Morning,48,4,0,No,No Reminder,12.1,0,12,4,341,49,1,23,4
Female,46,45-54,General Consultation,Monday,Afternoon,15,3,0,Yes,WhatsApp,6.1,0,8,6,222,32,8,237,35
Male,73,65+,Follow-up,Friday,Afternoon,12,2,1,No,No Reminder,8.3,0,9,6,250,36,9,262,38
Female,79,65+,General Consultation,Sunday,Morning,29,2,0,No,No Reminder,5.2,1,4,5,108,16,5,137,20
Male,22,18-24,Diagnostic Test,Monday,Morning,5,8,4,Yes,SMS,5.7,0,3,2,78,12,3,83,13
Female,38,35-44,Follow-up,Tuesday,Morning,50,3,0,No,No Reminder,3.6,0,4,0,118,18,6,168,25
Female,40,35-44,General Consultation,Wednesday,Afternoon,39,5,0,Yes,SMS,6.6,0,3,5,60,9,4,99,15
Male,56,55-64,General Consultation,Wednesday,Morning,1,2,0,Yes,Email,2.0,0,5,1,133,20,5,134,20
Male,32,25-34,General Consultation,Friday,Morning,37,4,1,Yes,SMS,6.6,0,4,2,112,17,5,149,22
Male,59,55-64,General Consultation,Saturday,Morning,37,4,1,Yes,WhatsApp,6.3,0,12,3,354,51,1,25,4
Male,35,35-44,General Consultation,Friday,Evening,52,5,1,No,No Reminder,12.1,0,10,1,294,43,12,346,50
Male,73,65+,Specialist Consultation,Thursday,Afternoon,30,4,0,Yes,SMS,3.7,0,4,1,98,15,5,128,19
Female,72,65+,Follow-up,Wednesday,Afternoon,28,1,0,Yes,SMS,21.8,0,3,2,78,12,4,106,16
Male,37,35-44,General Consultation,Monday,Afternoon,37,4,0,Yes,Email,3.6,0,5,5,123,18,6,160,24
Female,38,35-44,Follow-up,Thursday,Morning,9,1,0,Yes,SMS,19.7,0,9,1,259,38,9,268,39
Female,39,35-44,Follow-up,Sunday,Morning,51,5,1,Yes,SMS,1.5,1,5,4,128,19,6,179,26
Male,60,55-64,Follow-up,Monday,Evening,13,2,2,No,No Reminder,4.7,0,11,1,308,45,11,321,47
Male,27,25-34,Specialist Consultation,Saturday,Afternoon,16,5,0,Yes,WhatsApp,11.9,0,9,3,254,37,9,270,39
Female,34,25-34,Diagnostic Test,Wednesday,Afternoon,14,2,0,Yes,WhatsApp,8.7,0,12,2,360,52,1,8,2
Female,34,25-34,General Consultation,Tuesday,Afternoon,48,2,0,Yes,SMS,7.3,0,4,2,99,15,5,147,22
Female,57,55-64,General Consultation,Saturday,Morning,8,4,0,Yes,SMS,18.0,0,3,4,86,13,4,94,14
Female,24,18-24,General Consultation,Monday,Afternoon,14,6,3,No,No Reminder,18.1,0,3,0,82,13,4,96,15
Female,29,25-34,Diagnostic Test,Monday,Morning,53,2,1,Yes,WhatsApp,2.3,0,10,3,296,43,12,349,51
Female,76,65+,General Consultation,Friday,Evening,19,5,2,Yes,SMS,10.8,0,10,6,285,41,10,304,44
Male,76,65+,Specialist Consultation,Sunday,Afternoon,22,5,1,Yes,SMS,7.1,1,11,5,333,48,12,355,51
Female,65,65+,Follow-up,Monday,Morning,4,1,0,Yes,SMS,19.0,0,8,3,219,32,8,223,33
Male,33,25-34,Follow-up,Thursday,Afternoon,27,3,0,Yes,SMS,19.4,0,12,4,339,49,1,1,1
Male,56,55-64,General Consultation,Tuesday,Evening,55,5,0,Yes,SMS,11.3,0,1,2,14,3,3,69,11
Female,59,55-64,Follow-up,Saturday,Morning,24,5,2,Yes,SMS,9.3,0,1,2,28,5,2,52,8
Male,72,65+,General Consultation,Tuesday,Afternoon,39,4,1,Yes,SMS,9.9,0,10,4,297,43,12,336,49
Male,27,25-34,Follow-up,Saturday,Morning,11,1,0,Yes,WhatsApp,8.7,0,1,1,21,4,2,32,5
Male,30,25-34,General Consultation,Sunday,Morning,44,2,0,Yes,WhatsApp,5.8,1,6,4,157,23,7,201,29
Male,53,45-54,Follow-up,Wednesday,Afternoon,4,6,1,Yes,SMS,5.3,0,2,5,38,6,2,42,7
Prefer not to say,73,65+,General Consultation,Wednesday,Morning,27,7,1,Yes,Email,6.2,0,9,3,268,39,10,295,43
Female,21,18-24,General Consultation,Monday,Morning,19,6,4,Yes,Email,25.3,0,4,2,98,15,4,117,18
Female,27,25-34,Diagnostic Test,Friday,Afternoon,0,3,0,Yes,WhatsApp,0.9,0,7,4,185,27,7,185,27
Female,49,45-54,General Consultation,Sunday,Afternoon,49,1,0,Yes,WhatsApp,5.1,1,8,6,215,31,9,264,38
Female,39,35-44,Follow-up,Saturday,Afternoon,32,0,0,Yes,SMS,20.1,0,9,1,259,38,10,291,42
Male,72,65+,General Consultation,Tuesday,Afternoon,44,7,1,No,No Reminder,17.1,0,1,6,11,2,2,55,9
Female,71,65+,Follow-up,Monday,Morning,5,3,1,Yes,SMS,20.8,0,1,2,7,2,1,12,3
Female,38,35-44,Follow-up,Saturday,Afternoon,53,5,1,Yes,SMS,9.4,0,2,1,48,8,4,101,15
Male,18,18-24,General Consultation,Monday,Afternoon,0,4,2,Yes,SMS,19.1,0,7,0,202,30,7,202,30
Male,26,25-34,Diagnostic Test,Friday,Morning,55,2,0,No,No Reminder,4.6,0,8,5,221,32,10,276,40
Male,24,18-24,Diagnostic Test,Sunday,Morning,40,3,0,Yes,SMS,8.4,1,7,1,196,29,8,236,34
Female,79,65+,General Consultation,Tuesday,Morning,20,0,0,Yes,SMS,1.6,0,4,2,112,17,5,132,20
Male,55,55-64,General Consultation,Monday,Morning,0,5,0,No,No Reminder,11.8,0,6,0,167,25,6,167,25
Male,60,55-64,General Consultation,Monday,Morning,37,5,0,Yes,SMS,11.6,0,10,5,284,41,11,321,47
Male,32,25-34,General Consultation,Friday,Evening,5,3,0,Yes,WhatsApp,9.5,0,3,6,61,9,3,66,10
Female,71,65+,Follow-up,Friday,Afternoon,37,2,0,No,No Reminder,7.0,0,3,2,63,10,4,100,15
Female,63,55-64,Follow-up,Tuesday,Afternoon,47,5,2,No,No Reminder,14.4,0,6,3,163,24,7,210,31
Male,47,45-54,General Consultation,Saturday,Afternoon,14,5,1,No,No Reminder,26.0,0,11,5,305,44,11,319,46
Female,61,55-64,General Consultation,Tuesday,Afternoon,13,3,0,Yes,SMS,11.4,0,9,2,260,38,9,273,40
Male,52,45-54,Diagnostic Test,Wednesday,Evening,13,3,2,Yes,WhatsApp,8.0,0,3,3,85,13,4,98,15
Male,42,35-44,Diagnostic Test,Saturday,Morning,6,4,0,Yes,SMS,5.7,0,10,6,285,41,10,291,42
Female,55,55-64,General Consultation,Friday,Afternoon,15,1,0,Yes,SMS,12.4,0,9,3,268,39,10,283,41
Female,78,65+,Follow-up,Sunday,Afternoon,18,7,3,Yes,SMS,11.9,1,12,2,360,52,1,12,2
Male,63,55-64,Follow-up,Wednesday,Evening,47,3,0,Yes,SMS,4.7,0,6,4,171,25,8,218,32
Male,64,55-64,Follow-up,Tuesday,Afternoon,49,4,1,No,No Reminder,8.3,0,5,1,132,20,6,181,27
Male,63,55-64,Diagnostic Test,Saturday,Afternoon,46,1,0,Yes,WhatsApp,4.2,0,3,1,90,14,5,136,20
Male,46,45-54,General Consultation,Wednesday,Evening,32,1,0,Yes,Email,6.1,0,11,5,312,45,12,344,50
Male,77,65+,General Consultation,Thursday,Evening,19,2,2,No,No Reminder,11.1,0,11,5,326,47,12,345,50
Male,53,45-54,General Consultation,Monday,Morning,12,2,0,No,No Reminder,6.8,0,3,2,85,13,4,97,15
Male,22,18-24,General Consultation,Sunday,Afternoon,28,1,0,Yes,WhatsApp,1.0,1,12,6,343,49,1,5,1
Female,36,35-44,Specialist Consultation,Saturday,Evening,27,3,0,Yes,SMS,1.8,0,6,6,159,23,7,186,27
Male,54,45-54,Specialist Consultation,Sunday,Afternoon,45,5,0,Yes,Email,1.9,1,5,3,128,19,6,173,25
Female,48,45-54,Follow-up,Tuesday,Morning,33,3,0,Yes,WhatsApp,19.5,0,3,3,72,11,4,105,16
Male,56,55-64,Follow-up,Tuesday,Morning,56,4,1,Yes,SMS,7.9,0,11,1,324,47,1,14,3
Male,44,35-44,Follow-up,Friday,Morning,53,2,0,Yes,WhatsApp,3.9,0,3,0,89,14,5,142,21
Female,56,55-64,Specialist Consultation,Tuesday,Morning,10,3,0,Yes,SMS,3.5,0,1,5,3,1,1,13,3
Male,67,65+,Specialist Consultation,Tuesday,Afternoon,55,4,1,Yes,SMS,18.9,0,7,2,190,28,9,245,36
Male,35,35-44,General Consultation,Monday,Morning,10,4,1,Yes,SMS,6.2,0,8,4,220,32,8,230,34
Female,54,45-54,General Consultation,Tuesday,Morning,51,4,0,Yes,Email,45.0,0,4,6,117,17,6,168,25
Female,54,45-54,Specialist Consultation,Wednesday,Afternoon,23,1,0,No,No Reminder,3.5,0,2,0,55,9,3,78,12
Female,75,65+,General Consultation,Thursday,Morning,7,1,0,Yes,Email,6.2,0,10,3,303,44,11,310,45
Female,33,25-34,Follow-up,Friday,Morning,55,3,0,Yes,SMS,17.0,0,6,5,172,25,8,227,33
Male,60,55-64,General Consultation,Thursday,Morning,16,3,0,No,No Reminder,13.0,0,3,1,77,12,4,93,14
Female,75,65+,General Consultation,Monday,Morning,5,5,2,Yes,SMS,10.5,0,1,2,14,3,1,19,4
Female,20,18-24,Specialist Consultation,Wednesday,Morning,19,6,2,Yes,SMS,10.5,0,9,4,269,39,10,288,42
Female,49,45-54,General Consultation,Sunday,Morning,9,2,0,Yes,Email,4.6,1,3,4,65,10,3,74,11
Female,47,45-54,General Consultation,Friday,Morning,10,2,0,No,No Reminder,6.3,0,11,1,329,48,12,339,49
Male,51,45-54,Follow-up,Thursday,Morning,58,3,1,Yes,WhatsApp,9.2,0,7,1,203,30,9,261,38
Male,43,35-44,General Consultation,Monday,Morning,13,2,2,Yes,SMS,11.2,0,6,1,160,24,6,173,26
Female,22,18-24,General Consultation,Friday,Afternoon,11,2,1,No,No Reminder,5.8,0,2,0,40,7,2,51,8
Female,74,65+,Follow-up,Saturday,Afternoon,58,4,2,Yes,WhatsApp,4.5,0,3,3,71,11,5,129,19
Male,46,45-54,General Consultation,Thursday,Morning,43,5,0,Yes,SMS,3.8,0,8,2,239,35,10,282,41
Male,51,45-54,General Consultation,Thursday,Evening,17,0,0,Yes,SMS,7.5,0,5,0,139,21,6,156,23
Female,45,45-54,Specialist Consultation,Sunday,Morning,3,1,0,Yes,SMS,3.6,1,12,3,338,49,12,341,49
Female,53,45-54,General Consultation,Tuesday,Afternoon,41,7,1,Yes,SMS,30.0,0,1,2,21,4,3,62,10
Female,22,18-24,Specialist Consultation,Tuesday,Evening,35,6,0,No,No Reminder,5.9,0,8,1,217,32,9,252,37
Male,21,18-24,Specialist Consultation,Sunday,Morning,20,5,2,Yes,WhatsApp,9.7,1,3,0,89,14,4,109,16
Male,47,45-54,General Consultation,Monday,Afternoon,43,6,2,Yes,SMS,12.5,0,12,6,364,52,2,41,7
Male,55,55-64,General Consultation,Tuesday,Morning,39,10,2,Yes,SMS,10.5,0,1,4,24,4,3,63,10
Female,52,45-54,General Consultation,Saturday,Afternoon,26,1,0,Yes,SMS,13.4,0,9,0,251,37,10,277,40
Female,45,45-54,General Consultation,Wednesday,Morning,11,5,0,Yes,SMS,9.2,0,1,5,24,4,2,35,6
Female,36,35-44,Follow-up,Wednesday,Afternoon,1,2,0,Yes,SMS,2.4,0,3,1,76,12,3,77,12
Female,62,55-64,General Consultation,Friday,Morning,57,8,0,No,No Reminder,9.6,0,7,3,184,27,8,241,35
Male,56,55-64,Specialist Consultation,Sunday,Afternoon,17,0,0,Yes,SMS,6.8,1,12,3,338,49,12,355,51
Male,20,18-24,Follow-up,Wednesday,Morning,18,3,0,Yes,WhatsApp,4.3,0,10,5,284,41,10,302,44
Male,46,45-54,Specialist Consultation,Tuesday,Afternoon,41,4,0,Yes,SMS,24.6,0,4,2,119,18,6,160,24
Female,67,65+,Follow-up,Saturday,Afternoon,22,3,1,No,No Reminder,11.6,0,7,4,206,30,8,228,33
Male,36,35-44,Diagnostic Test,Sunday,Evening,43,0,0,No,No Reminder,11.1,1,5,5,122,18,6,165,24
Male,76,65+,Diagnostic Test,Friday,Afternoon,36,2,0,No,No Reminder,20.9,0,1,3,23,4,2,59,9
Female,59,55-64,General Consultation,Monday,Afternoon,40,5,3,No,No Reminder,10.3,0,5,2,133,20,6,173,26
Female,45,45-54,General Consultation,Wednesday,Morning,0,4,1,Yes,SMS,5.5,0,3,2,85,13,3,85,13
Male,57,55-64,General Consultation,Saturday,Evening,27,1,1,Yes,WhatsApp,1.7,0,5,6,131,19,6,158,23
Female,32,25-34,Follow-up,Thursday,Morning,38,4,0,No,No Reminder,6.0,0,12,0,363,1,2,36,6
Male,27,25-34,General Consultation,Sunday,Morning,9,1,0,Yes,Email,18.8,1,6,4,156,23,6,165,24
Male,45,45-54,Follow-up,Saturday,Afternoon,9,3,2,Yes,SMS,2.3,0,2,3,36,6,2,45,7
Male,23,18-24,Specialist Consultation,Sunday,Afternoon,46,2,1,No,No Reminder,9.4,1,10,2,302,44,12,348,50
Female,79,65+,Follow-up,Friday,Afternoon,49,3,1,No,No Reminder,23.4,0,11,4,320,46,1,3,1
Female,79,65+,Specialist Consultation,Thursday,Evening,60,2,0,Yes,SMS,1.1,0,4,6,103,15,6,163,24
Male,57,55-64,General Consultation,Sunday,Afternoon,39,4,1,Yes,SMS,6.0,1,8,2,239,35,10,278,40
Female,45,45-54,Follow-up,Sunday,Afternoon,9,6,0,No,No Reminder,11.8,1,2,4,51,8,3,60,9
Female,35,35-44,General Consultation,Wednesday,Afternoon,56,1,0,Yes,Email,12.0,0,4,2,105,16,6,161,24
Male,37,35-44,Specialist Consultation,Thursday,Afternoon,20,3,0,Yes,WhatsApp,4.1,0,9,4,248,36,9,268,39
Female,52,45-54,Follow-up,Thursday,Afternoon,48,1,0,Yes,WhatsApp,0.7,0,3,4,65,10,4,113,17
Male,58,55-64,General Consultation,Tuesday,Evening,20,2,0,No,No Reminder,9.2,0,6,2,154,23,6,174,26
Female,28,25-34,Follow-up,Wednesday,Afternoon,48,2,0,Yes,SMS,14.4,0,2,3,57,9,4,105,16
Female,56,55-64,Specialist Consultation,Thursday,Morning,27,2,0,Yes,SMS,16.8,0,8,4,227,33,9,254,37
Female,76,65+,Specialist Consultation,Friday,Morning,3,1,0,No,No Reminder,10.8,0,6,1,175,26,6,178,26
Female,18,18-24,Follow-up,Thursday,Afternoon,11,2,0,Yes,SMS,13.8,0,6,6,158,23,6,169,25
Male,56,55-64,General Consultation,Wednesday,Afternoon,11,5,1,Yes,WhatsApp,17.7,0,8,5,214,31,8,225,33
Male,39,35-44,Specialist Consultation,Monday,Evening,16,2,0,No,No Reminder,15.2,0,1,5,25,4,2,41,7
Female,64,55-64,Specialist Consultation,Tuesday,Morning,33,2,0,No,No Reminder,12.6,0,2,3,36,6,3,69,11
Female,56,55-64,General Consultation,Sunday,Morning,15,4,1,No,No Reminder,5.2,1,12,5,340,49,12,355,51
Male,66,65+,General Consultation,Sunday,Afternoon,7,7,0,Yes,WhatsApp,8.7,1,2,6,40,6,2,47,7
Female,23,18-24,General Consultation,Friday,Evening,38,5,0,No,No Reminder,6.7,0,3,1,84,13,5,122,18
Female,21,18-24,General Consultation,Friday,Morning,42,5,1,Yes,WhatsApp,7.1,0,9,4,262,38,10,304,44
Female,58,55-64,General Consultation,Thursday,Morning,44,0,0,Yes,SMS,13.3,0,9,1,252,37,10,296,43
Female,44,35-44,General Consultation,Wednesday,Afternoon,26,2,1,No,No Reminder,5.1,0,4,4,114,17,5,140,21
Male,63,55-64,General Consultation,Sunday,Morning,14,2,0,Yes,SMS,11.1,1,8,6,229,33,8,243,35
Female,29,25-34,Follow-up,Thursday,Morning,54,1,0,No,No Reminder,7.2,0,1,5,31,5,3,85,13
Female,79,65+,General Consultation,Sunday,Afternoon,32,4,0,Yes,WhatsApp,3.3,1,4,2,99,15,5,131,19
Male,44,35-44,Follow-up,Tuesday,Afternoon,5,3,2,Yes,Email,16.5,0,1,3,16,3,1,21,4
Female,27,25-34,Specialist Consultation,Friday,Afternoon,42,1,0,Yes,SMS,45.0,0,12,4,355,51,1,31,5
Male,72,65+,Follow-up,Friday,Morning,16,2,0,Yes,SMS,8.7,0,5,2,140,21,6,156,23
Male,25,25-34,General Consultation,Monday,Morning,44,3,0,Yes,Email,22.4,0,12,5,349,50,1,27,5
Female,44,35-44,General Consultation,Monday,Evening,30,5,0,Yes,Email,4.5,0,6,5,172,25,7,202,30
Female,60,55-64,Diagnostic Test,Saturday,Morning,46,3,2,Yes,SMS,8.7,0,1,1,14,3,3,60,9
Male,24,18-24,Follow-up,Saturday,Evening,34,3,1,Yes,WhatsApp,14.7,0,1,6,18,3,2,52,8
Female,62,55-64,General Consultation,Sunday,Morning,3,3,0,Yes,Email,4.5,1,1,3,22,4,1,25,4
Female,48,45-54,Follow-up,Thursday,Morning,4,4,0,No,No Reminder,3.9,0,12,6,355,51,12,359,52
Female,21,18-24,Specialist Consultation,Friday,Afternoon,47,4,0,Yes,SMS,4.3,0,1,6,11,2,2,58,9
Female,29,25-34,Specialist Consultation,Sunday,Morning,2,4,1,No,No Reminder,6.0,1,1,4,3,1,1,5,1
Female,53,45-54,General Consultation,Saturday,Afternoon,22,2,0,Yes,WhatsApp,16.9,0,3,4,86,13,4,108,16
Male,42,35-44,General Consultation,Sunday,Evening,18,2,0,Yes,WhatsApp,5.1,1,1,2,21,4,2,39,6
Female,25,25-34,Diagnostic Test,Sunday,Afternoon,36,2,0,No,No Reminder,14.9,1,6,5,179,26,8,215,31
Female,68,65+,General Consultation,Saturday,Morning,10,1,0,Yes,WhatsApp,15.2,0,3,2,63,10,3,73,11
Female,67,65+,General Consultation,Monday,Afternoon,60,4,1,Yes,WhatsApp,2.6,0,11,3,333,48,1,27,5
Male,21,18-24,Follow-up,Monday,Afternoon,4,2,1,Yes,SMS,6.9,0,5,3,127,19,5,131,20
Female,41,35-44,Follow-up,Friday,Morning,3,3,2,Yes,SMS,4.8,0,5,1,126,19,5,129,19
Prefer not to say,34,25-34,General Consultation,Tuesday,Morning,16,5,1,No,No Reminder,23.8,0,2,6,40,6,2,56,9
Male,32,25-34,Specialist Consultation,Tuesday,Afternoon,39,5,0,No,No Reminder,8.7,0,3,4,65,10,4,104,16
Male,66,65+,General Consultation,Sunday,Morning,2,3,2,No,No Reminder,7.6,1,8,4,241,35,8,243,35
Prefer not to say,54,45-54,Specialist Consultation,Friday,Afternoon,44,4,1,No,No Reminder,9.1,0,11,2,325,47,1,3,1
Prefer not to say,23,18-24,Follow-up,Wednesday,Afternoon,43,3,1,Yes,SMS,9.5,0,8,1,238,35,10,281,41
Female,80,65+,Follow-up,Saturday,Morning,9,4,0,Yes,SMS,19.2,0,5,3,135,20,5,144,21
Male,35,35-44,General Consultation,Friday,Morning,18,2,0,Yes,SMS,14.4,0,9,0,272,40,10,290,42
Female,29,25-34,General Consultation,Friday,Afternoon,11,5,2,Yes,Email,10.0,0,1,0,6,2,1,17,3
Female,73,65+,General Consultation,Friday,Afternoon,0,4,0,No,No Reminder,9.2,0,8,4,220,32,8,220,32
Female,26,25-34,General Consultation,Sunday,Morning,10,5,1,Yes,SMS,9.0,1,1,3,8,2,1,18,3
Female,46,45-54,General Consultation,Tuesday,Afternoon,36,4,0,No,No Reminder,18.6,0,3,0,89,14,5,125,19
Female,64,55-64,Specialist Consultation,Sunday,Afternoon,18,6,2,Yes,WhatsApp,5.0,1,11,2,316,46,11,334,48
Male,55,55-64,Follow-up,Friday,Morning,21,2,0,No,No Reminder,5.5,0,12,4,346,50,1,2,1
Male,29,25-34,General Consultation,Tuesday,Morning,49,3,2,Yes,Email,29.0,0,4,1,91,14,5,140,21
Male,78,65+,Specialist Consultation,Tuesday,Morning,29,5,1,Yes,SMS,5.7,0,9,0,258,38,10,287,42
Male,30,25-34,Diagnostic Test,Thursday,Afternoon,20,4,0,No,No Reminder,2.4,0,6,4,171,25,7,191,28
Male,62,55-64,Follow-up,Monday,Afternoon,2,4,0,No,No Reminder,12.5,0,2,5,59,9,3,61,10
Female,75,65+,Diagnostic Test,Saturday,Afternoon,4,2,0,Yes,SMS,14.0,0,4,1,97,15,4,101,15
Male,68,65+,Diagnostic Test,Friday,Afternoon,51,4,1,Yes,Email,1.1,0,3,2,77,12,5,128,19
Male,68,65+,General Consultation,Friday,Evening,3,5,1,Yes,WhatsApp,6.6,0,6,1,161,24,6,164,24
Male,28,25-34,Specialist Consultation,Friday,Afternoon,47,1,0,Yes,WhatsApp,8.7,0,12,6,341,49,1,23,4
Female,26,25-34,Specialist Consultation,Wednesday,Afternoon,55,2,0,Yes,WhatsApp,3.4,0,9,3,268,39,11,323,47
Male,67,65+,Specialist Consultation,Wednesday,Morning,28,1,0,Yes,WhatsApp,3.3,0,8,2,218,32,9,246,36
Female,64,55-64,General Consultation,Tuesday,Evening,47,2,0,Yes,SMS,18.4,0,1,3,16,3,3,63,10
Male,44,35-44,General Consultation,Saturday,Evening,59,2,0,Yes,WhatsApp,10.3,0,4,2,92,14,5,151,22
Male,50,45-54,Follow-up,Tuesday,Morning,7,3,2,Yes,WhatsApp,10.6,0,10,1,294,43,10,301,44
Male,18,18-24,Specialist Consultation,Thursday,Afternoon,58,4,2,No,No Reminder,5.3,0,3,1,62,10,4,120,18
Male,51,45-54,Specialist Consultation,Sunday,Afternoon,8,4,1,Yes,WhatsApp,26.3,1,4,5,95,14,4,103,15
Male,25,25-34,Specialist Consultation,Tuesday,Morning,3,4,0,Yes,Email,17.8,0,1,5,3,1,1,6,2
Female,31,25-34,Diagnostic Test,Sunday,Morning,36,1,0,No,No Reminder,16.0,1,5,5,151,22,7,187,27
Male,80,65+,General Consultation,Wednesday,Morning,3,7,3,Yes,SMS,13.3,0,8,6,243,35,9,246,36
Male,61,55-64,Follow-up,Tuesday,Morning,42,2,0,No,No Reminder,4.0,0,12,1,350,51,1,27,5
Male,77,65+,General Consultation,Wednesday,Morning,14,6,1,Yes,WhatsApp,26.8,0,8,2,218,32,8,232,34
Female,55,55-64,General Consultation,Sunday,Afternoon,4,9,1,Yes,WhatsApp,7.6,1,10,2,288,42,10,292,42
Male,74,65+,General Consultation,Tuesday,Afternoon,11,3,0,Yes,SMS,3.1,0,6,4,170,25,6,181,27
Female,40,35-44,Follow-up,Monday,Afternoon,32,4,0,Yes,WhatsApp,3.3,0,11,3,317,46,12,349,51
Female,61,55-64,General Consultation,Saturday,Afternoon,48,3,1,Yes,SMS,8.0,0,1,6,11,2,2,59,9
Male,70,65+,Follow-up,Monday,Afternoon,36,4,1,No,No Reminder,5.6,0,7,6,187,27,8,223,33
Male,79,65+,General Consultation,Sunday,Morning,18,4,1,Yes,SMS,10.4,1,10,2,274,40,10,292,42
Female,56,55-64,General Consultation,Sunday,Afternoon,60,3,0,Yes,WhatsApp,8.7,1,1,2,15,3,3,75,11
Female,54,45-54,General Consultation,Friday,Afternoon,40,2,0,Yes,Email,7.3,0,1,6,26,4,3,66,10
Female,72,65+,Follow-up,Monday,Afternoon,40,3,0,Yes,SMS,3.5,0,10,2,274,40,11,314,46
Female,40,35-44,Follow-up,Monday,Morning,43,3,1,Yes,SMS,20.1,0,5,6,137,20,6,180,27
Male,57,55-64,Specialist Consultation,Monday,Afternoon,34,4,1,No,No Reminder,3.2,0,3,1,69,11,4,103,16
Male,52,45-54,Follow-up,Sunday,Morning,60,3,0,No,No Reminder,19.2,1,11,2,323,47,1,18,3
Male,32,25-34,Specialist Consultation,Friday,Evening,29,3,0,Yes,SMS,19.8,0,1,3,8,2,2,37,6
Female,50,45-54,Diagnostic Test,Friday,Morning,41,3,1,No,No Reminder,10.0,0,10,5,284,41,11,325,47
Female,57,55-64,General Consultation,Sunday,Afternoon,20,6,0,Yes,Email,10.0,1,1,0,13,3,2,33,5
Female,74,65+,General Consultation,Sunday,Afternoon,2,1,0,No,No Reminder,9.2,1,8,4,213,31,8,215,31
Male,80,65+,Follow-up,Wednesday,Morning,45,1,0,Yes,SMS,13.0,0,3,6,75,11,4,120,18
Female,54,45-54,General Consultation,Monday,Afternoon,22,3,2,No,No Reminder,1.4,0,9,6,250,36,9,272,40
Male,36,35-44,Diagnostic Test,Monday,Evening,42,1,0,No,No Reminder,32.1,0,5,0,146,22,7,188,28
Male,65,65+,Diagnostic Test,Saturday,Morning,0,2,0,Yes,SMS,14.6,0,3,5,74,11,3,74,11
Female,42,35-44,General Consultation,Wednesday,Afternoon,2,2,0,Yes,WhatsApp,10.5,0,2,0,55,9,2,57,9
Male,41,35-44,General Consultation,Saturday,Afternoon,30,2,1,No,No Reminder,14.3,0,6,3,170,25,7,200,29
Male,70,65+,General Consultation,Saturday,Afternoon,38,1,0,Yes,WhatsApp,9.3,0,1,2,8,2,2,46,7
Female,72,65+,General Consultation,Thursday,Afternoon,57,4,1,Yes,SMS,13.6,0,12,2,346,50,2,37,6
Male,41,35-44,Follow-up,Monday,Morning,15,2,0,Yes,WhatsApp,6.7,0,4,6,96,14,4,111,17
Male,72,65+,General Consultation,Thursday,Morning,49,1,0,Yes,SMS,12.1,0,9,3,254,37,10,303,44
Female,28,25-34,Follow-up,Friday,Morning,29,3,0,Yes,Email,10.6,0,12,3,347,50,1,10,2
Male,54,45-54,General Consultation,Friday,Afternoon,10,1,0,Yes,WhatsApp,6.0,0,8,1,238,35,9,248,36
Female,71,65+,General Consultation,Wednesday,Morning,1,2,0,No,No Reminder,1.9,0,6,1,160,24,6,161,24
Female,44,35-44,Follow-up,Saturday,Evening,3,2,2,No,No Reminder,10.1,0,12,2,344,50,12,347,50
Female,70,65+,Follow-up,Sunday,Morning,60,6,1,Yes,Email,14.1,1,2,2,56,9,4,116,17
Female,18,18-24,Specialist Consultation,Monday,Morning,4,8,2,No,No Reminder,26.7,0,7,3,184,27,7,188,28
Male,65,65+,General Consultation,Wednesday,Evening,57,2,1,Yes,WhatsApp,11.9,0,7,1,189,28,9,246,36
Male,22,18-24,Specialist Consultation,Monday,Evening,44,3,0,Yes,WhatsApp,4.5,0,7,5,186,27,8,230,34
Female,58,55-64,General Consultation,Thursday,Afternoon,8,2,0,Yes,WhatsApp,18.6,0,4,2,112,17,4,120,18
Male,30,25-34,General Consultation,Monday,Morning,52,7,2,Yes,SMS,9.6,0,4,4,107,16,6,159,24
Female,78,65+,Specialist Consultation,Wednesday,Morning,8,2,0,Yes,Email,18.7,0,6,1,153,23,6,161,24
Female,66,65+,Follow-up,Sunday,Morning,8,6,2,Yes,SMS,5.8,1,2,5,38,6,2,46,7
Female,24,18-24,General Consultation,Thursday,Afternoon,35,0,0,No,No Reminder,8.2,0,8,3,240,35,10,275,40
Female,33,25-34,Specialist Consultation,Saturday,Afternoon,17,1,0,Yes,SMS,16.0,0,6,2,154,23,6,171,25
Male,52,45-54,Diagnostic Test,Thursday,Morning,11,2,1,No,No Reminder,11.2,0,5,6,145,21,6,156,23
Female,23,18-24,Follow-up,Wednesday,Afternoon,37,3,0,Yes,WhatsApp,12.6,0,6,0,153,23,7,190,28
Male,24,18-24,General Consultation,Tuesday,Morning,1,3,0,Yes,SMS,15.7,0,5,0,124,19,5,125,19
Female,33,25-34,Follow-up,Wednesday,Afternoon,14,4,0,Yes,SMS,8.8,0,7,2,197,29,7,211,31
Female,71,65+,Follow-up,Friday,Evening,42,3,0,Yes,Email,5.9,0,5,4,136,20,6,178,26
Male,28,25-34,Specialist Consultation,Saturday,Afternoon,13,2,0,Yes,SMS,2.7,0,4,6,109,16,5,122,18
Female,18,18-24,Specialist Consultation,Tuesday,Evening,46,3,0,Yes,WhatsApp,9.6,0,5,4,122,18,6,168,25
Male,36,35-44,Specialist Consultation,Friday,Evening,23,1,0,Yes,SMS,3.5,0,9,2,267,39,10,290,42
Female,25,25-34,General Consultation,Tuesday,Afternoon,33,4,1,Yes,WhatsApp,2.8,0,1,3,8,2,2,41,7
Male,54,45-54,General Consultation,Monday,Morning,35,3,0,Yes,WhatsApp,5.6,0,3,0,83,13,4,118,18
Female,74,65+,General Consultation,Wednesday,Afternoon,5,5,2,No,No Reminder,11.8,0,11,4,318,46,11,323,47
Male,60,55-64,General Consultation,Friday,Morning,34,4,2,No,No Reminder,2.9,0,11,5,305,44,12,339,49
Male,71,65+,General Consultation,Tuesday,Morning,9,3,0,Yes,WhatsApp,7.5,0,12,6,348,50,12,357,52
Prefer not to say,55,55-64,General Consultation,Tuesday,Morning,34,3,0,Yes,SMS,1.4,0,12,2,346,50,1,14,3
Male,21,18-24,General Consultation,Friday,Afternoon,56,6,0,No,No Reminder,6.0,0,4,4,108,16,6,164,24
Male,39,35-44,General Consultation,Sunday,Morning,32,1,0,Yes,SMS,18.5,1,3,2,70,11,4,102,15
Female,69,65+,Diagnostic Test,Monday,Afternoon,46,3,2,Yes,SMS,33.8,0,3,3,86,13,5,132,20
Female,20,18-24,Specialist Consultation,Friday,Afternoon,18,2,0,Yes,SMS,8.0,0,5,0,146,22,6,164,24
Female,70,65+,Diagnostic Test,Monday,Morning,49,1,0,Yes,WhatsApp,3.6,0,2,0,48,8,4,97,15
Male,21,18-24,General Consultation,Wednesday,Evening,55,4,1,No,No Reminder,11.0,0,1,3,30,5,3,85,13
Female,78,65+,General Consultation,Wednesday,Morning,45,1,1,Yes,SMS,20.6,0,5,6,145,21,7,190,28
Female,65,65+,Specialist Consultation,Thursday,Morning,39,4,1,Yes,WhatsApp,9.2,0,3,6,74,11,4,113,17
Female,59,55-64,Follow-up,Wednesday,Afternoon,32,3,2,Yes,WhatsApp,17.1,0,11,5,335,48,1,1,1
Female,23,18-24,General Consultation,Monday,Afternoon,51,2,0,Yes,SMS,2.0,0,12,5,349,50,2,34,6
Male,46,45-54,Follow-up,Sunday,Evening,14,3,0,No,No Reminder,8.7,1,11,6,306,44,11,320,46
Female,66,65+,Follow-up,Saturday,Morning,12,1,0,Yes,SMS,12.2,0,12,0,335,49,12,347,50
Male,21,18-24,General Consultation,Thursday,Afternoon,6,4,2,No,No Reminder,14.5,0,8,4,234,34,8,240,35
Female,57,55-64,Specialist Consultation,Thursday,Morning,59,2,0,Yes,SMS,6.2,0,2,0,47,8,4,106,16
Female,56,55-64,Specialist Consultation,Thursday,Evening,5,1,0,Yes,SMS,9.7,0,9,5,256,37,9,261,38
Female,66,65+,Specialist Consultation,Sunday,Afternoon,21,0,0,Yes,WhatsApp,8.7,1,6,6,158,23,6,179,26
Male,74,65+,General Consultation,Tuesday,Morning,10,4,1,Yes,Email,9.9,0,11,5,312,45,11,322,47
Female,52,45-54,General Consultation,Sunday,Evening,42,1,0,Yes,SMS,11.7,1,11,6,327,47,1,4,1
Female,79,65+,Follow-up,Saturday,Afternoon,48,5,1,Yes,Email,3.4,0,2,6,32,5,3,80,12
Male,61,55-64,Diagnostic Test,Friday,Morning,36,5,0,Yes,WhatsApp,13.2,0,4,3,92,14,5,128,19
Female,24,18-24,General Consultation,Saturday,Afternoon,8,6,2,Yes,Email,3.2,0,2,4,58,9,3,66,10
Male,43,35-44,Follow-up,Sunday,Afternoon,51,0,0,Yes,SMS,13.8,1,7,4,206,30,9,257,37
Male,50,45-54,General Consultation,Friday,Afternoon,15,5,2,Yes,SMS,9.5,0,3,3,79,12,4,94,14
Male,70,65+,Diagnostic Test,Monday,Afternoon,21,2,1,No,No Reminder,13.3,0,10,0,286,42,11,307,45
Female,26,25-34,General Consultation,Friday,Afternoon,49,7,2,Yes,Email,15.8,0,7,4,185,27,8,234,34
Male,24,18-24,General Consultation,Tuesday,Morning,17,1,0,No,No Reminder,7.6,0,12,5,340,49,12,357,52
Female,79,65+,Follow-up,Tuesday,Afternoon,4,4,1,Yes,Email,4.4,0,6,4,171,25,6,175,26
Prefer not to say,24,18-24,Diagnostic Test,Saturday,Evening,20,2,1,No,No Reminder,5.6,0,5,6,137,20,6,157,23
Female,64,55-64,General Consultation,Monday,Afternoon,50,2,0,No,No Reminder,6.3,0,1,6,11,2,3,61,10
Female,66,65+,General Consultation,Tuesday,Morning,16,4,1,Yes,SMS,0.5,0,9,6,264,38,10,280,41
Female,38,35-44,General Consultation,Tuesday,Afternoon,32,1,0,Yes,WhatsApp,14.3,0,4,4,114,17,5,146,22
Male,22,18-24,Specialist Consultation,Monday,Morning,49,3,0,Yes,SMS,11.4,0,7,0,188,28,8,237,35
Female,37,35-44,Specialist Consultation,Tuesday,Morning,2,1,0,Yes,WhatsApp,5.6,0,3,6,75,11,3,77,12
Male,60,55-64,General Consultation,Thursday,Afternoon,17,6,2,Yes,WhatsApp,3.1,0,5,0,131,20,5,148,22
Male,80,65+,Follow-up,Sunday,Evening,11,1,0,Yes,Email,13.9,1,1,2,28,5,2,39,6
Male,68,65+,General Consultation,Wednesday,Morning,8,3,0,Yes,Email,2.6,0,2,1,49,8,2,57,9
Female,58,55-64,Diagnostic Test,Thursday,Afternoon,41,4,1,No,No Reminder,2.6,0,4,4,94,14,5,135,20
Female,75,65+,Follow-up,Saturday,Morning,39,2,0,Yes,Email,18.0,0,7,1,210,31,9,249,36
Male,37,35-44,General Consultation,Sunday,Afternoon,21,3,1,No,No Reminder,10.0,1,5,6,124,18,5,145,21
Female,36,35-44,Follow-up,Thursday,Morning,29,1,0,Yes,WhatsApp,10.9,0,9,2,253,37,10,282,41
Female,27,25-34,General Consultation,Sunday,Evening,10,7,1,Yes,SMS,1.1,1,2,3,57,9,3,67,10
Female,35,35-44,General Consultation,Friday,Morning,26,5,0,Yes,WhatsApp,0.9,0,5,6,145,21,6,171,25
Male,55,55-64,Specialist Consultation,Sunday,Evening,14,1,1,No,No Reminder,8.1,1,1,6,12,2,1,26,4
Female,73,65+,Follow-up,Tuesday,Afternoon,6,5,2,Yes,SMS,7.9,0,1,2,22,4,1,28,5
Female,26,25-34,General Consultation,Saturday,Afternoon,8,1,0,Yes,SMS,4.3,0,4,4,93,14,4,101,15
Male,60,55-64,General Consultation,Sunday,Evening,31,2,0,Yes,WhatsApp,8.4,1,1,3,30,5,3,61,9
Male,66,65+,Follow-up,Sunday,Morning,22,4,0,Yes,SMS,4.9,1,11,5,326,47,12,348,50
Male,65,65+,Diagnostic Test,Sunday,Morning,31,0,0,Yes,SMS,9.4,1,1,3,29,5,3,60,9
Female,27,25-34,Follow-up,Monday,Afternoon,10,4,0,No,No Reminder,5.4,0,1,4,24,4,2,34,6
Female,48,45-54,Specialist Consultation,Wednesday,Afternoon,0,4,1,Yes,WhatsApp,16.9,0,5,2,126,19,5,126,19
Female,77,65+,General Consultation,Saturday,Morning,8,4,0,Yes,Email,3.0,0,1,4,9,2,1,17,3
Female,75,65+,Specialist Consultation,Wednesday,Morning,27,4,0,Yes,SMS,28.3,0,8,3,219,32,9,246,36
Female,56,55-64,General Consultation,Thursday,Morning,58,4,2,Yes,SMS,10.3,0,2,1,56,9,4,114,17
Male,78,65+,General Consultation,Thursday,Morning,14,3,0,Yes,Email,8.0,0,6,3,155,23,6,169,25
Male,75,65+,Diagnostic Test,Monday,Evening,21,5,0,No,No Reminder,7.5,0,7,0,195,29,8,216,32
Female,28,25-34,Specialist Consultation,Tuesday,Evening,43,6,1,No,No Reminder,13.2,0,3,0,83,13,5,126,19
Male,41,35-44,Follow-up,Saturday,Evening,19,2,2,Yes,SMS,7.9,0,7,0,209,31,8,228,33
Female,33,25-34,Follow-up,Monday,Afternoon,40,2,1,Yes,WhatsApp,3.1,0,2,2,43,7,3,83,13
Male,63,55-64,Follow-up,Wednesday,Morning,54,3,0,No,No Reminder,7.1,0,11,4,313,45,1,1,1
Female,58,55-64,Specialist Consultation,Monday,Afternoon,34,2,0,No,No Reminder,3.0,0,1,1,28,5,3,62,10
Female,67,65+,Specialist Consultation,Friday,Morning,56,3,0,Yes,WhatsApp,1.8,0,2,4,51,8,4,107,16
Female,37,35-44,General Consultation,Sunday,Morning,47,4,2,Yes,Email,17.3,1,2,1,42,7,3,89,13
Female,40,35-44,General Consultation,Sunday,Afternoon,8,1,0,Yes,SMS,13.9,1,2,5,53,8,3,61,9
Female,60,55-64,General Consultation,Sunday,Morning,7,3,0,Yes,SMS,19.7,1,9,6,271,39,10,278,40
Male,49,45-54,Diagnostic Test,Saturday,Afternoon,53,1,0,Yes,SMS,5.4,0,4,1,98,15,5,151,22
Male,22,18-24,General Consultation,Thursday,Morning,33,1,0,Yes,WhatsApp,9.4,0,8,5,235,34,9,268,39
Male,18,18-24,General Consultation,Thursday,Afternoon,18,4,1,No,No Reminder,5.8,0,12,6,364,52,1,16,3
Male,29,25-34,General Consultation,Tuesday,Morning,21,2,0,Yes,WhatsApp,7.5,0,6,1,161,24,7,182,27
Male,78,65+,Diagnostic Test,Sunday,Morning,48,2,0,No,No Reminder,8.4,1,7,0,188,28,8,236,34
Female,43,35-44,Specialist Consultation,Tuesday,Morning,37,3,0,Yes,SMS,9.3,0,9,6,264,38,10,301,44
Female,79,65+,Follow-up,Tuesday,Afternoon,53,3,0,Yes,SMS,4.1,0,1,4,9,2,3,62,10
Male,78,65+,Follow-up,Sunday,Afternoon,28,2,1,No,No Reminder,6.2,1,3,6,67,10,4,95,14
Male,65,65+,Follow-up,Tuesday,Afternoon,31,2,1,Yes,SMS,5.5,0,4,5,95,14,5,126,19
Female,42,35-44,General Consultation,Thursday,Morning,33,3,1,Yes,SMS,10.4,0,5,5,144,21,6,177,26
Male,36,35-44,General Consultation,Sunday,Morning,25,1,0,Yes,SMS,12.8,1,10,2,302,44,11,327,47
Male,65,65+,Specialist Consultation,Tuesday,Afternoon,16,4,1,Yes,WhatsApp,9.8,0,4,6,117,17,5,133,20
Male,65,65+,Follow-up,Saturday,Evening,29,5,2,Yes,SMS,5.2,0,8,4,234,34,9,263,38
Male,23,18-24,General Consultation,Friday,Afternoon,2,3,0,Yes,SMS,19.0,0,1,2,7,2,1,9,2
Male,56,55-64,Follow-up,Monday,Morning,49,5,0,Yes,SMS,20.8,0,3,0,76,12,5,125,19
Male,32,25-34,Diagnostic Test,Wednesday,Afternoon,5,3,0,Yes,Email,20.4,0,2,4,37,6,2,42,7
Male,27,25-34,General Consultation,Monday,Evening,6,1,0,Yes,SMS,10.7,0,6,1,175,26,6,181,27
Female,65,65+,Diagnostic Test,Thursday,Afternoon,49,8,3,Yes,WhatsApp,32.2,0,3,3,86,13,5,135,20
Female,49,45-54,Specialist Consultation,Saturday,Morning,18,3,0,Yes,SMS,7.7,0,5,1,125,19,5,143,21
Male,45,45-54,Follow-up,Sunday,Morning,16,5,2,No,No Reminder,9.4,1,9,4,248,36,9,264,38
Female,19,18-24,Specialist Consultation,Sunday,Morning,11,4,0,Yes,Email,2.9,1,9,2,260,38,9,271,39
Female,21,18-24,Specialist Consultation,Tuesday,Afternoon,2,2,0,No,No Reminder,6.2,0,9,6,250,36,9,252,37
Male,60,55-64,General Consultation,Friday,Afternoon,0,4,0,Yes,Email,5.9,0,4,4,107,16,4,107,16
Male,33,25-34,Diagnostic Test,Tuesday,Afternoon,9,4,1,Yes,Email,10.0,0,4,6,96,14,4,105,16
Male,75,65+,Follow-up,Monday,Morning,42,6,1,Yes,SMS,11.9,0,2,0,41,7,3,83,13
Male,39,35-44,Specialist Consultation,Wednesday,Afternoon,18,3,0,No,No Reminder,10.7,0,11,5,312,45,11,330,48
Female,64,55-64,Follow-up,Sunday,Morning,4,1,0,Yes,WhatsApp,10.9,1,1,2,22,4,1,26,4
Female,76,65+,Specialist Consultation,Monday,Afternoon,29,5,1,Yes,WhatsApp,10.5,0,2,6,47,7,3,76,12
Female,69,65+,General Consultation,Sunday,Afternoon,51,5,1,Yes,WhatsApp,14.6,1,11,4,327,47,1,12,2
Male,47,45-54,General Consultation,Sunday,Afternoon,20,2,0,Yes,WhatsApp,18.4,1,4,0,117,18,5,137,20
Male,44,35-44,Diagnostic Test,Monday,Afternoon,13,2,0,Yes,WhatsApp,13.1,0,12,1,359,52,1,6,2
Male,77,65+,General Consultation,Monday,Morning,30,3,1,Yes,SMS,9.9,0,4,5,115,17,5,145,22
Prefer not to say,70,65+,Follow-up,Sunday,Afternoon,59,1,0,No,No Reminder,10.9,1,1,3,22,4,3,81,12
Male,56,55-64,General Consultation,Saturday,Afternoon,46,4,0,Yes,SMS,21.4,0,12,1,338,49,1,18,3
Female,58,55-64,Diagnostic Test,Tuesday,Evening,21,3,1,Yes,SMS,7.3,0,3,1,63,10,3,84,13
Female,40,35-44,Follow-up,Sunday,Morning,58,3,1,Yes,WhatsApp,24.4,1,1,4,3,1,3,61,9
Male,69,65+,General Consultation,Wednesday,Afternoon,57,7,2,Yes,WhatsApp,5.8,0,7,1,203,30,9,260,38
Male,27,25-34,General Consultation,Tuesday,Afternoon,19,2,0,Yes,WhatsApp,3.2,0,1,3,30,5,2,49,8
Female,71,65+,General Consultation,Tuesday,Afternoon,10,4,0,No,No Reminder,11.2,0,4,5,116,17,5,126,19
Female,51,45-54,General Consultation,Thursday,Evening,43,3,0,Yes,WhatsApp,10.0,0,2,2,56,9,4,99,15
Female,38,35-44,Diagnostic Test,Saturday,Morning,34,3,0,Yes,SMS,2.8,0,8,6,236,34,9,270,39
Male,32,25-34,General Consultation,Friday,Morning,42,2,1,Yes,SMS,11.3,0,11,4,327,47,1,3,1
Female,20,18-24,Follow-up,Saturday,Afternoon,50,4,1,No,No Reminder,1.4,0,2,4,51,8,4,101,15
Male,61,55-64,Diagnostic Test,Sunday,Evening,10,2,0,Yes,Email,6.6,1,10,3,282,41,10,292,42
Male,62,55-64,Specialist Consultation,Friday,Afternoon,29,4,0,Yes,SMS,4.9,0,11,3,310,45,12,339,49
Male,40,35-44,Follow-up,Tuesday,Afternoon,8,0,0,Yes,SMS,14.4,0,4,0,117,18,5,125,19
Female,63,55-64,Diagnostic Test,Friday,Morning,19,3,1,Yes,WhatsApp,0.5,0,2,6,39,6,2,58,9
Female,23,18-24,Specialist Consultation,Monday,Morning,6,3,1,Yes,SMS,1.8,0,4,1,97,15,4,103,16
Female,42,35-44,Specialist Consultation,Sunday,Morning,38,3,1,No,No Reminder,10.9,1,5,3,121,18,6,159,23
Male,80,65+,Diagnostic Test,Monday,Morning,40,0,0,Yes,SMS,2.9,0,4,2,99,15,5,139,21
Female,72,65+,Follow-up,Friday,Afternoon,28,1,0,Yes,SMS,12.3,0,4,4,108,16,5,136,20
Female,29,25-34,General Consultation,Saturday,Morning,2,4,1,Yes,SMS,4.1,0,10,3,303,44,11,305,44
Male,47,45-54,Follow-up,Saturday,Afternoon,16,6,3,Yes,Email,17.7,0,8,3,233,34,9,249,36
Male,26,25-34,General Consultation,Saturday,Evening,6,6,1,Yes,SMS,8.2,0,6,6,158,23,6,164,24
Male,72,65+,Follow-up,Wednesday,Afternoon,5,1,0,Yes,WhatsApp,8.4,0,11,4,325,47,11,330,48
Male,50,45-54,Follow-up,Tuesday,Afternoon,9,2,0,Yes,SMS,4.0,0,5,6,123,18,5,132,20
Male,33,25-34,General Consultation,Monday,Afternoon,11,5,2,Yes,SMS,16.6,0,6,3,162,24,6,173,26
Female,23,18-24,General Consultation,Thursday,Afternoon,51,2,0,No,No Reminder,11.3,0,12,1,359,52,2,44,7
Male,64,55-64,General Consultation,Thursday,Afternoon,38,3,0,Yes,WhatsApp,10.7,0,6,0,160,24,7,198,29
Prefer not to say,73,65+,Follow-up,Friday,Afternoon,38,1,0,Yes,SMS,9.5,0,2,1,41,7,3,79,12
Female,69,65+,General Consultation,Monday,Morning,25,5,1,No,No Reminder,5.3,0,5,3,149,22,6,174,26
Male,69,65+,Follow-up,Friday,Morning,5,1,0,Yes,SMS,1.2,0,3,6,67,10,3,72,11
Male,25,25-34,General Consultation,Thursday,Morning,37,3,1,Yes,SMS,11.4,0,9,1,245,36,10,282,41
Female,61,55-64,General Consultation,Friday,Morning,43,8,2,Yes,WhatsApp,11.3,0,7,3,184,27,8,227,33
Male,28,25-34,General Consultation,Thursday,Morning,33,3,0,No,No Reminder,4.8,0,2,5,52,8,3,85,13
Male,25,25-34,Specialist Consultation,Wednesday,Morning,29,4,2,Yes,SMS,2.5,0,1,1,14,3,2,43,7
Female,74,65+,Follow-up,Thursday,Afternoon,14,2,1,No,No Reminder,8.3,0,4,3,92,14,4,106,16
Female,66,65+,Follow-up,Friday,Morning,29,4,2,Yes,SMS,16.0,0,12,3,354,51,1,17,3
Male,24,18-24,Follow-up,Friday,Afternoon,0,1,0,No,No Reminder,5.9,0,2,4,37,6,2,37,6
Male,57,55-64,Follow-up,Wednesday,Afternoon,58,3,0,Yes,SMS,3.5,0,5,0,132,20,7,190,28
Female,59,55-64,General Consultation,Tuesday,Evening,22,3,1,No,No Reminder,4.9,0,7,0,188,28,7,210,31
Male,50,45-54,General Consultation,Saturday,Afternoon,46,6,1,No,No Reminder,9.3,0,11,1,331,48,1,11,2
Female,75,65+,Follow-up,Tuesday,Morning,30,4,1,Yes,SMS,4.5,0,3,6,61,9,4,91,14
Female,50,45-54,Follow-up,Friday,Afternoon,52,5,1,Yes,Email,8.4,0,11,1,308,45,12,360,52
Female,59,55-64,General Consultation,Saturday,Morning,29,4,0,No,No Reminder,7.5,0,1,4,2,1,1,31,5
Female,53,45-54,Follow-up,Tuesday,Evening,8,1,0,Yes,WhatsApp,12.3,0,3,0,89,14,4,97,15
Female,42,35-44,Diagnostic Test,Thursday,Afternoon,1,4,1,Yes,WhatsApp,20.1,0,1,2,21,4,1,22,4
Female,74,65+,General Consultation,Saturday,Morning,8,3,0,Yes,WhatsApp,5.8,0,6,4,157,23,6,165,24
Female,44,35-44,Follow-up,Sunday,Morning,57,0,0,No,No Reminder,5.1,1,12,5,347,50,2,39,6
Male,68,65+,Follow-up,Friday,Evening,28,5,2,No,No Reminder,9.2,0,2,4,58,9,3,86,13
Female,61,55-64,Specialist Consultation,Sunday,Afternoon,27,0,0,Yes,SMS,12.7,1,2,0,41,7,3,68,10
Male,64,55-64,General Consultation,Saturday,Afternoon,53,1,1,No,No Reminder,27.3,0,1,1,28,5,3,81,12
Male,53,45-54,Follow-up,Friday,Morning,60,1,0,Yes,SMS,6.9,0,9,0,265,39,11,325,47
Male,56,55-64,Specialist Consultation,Saturday,Morning,5,0,0,Yes,SMS,5.4,0,5,0,125,19,5,130,19
Female,50,45-54,General Consultation,Monday,Afternoon,43,3,0,No,No Reminder,3.5,0,1,6,26,4,3,69,11
Female,39,35-44,Diagnostic Test,Saturday,Evening,20,2,1,No,No Reminder,6.0,0,2,6,39,6,2,59,9
Female,63,55-64,General Consultation,Thursday,Morning,2,3,0,Yes,SMS,2.4,0,3,1,77,12,3,79,12
Female,62,55-64,Follow-up,Wednesday,Morning,3,1,0,No,No Reminder,7.6,0,1,6,11,2,1,14,3
Female,66,65+,Follow-up,Sunday,Morning,12,4,0,No,No Reminder,5.2,1,1,1,21,4,2,33,5
Male,41,35-44,General Consultation,Tuesday,Afternoon,28,0,0,No,No Reminder,7.3,0,2,1,41,7,3,69,11
Female,21,18-24,Follow-up,Saturday,Morning,36,1,0,No,No Reminder,5.1,0,8,4,241,35,10,277,40
Female,65,65+,Specialist Consultation,Friday,Morning,4,5,2,Yes,Email,6.2,0,6,0,173,26,6,177,26
Female,69,65+,Follow-up,Sunday,Afternoon,7,1,0,Yes,SMS,1.5,1,5,6,138,20,5,145,21
Female,50,45-54,Diagnostic Test,Friday,Morning,56,0,0,Yes,SMS,8.4,0,11,4,313,45,1,3,1
Prefer not to say,67,65+,Specialist Consultation,Wednesday,Morning,49,2,0,Yes,Email,7.7,0,4,2,91,14,5,140,21
Female,58,55-64,Specialist Consultation,Thursday,Afternoon,32,6,1,Yes,SMS,4.7,0,9,6,271,39,10,303,44
Male,60,55-64,Diagnostic Test,Saturday,Evening,33,4,1,Yes,SMS,8.9,0,5,0,145,22,6,178,26
Female,63,55-64,Follow-up,Sunday,Afternoon,37,2,0,Yes,SMS,6.9,1,10,4,283,41,11,320,46
Female,48,45-54,General Consultation,Thursday,Evening,26,5,1,No,No Reminder,10.2,0,7,5,186,27,7,212,31
Male,50,45-54,Follow-up,Tuesday,Morning,17,1,0,No,No Reminder,6.7,0,2,5,53,8,3,70,11
Female,56,55-64,General Consultation,Sunday,Afternoon,29,4,1,Yes,SMS,5.5,1,10,5,284,41,11,313,45
Male,36,35-44,Follow-up,Sunday,Afternoon,44,7,2,Yes,SMS,5.3,1,3,4,72,11,4,116,17
Female,44,35-44,General Consultation,Friday,Afternoon,52,6,2,No,No Reminder,2.9,0,6,1,175,26,8,227,33
Male,39,35-44,Follow-up,Tuesday,Afternoon,5,4,1,No,No Reminder,3.4,0,3,3,86,13,4,91,14
Male,40,35-44,Follow-up,Saturday,Evening,5,4,0,No,No Reminder,2.8,0,12,0,335,49,12,340,49
Male,43,35-44,General Consultation,Friday,Afternoon,18,5,0,Yes,WhatsApp,10.4,0,5,0,132,20,5,150,22
Male,49,45-54,Follow-up,Friday,Afternoon,19,5,2,Yes,WhatsApp,8.2,0,1,6,11,2,1,30,5
Female,37,35-44,General Consultation,Tuesday,Afternoon,59,4,1,Yes,Email,11.2,0,7,5,186,27,9,245,36
Male,71,65+,Follow-up,Friday,Afternoon,26,0,0,Yes,WhatsApp,5.6,0,10,6,299,43,11,325,47
Male,48,45-54,General Consultation,Friday,Afternoon,48,2,0,Yes,SMS,9.9,0,1,5,25,4,3,73,11
Male,63,55-64,Specialist Consultation,Tuesday,Afternoon,43,1,0,Yes,Email,12.5,0,4,0,118,18,6,161,24
Male,28,25-34,Follow-up,Monday,Evening,48,6,0,Yes,SMS,8.1,0,11,1,315,46,12,363,1
Female,49,45-54,General Consultation,Monday,Morning,12,0,0,Yes,SMS,8.4,0,4,2,92,14,4,104,16
Female,47,45-54,Follow-up,Wednesday,Evening,56,4,1,Yes,WhatsApp,7.1,0,12,2,339,49,1,29,5
Male,61,55-64,Diagnostic Test,Saturday,Morning,24,2,0,No,No Reminder,2.0,0,10,2,302,44,11,326,47
Prefer not to say,63,55-64,Follow-up,Thursday,Morning,5,1,0,No,No Reminder,18.0,0,3,5,81,12,3,86,13
Male,33,25-34,Diagnostic Test,Wednesday,Afternoon,51,3,0,No,No Reminder,1.9,0,3,0,76,12,5,127,19
Male,39,35-44,Follow-up,Wednesday,Afternoon,54,4,1,Yes,SMS,4.9,0,2,4,44,7,4,98,15
Female,50,45-54,General Consultation,Saturday,Afternoon,35,4,0,Yes,WhatsApp,2.8,0,2,5,59,9,4,94,14
Male,42,35-44,General Consultation,Friday,Afternoon,4,3,1,No,No Reminder,12.9,0,12,0,335,49,12,339,49
Female,73,65+,Follow-up,Saturday,Afternoon,29,5,1,Yes,SMS,8.1,0,3,4,73,11,4,102,15
Female,36,35-44,Follow-up,Thursday,Afternoon,16,3,0,Yes,SMS,9.1,0,10,1,287,42,10,303,44
Male,69,65+,Follow-up,Tuesday,Morning,42,6,3,Yes,WhatsApp,0.8,0,9,1,245,36,10,287,42
Female,38,35-44,General Consultation,Tuesday,Morning,1,0,0,No,No Reminder,3.5,0,8,0,216,32,8,217,32
Male,39,35-44,Follow-up,Sunday,Afternoon,4,4,1,Yes,SMS,5.3,1,2,2,42,7,2,46,7
Female,59,55-64,General Consultation,Monday,Afternoon,14,3,0,Yes,SMS,6.4,0,12,0,356,52,1,5,2
Male,57,55-64,General Consultation,Saturday,Afternoon,27,7,1,Yes,Email,13.3,0,9,6,264,38,10,291,42
Male,32,25-34,General Consultation,Saturday,Afternoon,11,4,1,Yes,SMS,7.1,0,2,1,41,7,2,52,8
Male,24,18-24,Follow-up,Thursday,Morning,21,2,0,Yes,SMS,6.9,0,10,3,289,42,11,310,45
Female,75,65+,General Consultation,Tuesday,Afternoon,20,2,1,Yes,WhatsApp,8.0,0,5,2,127,19,5,147,22
Male,73,65+,Diagnostic Test,Tuesday,Morning,34,1,0,Yes,SMS,19.4,0,12,2,358,52,1,27,5
Male,73,65+,Follow-up,Sunday,Afternoon,49,0,0,No,No Reminder,4.3,1,2,6,33,5,3,82,12
Female,47,45-54,Follow-up,Sunday,Afternoon,17,3,1,Yes,SMS,5.5,1,7,3,212,31,8,229,33
Female,30,25-34,General Consultation,Wednesday,Morning,31,6,0,Yes,SMS,10.7,0,9,6,250,36,10,281,41
Male,35,35-44,Follow-up,Saturday,Afternoon,11,4,0,No,No Reminder,8.0,0,5,1,139,21,5,150,22
Male,41,35-44,General Consultation,Tuesday,Afternoon,20,3,1,Yes,SMS,6.6,0,12,2,353,51,1,7,2
Female,77,65+,General Consultation,Monday,Afternoon,45,5,1,Yes,WhatsApp,7.6,0,12,4,341,49,1,20,4
Male,56,55-64,Specialist Consultation,Tuesday,Evening,22,5,1,Yes,SMS,1.3,0,6,0,174,26,7,196,29
Male,35,35-44,Diagnostic Test,Sunday,Morning,9,4,0,Yes,Email,8.7,1,10,4,276,40,10,285,41
Prefer not to say,58,55-64,Specialist Consultation,Friday,Morning,11,1,0,Yes,WhatsApp,3.1,0,8,0,223,33,8,234,34
Male,53,45-54,Follow-up,Monday,Morning,6,3,1,No,No Reminder,18.9,0,8,1,217,32,8,223,33
Male,27,25-34,Specialist Consultation,Thursday,Afternoon,42,2,0,No,No Reminder,11.0,0,4,3,106,16,5,148,22
Male,47,45-54,Follow-up,Friday,Afternoon,30,2,0,Yes,SMS,7.1,0,1,2,22,4,2,52,8
Male,24,18-24,Follow-up,Thursday,Morning,27,3,0,Yes,SMS,10.3,0,1,4,30,5,2,57,9
Male,74,65+,General Consultation,Friday,Afternoon,40,4,0,Yes,SMS,8.7,0,3,6,81,12,5,121,18
Female,62,55-64,Follow-up,Thursday,Afternoon,50,4,1,Yes,SMS,7.7,0,11,2,309,45,12,359,52
Male,77,65+,General Consultation,Monday,Evening,48,3,1,Yes,SMS,8.1,0,6,1,168,25,8,216,32
Male,73,65+,Follow-up,Saturday,Evening,8,8,2,Yes,WhatsApp,14.2,0,3,4,80,12,3,88,13
Female,31,25-34,General Consultation,Thursday,Afternoon,35,3,2,Yes,WhatsApp,10.5,0,12,3,338,49,1,8,2
Female,62,55-64,Follow-up,Saturday,Morning,53,3,1,No,No Reminder,7.3,0,7,1,203,30,9,256,37
Male,24,18-24,General Consultation,Sunday,Morning,47,3,0,Yes,WhatsApp,12.7,1,2,1,35,6,3,82,12
Male,78,65+,General Consultation,Wednesday,Evening,20,4,1,Yes,SMS,20.3,0,6,3,177,26,7,197,29
Female,67,65+,Follow-up,Wednesday,Afternoon,23,1,0,Yes,WhatsApp,7.3,0,5,0,138,21,6,161,24
Male,80,65+,Diagnostic Test,Tuesday,Evening,2,4,0,Yes,SMS,13.3,0,4,6,96,14,4,98,15
Female,71,65+,Follow-up,Thursday,Evening,32,0,0,Yes,SMS,7.3,0,12,6,341,49,1,8,2
Male,72,65+,General Consultation,Saturday,Afternoon,7,2,0,Yes,SMS,15.9,0,4,5,102,15,4,109,16
Female,24,18-24,General Consultation,Monday,Evening,54,2,1,Yes,Email,3.6,0,3,2,84,13,5,138,21
Male,19,18-24,Specialist Consultation,Wednesday,Morning,2,3,0,Yes,SMS,5.9,0,4,0,103,16,4,105,16
Female,78,65+,Follow-up,Monday,Afternoon,1,3,1,No,No Reminder,24.3,0,6,6,172,25,6,173,26
Male,33,25-34,General Consultation,Thursday,Evening,20,5,1,Yes,WhatsApp,5.7,0,4,4,114,17,5,134,20
Female,44,35-44,General Consultation,Wednesday,Morning,12,3,0,No,No Reminder,16.2,0,5,4,122,18,5,134,20
Male,20,18-24,Specialist Consultation,Saturday,Morning,30,3,0,Yes,SMS,4.8,0,3,3,86,13,4,116,17
Female,69,65+,General Consultation,Sunday,Afternoon,21,2,0,Yes,SMS,4.1,1,8,6,236,34,9,257,37
Male,71,65+,General Consultation,Sunday,Morning,34,0,0,No,No Reminder,13.5,1,3,0,82,13,4,116,17
Female,54,45-54,General Consultation,Thursday,Morning,34,1,1,Yes,SMS,6.7,0,1,4,2,1,2,36,6
Male,59,55-64,General Consultation,Thursday,Morning,57,4,2,Yes,SMS,5.8,0,10,2,295,43,12,352,51
Male,50,45-54,Specialist Consultation,Saturday,Morning,29,2,0,Yes,SMS,6.8,0,3,4,86,13,4,115,17
Male,46,45-54,Diagnostic Test,Friday,Evening,34,2,0,No,No Reminder,8.2,0,11,5,319,46,12,353,51
Male,52,45-54,Diagnostic Test,Saturday,Afternoon,41,3,1,No,No Reminder,9.2,0,6,6,166,24,7,207,30
Male,76,65+,Specialist Consultation,Thursday,Afternoon,10,8,5,Yes,WhatsApp,3.3,0,8,0,216,32,8,226,33
Female,47,45-54,Diagnostic Test,Tuesday,Morning,52,1,0,Yes,WhatsApp,2.7,0,12,5,363,52,2,49,8
Female,55,55-64,General Consultation,Monday,Morning,19,2,0,Yes,SMS,14.8,0,1,2,21,4,2,40,7
Female,53,45-54,General Consultation,Tuesday,Afternoon,10,3,0,Yes,WhatsApp,10.4,0,12,5,347,50,12,357,52
Male,19,18-24,Follow-up,Wednesday,Evening,21,5,2,No,No Reminder,10.4,0,1,2,14,3,2,35,6
Male,58,55-64,Specialist Consultation,Wednesday,Evening,35,2,1,Yes,SMS,10.6,0,1,2,28,5,3,63,10
Female,61,55-64,Diagnostic Test,Wednesday,Morning,52,9,1,No,No Reminder,20.9,0,4,6,102,15,6,154,23
Female,64,55-64,Specialist Consultation,Saturday,Morning,36,1,0,Yes,SMS,4.2,0,10,4,276,40,11,312,45
Male,80,65+,Specialist Consultation,Sunday,Afternoon,7,8,2,Yes,WhatsApp,3.2,1,8,6,236,34,8,243,35
Female,60,55-64,General Consultation,Thursday,Morning,19,4,1,Yes,SMS,21.3,0,2,5,39,6,2,58,9
Male,38,35-44,Specialist Consultation,Saturday,Morning,20,4,0,Yes,WhatsApp,11.4,0,4,6,109,16,5,129,19
Male,70,65+,Diagnostic Test,Saturday,Morning,42,5,2,No,No Reminder,11.0,0,3,5,66,10,4,108,16
Male,47,45-54,General Consultation,Thursday,Morning,20,4,2,No,No Reminder,7.6,0,3,4,86,13,4,106,16
Female,63,55-64,General Consultation,Thursday,Morning,39,2,0,Yes,WhatsApp,12.5,0,2,6,32,5,3,71,11
Female,26,25-34,Follow-up,Monday,Afternoon,8,3,1,Yes,Email,7.6,0,2,6,47,7,2,55,9
Female,31,25-34,Specialist Consultation,Thursday,Afternoon,22,4,0,Yes,WhatsApp,8.6,0,12,2,346,50,1,2,1
Male,30,25-34,Diagnostic Test,Tuesday,Morning,26,4,1,Yes,WhatsApp,5.3,0,3,3,86,13,4,112,17
Male,56,55-64,General Consultation,Sunday,Morning,0,5,2,Yes,SMS,6.2,1,8,6,236,34,8,236,34
Male,53,45-54,General Consultation,Saturday,Afternoon,32,4,2,No,No Reminder,11.2,0,8,1,217,32,9,249,36
Male,54,45-54,General Consultation,Friday,Morning,52,8,3,Yes,Email,11.1,0,3,1,63,10,4,115,17
Female,25,25-34,Follow-up,Friday,Afternoon,52,2,1,Yes,SMS,10.1,0,4,1,118,18,6,170,25
Female,47,45-54,Follow-up,Wednesday,Afternoon,0,3,1,Yes,SMS,6.3,0,6,2,175,26,6,175,26
Male,27,25-34,General Consultation,Friday,Morning,9,2,2,No,No Reminder,5.3,0,7,2,197,29,7,206,30
Female,28,25-34,Specialist Consultation,Wednesday,Morning,30,4,1,Yes,SMS,15.2,0,12,0,363,1,1,28,5
Female,25,25-34,General Consultation,Sunday,Afternoon,44,2,0,No,No Reminder,7.2,1,4,4,100,15,5,144,21
Female,48,45-54,General Consultation,Thursday,Morning,25,1,1,Yes,Email,16.4,0,4,6,95,14,4,120,18
Male,52,45-54,Specialist Consultation,Wednesday,Afternoon,37,2,0,No,No Reminder,5.8,0,11,0,307,45,12,344,50
Female,56,55-64,Specialist Consultation,Monday,Morning,0,4,0,Yes,WhatsApp,4.9,0,8,0,216,32,8,216,32
Female,45,45-54,Specialist Consultation,Tuesday,Evening,40,4,0,No,No Reminder,7.5,0,10,3,303,44,12,343,50
Female,29,25-34,General Consultation,Tuesday,Evening,55,3,0,No,No Reminder,9.7,0,4,2,120,18,6,175,26
Female,19,18-24,Follow-up,Thursday,Morning,32,3,0,Yes,SMS,8.6,0,6,6,159,23,7,191,28
Male,62,55-64,Diagnostic Test,Saturday,Afternoon,27,1,0,Yes,Email,8.7,0,11,6,306,44,11,333,48
Male,79,65+,General Consultation,Saturday,Morning,18,3,2,Yes,WhatsApp,10.7,0,10,1,294,43,11,312,45
Female,35,35-44,Follow-up,Friday,Afternoon,58,6,1,Yes,WhatsApp,12.2,0,9,2,260,38,11,318,46
Male,30,25-34,Diagnostic Test,Wednesday,Afternoon,2,2,2,Yes,Email,4.0,0,7,0,209,31,7,211,31
Male,37,35-44,General Consultation,Tuesday,Afternoon,17,3,0,Yes,WhatsApp,5.5,0,7,5,207,30,8,224,33
Male,31,25-34,Specialist Consultation,Monday,Morning,8,5,1,Yes,SMS,8.9,0,12,6,364,52,1,6,2
Female,32,25-34,Specialist Consultation,Tuesday,Morning,52,2,1,No,No Reminder,6.3,0,10,5,277,40,11,329,48
Female,49,45-54,General Consultation,Tuesday,Afternoon,29,7,2,Yes,SMS,7.6,0,10,0,286,42,11,315,46
Male,62,55-64,Follow-up,Friday,Afternoon,40,5,2,Yes,SMS,7.0,0,8,6,236,34,10,276,40
Female,78,65+,Specialist Consultation,Saturday,Afternoon,33,3,0,Yes,SMS,6.3,0,8,0,223,33,9,256,37
Male,40,35-44,Diagnostic Test,Thursday,Afternoon,31,5,0,Yes,SMS,4.6,0,1,0,6,2,2,37,6
Female,49,45-54,Specialist Consultation,Friday,Afternoon,12,5,1,Yes,SMS,7.2,0,4,6,96,14,4,108,16
Female,41,35-44,General Consultation,Friday,Evening,34,1,0,Yes,SMS,6.1,0,5,5,151,22,7,185,27
Male,42,35-44,Diagnostic Test,Friday,Evening,58,0,0,Yes,WhatsApp,11.4,0,5,2,141,21,7,199,29
Female,48,45-54,Follow-up,Tuesday,Morning,57,2,0,No,No Reminder,19.3,0,12,0,363,1,2,55,9
Female,27,25-34,General Consultation,Thursday,Afternoon,57,3,0,Yes,SMS,6.2,0,1,2,15,3,3,72,11
Female,64,55-64,Specialist Consultation,Tuesday,Afternoon,31,2,0,No,No Reminder,3.1,0,5,5,151,22,7,182,27
Male,78,65+,General Consultation,Wednesday,Afternoon,8,3,1,Yes,Email,2.8,0,6,1,161,24,6,169,25
Female,25,25-34,Diagnostic Test,Sunday,Afternoon,53,4,1,Yes,Email,32.5,1,12,2,339,49,1,26,4
Female,78,65+,Diagnostic Test,Saturday,Morning,8,3,0,No,No Reminder,12.6,0,6,4,178,26,7,186,27
Male,71,65+,Follow-up,Monday,Afternoon,24,2,0,Yes,SMS,3.7,0,12,4,355,51,1,13,3
Female,38,35-44,Follow-up,Monday,Afternoon,14,3,0,Yes,SMS,8.7,0,1,0,19,4,2,33,6
Male,50,45-54,General Consultation,Wednesday,Morning,59,6,0,Yes,SMS,2.0,0,3,6,75,11,5,134,20
Female,71,65+,Follow-up,Monday,Morning,1,1,0,Yes,SMS,10.1,0,2,6,54,8,2,55,9
Female,19,18-24,General Consultation,Monday,Morning,45,7,1,Yes,SMS,3.6,0,1,4,2,1,2,47,8
Female,62,55-64,General Consultation,Saturday,Evening,52,2,0,Yes,SMS,9.2,0,9,2,267,39,11,319,46
Male,66,65+,Specialist Consultation,Monday,Morning,56,2,0,Yes,Email,14.8,0,3,0,61,10,4,117,18
Male,36,35-44,Specialist Consultation,Monday,Afternoon,51,1,1,Yes,SMS,6.4,0,5,5,137,20,7,188,28
Female,25,25-34,General Consultation,Sunday,Evening,4,3,0,Yes,SMS,3.5,1,5,2,148,22,6,152,22
Female,26,25-34,General Consultation,Friday,Morning,44,1,0,Yes,Email,6.2,0,8,2,218,32,9,262,38
Female,70,65+,General Consultation,Monday,Evening,6,0,0,Yes,Email,4.0,0,4,1,105,16,4,111,17
Male,51,45-54,Diagnostic Test,Saturday,Morning,42,1,0,No,No Reminder,13.3,0,3,5,60,9,4,102,15
Male,21,18-24,General Consultation,Monday,Afternoon,39,5,2,Yes,SMS,2.3,0,9,3,247,36,10,286,42
Male,30,25-34,Specialist Consultation,Saturday,Evening,51,7,3,Yes,WhatsApp,2.9,0,12,3,347,50,2,32,5
Male,70,65+,General Consultation,Saturday,Afternoon,4,2,0,Yes,SMS,6.6,0,9,1,252,37,9,256,37
Male,19,18-24,Follow-up,Thursday,Morning,50,3,0,Yes,SMS,5.1,0,4,2,92,14,5,142,21
Prefer not to say,62,55-64,General Consultation,Tuesday,Evening,26,4,1,No,No Reminder,16.0,0,2,3,44,7,3,70,11
Female,26,25-34,Follow-up,Saturday,Afternoon,31,2,0,Yes,WhatsApp,28.2,0,12,2,360,52,1,25,4
Female,67,65+,Specialist Consultation,Sunday,Morning,30,2,0,No,No Reminder,5.1,1,12,4,341,49,1,5,1
Male,69,65+,General Consultation,Wednesday,Morning,3,4,0,No,No Reminder,5.3,0,2,6,47,7,2,50,8
Male,47,45-54,Follow-up,Monday,Morning,53,4,2,No,No Reminder,15.5,0,4,3,106,16,6,159,24
Female,34,25-34,General Consultation,Wednesday,Morning,49,3,0,Yes,SMS,13.3,0,3,2,85,13,5,134,20
Male,73,65+,Follow-up,Tuesday,Morning,49,3,0,Yes,SMS,8.2,0,11,1,308,45,12,357,52
Male,53,45-54,General Consultation,Saturday,Afternoon,25,2,1,No,No Reminder,11.5,0,12,1,343,50,1,3,1
Male,58,55-64,Follow-up,Sunday,Afternoon,31,4,0,Yes,SMS,6.3,1,8,3,240,35,9,271,39
Female,26,25-34,General Consultation,Tuesday,Evening,22,2,0,Yes,SMS,5.0,0,4,0,96,15,4,118,18
Female,57,55-64,Diagnostic Test,Sunday,Morning,15,2,0,Yes,SMS,4.3,1,2,5,46,7,3,61,9
Female,54,45-54,Diagnostic Test,Thursday,Afternoon,53,3,1,Yes,SMS,7.9,0,3,6,75,11,5,128,19
Female,36,35-44,General Consultation,Sunday,Afternoon,30,0,0,No,No Reminder,5.4,1,4,4,108,16,5,138,20
Male,66,65+,Specialist Consultation,Saturday,Afternoon,44,3,2,Yes,SMS,3.7,0,1,3,30,5,3,74,11
Female,26,25-34,General Consultation,Tuesday,Afternoon,6,5,3,No,No Reminder,8.9,0,6,2,155,23,6,161,24
Female,63,55-64,Specialist Consultation,Friday,Afternoon,48,2,0,Yes,WhatsApp,5.9,0,5,5,123,18,6,171,25
Female,78,65+,General Consultation,Sunday,Afternoon,40,5,0,Yes,WhatsApp,15.9,1,1,1,13,3,2,53,8
Male,53,45-54,General Consultation,Saturday,Afternoon,60,3,1,No,No Reminder,10.0,0,4,1,105,16,6,165,24
Female,24,18-24,Follow-up,Friday,Morning,8,3,2,Yes,SMS,23.2,0,4,3,106,16,4,114,17
Male,52,45-54,Follow-up,Thursday,Afternoon,32,3,0,No,No Reminder,10.7,0,1,6,25,4,2,57,9
Female,51,45-54,Follow-up,Friday,Afternoon,31,3,0,Yes,SMS,7.4,0,4,1,97,15,5,128,19
Male,52,45-54,Follow-up,Thursday,Morning,32,5,0,Yes,WhatsApp,14.3,0,1,6,26,4,2,58,9
Female,57,55-64,General Consultation,Tuesday,Evening,28,4,0,Yes,WhatsApp,2.0,0,11,1,308,45,12,336,49
Prefer not to say,34,25-34,Follow-up,Sunday,Morning,18,4,1,No,No Reminder,14.4,1,6,2,154,23,6,172,25
Male,55,55-64,General Consultation,Friday,Afternoon,14,3,1,Yes,SMS,10.8,0,5,4,142,21,6,156,23
Male,58,55-64,General Consultation,Tuesday,Morning,26,3,0,No,No Reminder,22.6,0,10,3,296,43,11,322,47
Male,73,65+,Follow-up,Tuesday,Morning,3,1,0,No,No Reminder,3.5,0,8,5,221,32,8,224,33
Female,66,65+,Specialist Consultation,Monday,Morning,47,3,0,No,No Reminder,2.6,0,1,2,29,5,3,76,12
Male,68,65+,Follow-up,Friday,Morning,43,5,0,Yes,WhatsApp,22.2,0,4,3,106,16,5,149,22
Male,72,65+,Follow-up,Monday,Afternoon,3,6,2,No,No Reminder,10.0,0,6,4,164,24,6,167,25
Male,33,25-34,Follow-up,Friday,Morning,3,6,2,Yes,WhatsApp,8.3,0,4,1,119,18,5,122,18
Male,47,45-54,General Consultation,Saturday,Morning,52,1,0,Yes,Email,4.8,0,1,2,1,1,2,53,8
Female,62,55-64,Specialist Consultation,Sunday,Morning,30,2,0,Yes,SMS,25.0,1,2,4,51,8,3,81,12
Male,26,25-34,Follow-up,Tuesday,Morning,16,5,0,Yes,SMS,3.0,0,1,6,25,4,2,41,7
Female,65,65+,Follow-up,Wednesday,Morning,40,2,0,No,No Reminder,24.7,0,10,4,297,43,12,337,49
Male,69,65+,General Consultation,Friday,Morning,6,1,0,Yes,Email,14.1,0,8,5,214,31,8,220,32
Female,37,35-44,Specialist Consultation,Friday,Evening,24,2,1,Yes,WhatsApp,7.8,0,9,1,273,40,10,297,43
Male,37,35-44,Follow-up,Sunday,Evening,21,3,1,Yes,WhatsApp,32.4,1,9,6,264,38,10,285,41
Female,48,45-54,Specialist Consultation,Friday,Morning,21,3,0,Yes,Email,12.2,0,1,4,24,4,2,45,7
Female,28,25-34,Follow-up,Monday,Afternoon,32,1,0,Yes,SMS,11.3,0,4,3,107,16,5,139,21
Male,49,45-54,General Consultation,Saturday,Afternoon,41,4,0,Yes,SMS,20.9,0,7,6,208,30,9,249,36
Female,69,65+,General Consultation,Saturday,Afternoon,53,4,0,No,No Reminder,30.3,0,2,1,48,8,4,101,15
Female,58,55-64,Diagnostic Test,Thursday,Morning,42,2,1,Yes,SMS,18.6,0,6,3,163,24,7,205,30
Female,73,65+,Follow-up,Saturday,Evening,56,3,0,Yes,WhatsApp,5.1,0,9,5,263,38,11,319,46
Male,33,25-34,Follow-up,Tuesday,Morning,26,0,0,No,No Reminder,9.7,0,9,3,261,38,10,287,42
Male,20,18-24,General Consultation,Friday,Afternoon,50,2,0,Yes,WhatsApp,11.2,0,12,3,352,51,2,37,6
Male,25,25-34,General Consultation,Sunday,Morning,44,0,0,Yes,SMS,11.0,1,12,4,360,52,2,39,6
Male,80,65+,Follow-up,Wednesday,Morning,34,5,0,Yes,SMS,2.5,0,5,3,128,19,6,162,24
Female,33,25-34,Follow-up,Tuesday,Afternoon,34,1,0,Yes,SMS,10.2,0,6,2,169,25,7,203,30
Male,37,35-44,General Consultation,Sunday,Afternoon,60,3,0,Yes,SMS,8.1,1,6,2,162,24,8,222,32
Female,55,55-64,Specialist Consultation,Sunday,Evening,27,2,2,Yes,WhatsApp,33.1,1,2,0,34,6,3,61,9
Male,23,18-24,Specialist Consultation,Friday,Evening,45,0,0,No,No Reminder,2.2,0,12,1,338,49,1,17,3
Male,34,25-34,Specialist Consultation,Thursday,Evening,4,2,1,Yes,SMS,7.6,0,2,6,53,8,2,57,9
Male,32,25-34,Diagnostic Test,Friday,Afternoon,9,3,1,Yes,WhatsApp,16.7,0,1,2,15,3,1,24,4
Male,52,45-54,General Consultation,Wednesday,Morning,34,5,0,Yes,SMS,19.1,0,3,3,79,12,4,113,17
Male,19,18-24,Follow-up,Wednesday,Evening,60,6,1,No,No Reminder,10.8,0,9,5,270,39,11,330,48
Male,33,25-34,Diagnostic Test,Saturday,Morning,20,3,0,Yes,SMS,3.7,0,5,6,130,19,5,150,22
Female,42,35-44,General Consultation,Friday,Morning,19,2,0,No,No Reminder,13.1,0,2,6,47,7,3,66,10
Female,58,55-64,Diagnostic Test,Thursday,Morning,26,4,2,Yes,SMS,6.5,0,4,5,102,15,5,128,19
Male,59,55-64,General Consultation,Tuesday,Afternoon,0,3,1,Yes,SMS,4.2,0,5,1,125,19,5,125,19
Male,78,65+,General Consultation,Sunday,Evening,36,3,0,Yes,WhatsApp,0.9,1,12,5,361,52,2,32,5
Female,32,25-34,Follow-up,Wednesday,Afternoon,19,8,1,Yes,SMS,10.0,0,7,4,192,28,7,211,31
Male,61,55-64,General Consultation,Sunday,Morning,16,2,1,Yes,WhatsApp,7.2,1,5,4,129,19,5,145,21
Male,55,55-64,Diagnostic Test,Wednesday,Morning,11,1,0,No,No Reminder,3.2,0,3,5,87,13,4,98,15
Female,69,65+,Specialist Consultation,Thursday,Morning,22,5,1,No,No Reminder,5.9,0,7,2,204,30,8,226,33
Female,20,18-24,General Consultation,Wednesday,Morning,53,1,0,Yes,SMS,11.0,0,7,5,193,28,9,246,36
Female,34,25-34,Specialist Consultation,Wednesday,Morning,20,1,0,No,No Reminder,14.4,0,4,3,114,17,5,134,20
Female,28,25-34,Follow-up,Saturday,Morning,1,2,1,Yes,SMS,7.1,0,4,4,114,17,4,115,17
Female,21,18-24,General Consultation,Friday,Evening,41,3,1,Yes,WhatsApp,17.9,0,12,5,347,50,1,23,4
Female,51,45-54,Specialist Consultation,Saturday,Afternoon,42,3,1,No,No Reminder,4.3,0,2,5,32,5,3,74,11
Male,60,55-64,Follow-up,Friday,Morning,46,1,0,Yes,SMS,13.0,0,2,0,54,9,4,100,15
Male,66,65+,Specialist Consultation,Thursday,Morning,57,4,1,Yes,WhatsApp,13.2,0,12,2,351,51,2,43,7
Female,59,55-64,Follow-up,Saturday,Afternoon,50,6,1,No,No Reminder,7.8,0,5,4,136,20,7,186,27
Male,75,65+,Follow-up,Monday,Morning,2,6,1,No,No Reminder,9.5,0,10,5,291,42,10,293,43
Male,39,35-44,Follow-up,Friday,Morning,42,2,0,Yes,WhatsApp,20.0,0,9,4,248,36,10,290,42
Male,46,45-54,Follow-up,Friday,Afternoon,34,3,1,Yes,SMS,4.1,0,4,5,102,15,5,136,20
Male,49,45-54,Specialist Consultation,Tuesday,Evening,39,4,2,No,No Reminder,12.6,0,5,4,143,21,7,182,27
Male,46,45-54,Follow-up,Wednesday,Evening,0,5,0,Yes,SMS,7.4,0,5,2,134,20,5,134,20
Male,70,65+,Follow-up,Wednesday,Morning,1,4,2,No,No Reminder,8.5,0,6,1,161,24,6,162,24
Female,20,18-24,General Consultation,Sunday,Afternoon,2,7,0,No,No Reminder,7.9,1,3,4,87,13,3,89,13
Male,45,45-54,Follow-up,Friday,Afternoon,60,1,0,Yes,SMS,10.9,0,3,0,89,14,5,149,22
Male,31,25-34,General Consultation,Monday,Morning,38,3,0,Yes,Email,8.5,0,1,4,3,1,2,41,7
Female,58,55-64,General Consultation,Thursday,Morning,47,1,1,Yes,SMS,10.4,0,3,5,73,11,4,120,18
Female,68,65+,General Consultation,Thursday,Morning,18,3,0,Yes,WhatsApp,4.2,0,12,6,350,50,1,2,1
Female,23,18-24,Specialist Consultation,Sunday,Morning,12,0,0,Yes,SMS,11.1,1,6,1,168,25,6,180,26
Male,22,18-24,Follow-up,Friday,Afternoon,55,0,0,Yes,WhatsApp,21.7,0,8,5,228,33,10,283,41
Female,44,35-44,General Consultation,Wednesday,Afternoon,1,5,1,Yes,SMS,5.6,0,6,1,154,23,6,155,23
Female,60,55-64,Specialist Consultation,Thursday,Afternoon,1,3,0,No,No Reminder,5.7,0,9,2,267,39,9,268,39
Male,37,35-44,Diagnostic Test,Friday,Morning,48,4,0,No,No Reminder,8.3,0,8,5,242,35,10,290,42
Male,18,18-24,General Consultation,Monday,Afternoon,27,4,1,Yes,WhatsApp,3.5,0,9,1,266,39,10,293,43
Male,23,18-24,Follow-up,Friday,Morning,28,6,2,Yes,WhatsApp,17.3,0,2,4,58,9,3,86,13
Female,79,65+,Follow-up,Thursday,Morning,21,4,1,Yes,SMS,7.1,0,6,3,177,26,7,198,29
Female,49,45-54,Specialist Consultation,Thursday,Morning,0,4,2,Yes,SMS,3.3,0,3,3,72,11,3,72,11
Male,27,25-34,General Consultation,Wednesday,Morning,23,3,0,Yes,SMS,30.4,0,6,0,174,26,7,197,29
Male,37,35-44,Follow-up,Monday,Morning,17,2,0,No,No Reminder,5.4,0,2,4,52,8,3,69,11
Female,79,65+,Follow-up,Thursday,Morning,44,7,4,No,No Reminder,7.7,0,2,1,56,9,4,100,15
Male,61,55-64,Specialist Consultation,Thursday,Afternoon,45,3,0,No,No Reminder,2.4,0,4,0,110,17,6,155,23
Male,22,18-24,Follow-up,Wednesday,Afternoon,4,0,0,Yes,WhatsApp,3.6,0,3,5,87,13,4,91,14
Female,66,65+,Follow-up,Friday,Evening,37,3,1,Yes,WhatsApp,9.8,0,4,2,119,18,6,156,23
Male,36,35-44,Follow-up,Monday,Afternoon,18,2,1,Yes,WhatsApp,8.6,0,3,3,72,11,3,90,14
Male,57,55-64,Specialist Consultation,Thursday,Afternoon,18,3,0,Yes,WhatsApp,3.1,0,10,6,285,41,10,303,44
Female,56,55-64,Follow-up,Tuesday,Morning,48,4,0,Yes,WhatsApp,10.4,0,4,2,112,17,6,160,24
Female,68,65+,General Consultation,Thursday,Afternoon,58,2,1,No,No Reminder,14.6,0,2,1,56,9,4,114,17
Female,36,35-44,Follow-up,Monday,Morning,49,3,0,Yes,SMS,6.4,0,2,0,41,7,3,90,14
Female,42,35-44,Diagnostic Test,Monday,Afternoon,26,3,0,Yes,WhatsApp,17.2,0,4,2,113,17,5,139,21
Female,42,35-44,Specialist Consultation,Thursday,Morning,30,4,0,Yes,SMS,17.4,0,3,1,83,13,4,113,17
Male,20,18-24,General Consultation,Friday,Morning,27,3,1,Yes,WhatsApp,14.6,0,12,5,356,51,1,17,3
Female,64,55-64,Specialist Consultation,Sunday,Afternoon,48,0,0,Yes,SMS,3.9,1,6,0,160,24,7,208,30
Male,51,45-54,General Consultation,Thursday,Morning,33,1,1,Yes,SMS,12.4,0,2,5,32,5,3,65,10
Female,80,65+,Follow-up,Saturday,Afternoon,24,3,0,Yes,SMS,4.5,0,4,2,112,17,5,136,20
Prefer not to say,79,65+,General Consultation,Wednesday,Afternoon,33,5,0,Yes,WhatsApp,8.7,0,5,4,143,21,6,176,26
Male,60,55-64,Specialist Consultation,Sunday,Morning,49,4,1,Yes,WhatsApp,22.3,1,12,6,357,51,2,40,6
Female,65,65+,Follow-up,Thursday,Afternoon,50,2,1,Yes,SMS,4.8,0,7,2,204,30,9,254,37
Male,39,35-44,General Consultation,Thursday,Morning,55,1,0,Yes,SMS,16.5,0,6,4,164,24,8,219,32
Female,70,65+,General Consultation,Thursday,Morning,10,3,0,Yes,WhatsApp,9.0,0,10,0,279,41,10,289,42
Male,28,25-34,General Consultation,Saturday,Morning,56,2,0,Yes,SMS,9.7,0,8,5,235,34,10,291,42
Male,18,18-24,Follow-up,Saturday,Afternoon,17,7,4,No,No Reminder,7.2,0,12,2,344,50,12,361,52
Female,59,55-64,Diagnostic Test,Sunday,Morning,34,3,1,Yes,WhatsApp,7.2,1,3,0,69,11,4,103,15
Female,75,65+,Specialist Consultation,Saturday,Afternoon,17,5,1,Yes,SMS,8.0,0,3,2,77,12,4,94,14
Male,49,45-54,General Consultation,Wednesday,Afternoon,26,3,0,Yes,WhatsApp,9.7,0,5,4,149,22,6,175,26
Female,51,45-54,General Consultation,Monday,Morning,43,2,1,Yes,WhatsApp,4.2,0,2,6,39,6,3,82,13
Female,33,25-34,Diagnostic Test,Monday,Afternoon,4,0,0,Yes,Email,5.0,0,3,3,78,12,3,82,13
Male,70,65+,General Consultation,Monday,Afternoon,51,5,1,Yes,Email,16.7,0,12,5,354,51,2,40,7
Female,56,55-64,General Consultation,Tuesday,Morning,55,3,0,Yes,SMS,9.3,0,5,2,148,22,7,203,30
Male,39,35-44,Follow-up,Saturday,Morning,34,3,1,Yes,WhatsApp,6.7,0,8,6,222,32,9,256,37
Male,57,55-64,Follow-up,Saturday,Morning,33,2,0,No,No Reminder,10.6,0,3,0,61,10,4,94,14
Female,60,55-64,General Consultation,Tuesday,Evening,42,8,1,Yes,WhatsApp,5.9,0,2,1,42,7,3,84,13
Female,60,55-64,Follow-up,Sunday,Morning,12,1,0,Yes,WhatsApp,16.1,1,3,1,76,12,3,88,13
Male,41,35-44,General Consultation,Monday,Morning,45,2,1,Yes,WhatsApp,5.3,0,4,4,93,14,5,138,21
Female,53,45-54,General Consultation,Thursday,Morning,13,2,1,Yes,SMS,5.8,0,12,4,360,52,1,8,2
Female,20,18-24,General Consultation,Sunday,Morning,41,1,0,Yes,WhatsApp,6.5,1,5,0,146,22,7,187,27
Male,41,35-44,Diagnostic Test,Tuesday,Afternoon,45,4,0,Yes,WhatsApp,17.3,0,12,5,349,50,1,28,5
Male,51,45-54,Follow-up,Sunday,Afternoon,48,1,0,No,No Reminder,12.4,1,4,0,96,15,5,144,21
Female,77,65+,Specialist Consultation,Sunday,Afternoon,12,3,1,Yes,SMS,14.6,1,6,1,175,26,7,187,27
Female,78,65+,General Consultation,Saturday,Morning,37,1,0,No,No Reminder,2.5,0,12,3,361,52,2,32,5
Female,24,18-24,General Consultation,Saturday,Afternoon,35,3,0,No,No Reminder,8.2,0,11,5,305,44,12,340,49
Prefer not to say,48,45-54,Diagnostic Test,Thursday,Afternoon,60,1,0,Yes,WhatsApp,6.2,0,12,6,336,48,1,30,5
Male,61,55-64,Follow-up,Saturday,Morning,0,5,2,Yes,SMS,3.2,0,2,5,45,7,2,45,7
Female,61,55-64,Specialist Consultation,Sunday,Afternoon,58,3,0,Yes,Email,0.5,1,10,4,290,42,12,348,50
Male,78,65+,General Consultation,Tuesday,Afternoon,52,6,0,Yes,SMS,12.1,0,1,5,17,3,3,69,11
Male,75,65+,Follow-up,Saturday,Afternoon,37,2,0,Yes,SMS,14.9,0,3,3,79,12,4,116,17
Female,79,65+,Diagnostic Test,Saturday,Morning,22,5,1,Yes,Email,7.9,0,4,4,94,14,4,116,17
Female,23,18-24,General Consultation,Friday,Afternoon,34,2,0,Yes,WhatsApp,5.3,0,9,5,256,37,10,290,42
Male,41,35-44,Diagnostic Test,Thursday,Afternoon,49,5,2,Yes,SMS,8.5,0,7,3,191,28,8,240,35
Female,66,65+,Diagnostic Test,Friday,Evening,14,1,0,No,No Reminder,8.1,0,5,4,143,21,6,157,23
Female,54,45-54,Follow-up,Monday,Evening,43,5,1,No,No Reminder,11.1,0,11,6,306,44,12,349,51
Male,76,65+,General Consultation,Monday,Morning,45,0,0,Yes,SMS,5.1,0,1,4,2,1,2,47,8
Female,69,65+,General Consultation,Thursday,Afternoon,46,3,1,No,No Reminder,30.0,0,11,6,322,46,1,2,1
Female,21,18-24,General Consultation,Wednesday,Evening,20,3,3,No,No Reminder,3.5,0,10,3,282,41,10,302,44
Female,40,35-44,Diagnostic Test,Tuesday,Afternoon,25,5,2,No,No Reminder,13.3,0,5,4,129,19,6,154,23
Male,69,65+,General Consultation,Tuesday,Evening,52,4,1,No,No Reminder,3.7,0,4,5,102,15,6,154,23
Male,22,18-24,Follow-up,Wednesday,Afternoon,59,7,2,No,No Reminder,30.3,0,6,6,159,23,8,218,32
Male,55,55-64,Follow-up,Thursday,Afternoon,23,4,1,No,No Reminder,30.2,0,2,1,48,8,3,71,11
Male,53,45-54,Follow-up,Wednesday,Afternoon,0,9,3,Yes,SMS,13.7,0,3,2,71,11,3,71,11
Male,52,45-54,Follow-up,Monday,Afternoon,37,1,0,No,No Reminder,8.4,0,7,5,200,29,8,237,35
Male,27,25-34,General Consultation,Tuesday,Morning,39,6,0,No,No Reminder,14.9,0,2,4,45,7,3,84,13
Male,21,18-24,General Consultation,Friday,Evening,43,5,0,Yes,SMS,7.5,0,10,3,303,44,12,346,50
Female,27,25-34,Follow-up,Monday,Evening,1,2,0,Yes,SMS,35.7,0,9,6,271,39,9,272,40
Female,49,45-54,Follow-up,Sunday,Evening,34,4,2,Yes,SMS,29.6,1,6,0,181,27,8,215,31
Female,56,55-64,General Consultation,Tuesday,Afternoon,45,7,1,No,No Reminder,5.6,0,2,5,39,6,3,84,13
Male,59,55-64,Specialist Consultation,Tuesday,Afternoon,30,3,2,No,No Reminder,10.6,0,4,6,109,16,5,139,21
Female,79,65+,General Consultation,Saturday,Afternoon,26,2,0,No,No Reminder,3.6,0,11,0,328,48,12,354,51
Female,71,65+,Diagnostic Test,Tuesday,Afternoon,49,5,0,No,No Reminder,2.9,0,5,1,126,19,6,175,26
Female,41,35-44,Diagnostic Test,Friday,Afternoon,37,2,0,Yes,WhatsApp,6.9,0,7,2,190,28,8,227,33
Female,67,65+,General Consultation,Sunday,Morning,41,4,2,Yes,WhatsApp,10.3,1,12,0,356,52,2,32,5
Male,24,18-24,General Consultation,Wednesday,Morning,28,1,0,Yes,SMS,4.5,0,12,2,365,1,1,28,5
Female,72,65+,General Consultation,Tuesday,Afternoon,16,3,2,Yes,WhatsApp,14.6,0,8,6,236,34,9,252,37
Female,42,35-44,Diagnostic Test,Sunday,Morning,31,3,0,No,No Reminder,10.9,1,5,3,135,20,6,166,24
Female,62,55-64,Follow-up,Monday,Afternoon,43,2,0,Yes,WhatsApp,5.3,0,10,6,285,41,11,328,48
Male,75,65+,General Consultation,Sunday,Evening,7,2,0,Yes,SMS,7.2,1,2,6,33,5,2,40,6
Male,18,18-24,Follow-up,Tuesday,Afternoon,60,2,0,Yes,SMS,5.6,0,7,4,199,29,9,259,38
Male,25,25-34,General Consultation,Monday,Morning,56,3,0,No,No Reminder,3.3,0,5,0,132,20,7,188,28
Female,63,55-64,Follow-up,Friday,Morning,54,2,0,Yes,WhatsApp,15.9,0,9,6,250,36,10,304,44
Male,80,65+,Diagnostic Test,Wednesday,Afternoon,55,4,1,Yes,WhatsApp,11.9,0,12,3,361,52,2,50,8
Male,27,25-34,Follow-up,Tuesday,Morning,37,1,0,No,No Reminder,8.7,0,11,6,334,48,1,6,2
Male,46,45-54,Diagnostic Test,Tuesday,Evening,51,4,3,No,No Reminder,2.9,0,5,6,123,18,6,174,26
Male,69,65+,General Consultation,Tuesday,Afternoon,10,2,0,Yes,SMS,15.3,0,3,5,87,13,4,97,15
Female,64,55-64,General Consultation,Wednesday,Evening,33,2,0,No,No Reminder,7.7,0,12,4,355,51,1,22,4
Female,62,55-64,Specialist Consultation,Wednesday,Evening,49,6,2,Yes,WhatsApp,1.9,0,5,2,126,19,6,175,26
Male,77,65+,General Consultation,Wednesday,Afternoon,46,4,0,Yes,SMS,11.1,0,7,5,200,29,9,246,36
Female,47,45-54,Diagnostic Test,Sunday,Afternoon,32,2,0,Yes,SMS,9.1,1,5,2,127,19,6,159,23
Male,50,45-54,Follow-up,Thursday,Afternoon,37,1,1,No,No Reminder,9.2,0,1,1,6,2,2,43,7
Male,74,65+,Follow-up,Saturday,Evening,52,4,0,Yes,WhatsApp,19.5,0,12,2,358,52,2,45,7
Female,64,55-64,Follow-up,Sunday,Morning,51,2,0,No,No Reminder,17.2,1,4,4,101,15,6,152,22
Male,26,25-34,General Consultation,Friday,Afternoon,6,1,0,No,No Reminder,6.8,0,6,5,171,25,6,177,26
Male,58,55-64,Follow-up,Friday,Afternoon,36,5,1,Yes,SMS,6.7,0,7,3,212,31,9,248,36
Male,73,65+,Follow-up,Saturday,Morning,23,3,0,Yes,WhatsApp,4.3,0,9,3,268,39,10,291,42
Male,26,25-34,Follow-up,Sunday,Morning,48,1,0,Yes,WhatsApp,6.9,1,12,0,363,1,2,46,7
Female,70,65+,General Consultation,Saturday,Morning,30,3,1,No,No Reminder,10.0,0,11,3,331,48,12,361,52
Male,24,18-24,Diagnostic Test,Saturday,Morning,60,1,0,Yes,SMS,9.7,0,2,1,35,6,4,95,14
Female,72,65+,General Consultation,Sunday,Morning,26,4,0,Yes,Email,10.7,1,5,1,140,21,6,166,24
Male,67,65+,Follow-up,Thursday,Morning,41,3,0,No,No Reminder,10.6,0,6,4,157,23,7,198,29
Female,27,25-34,General Consultation,Tuesday,Afternoon,6,1,0,Yes,WhatsApp,5.0,0,5,2,147,22,6,153,23
Female,63,55-64,General Consultation,Monday,Afternoon,56,2,0,Yes,SMS,15.2,0,12,0,335,49,1,26,5
Female,25,25-34,General Consultation,Sunday,Afternoon,9,2,0,Yes,SMS,16.9,1,7,4,192,28,7,201,29
Female,53,45-54,General Consultation,Friday,Morning,23,1,0,Yes,SMS,9.0,0,1,2,14,3,2,37,6
Male,30,25-34,Follow-up,Monday,Morning,59,4,1,Yes,WhatsApp,11.5,0,6,4,157,23,8,216,32
Female,28,25-34,Follow-up,Saturday,Morning,29,2,0,No,No Reminder,3.4,0,7,4,192,28,8,221,32
Female,44,35-44,Follow-up,Monday,Afternoon,29,1,0,No,No Reminder,7.2,0,4,6,95,14,5,124,19
Male,41,35-44,General Consultation,Monday,Evening,2,1,1,Yes,SMS,6.9,0,11,5,305,44,11,307,45
Female,21,18-24,General Consultation,Sunday,Evening,59,3,1,Yes,Email,1.9,1,1,3,23,4,3,82,12
Female,46,45-54,Follow-up,Thursday,Afternoon,1,2,1,Yes,SMS,7.4,0,1,2,28,5,1,29,5
Female,34,25-34,Follow-up,Tuesday,Afternoon,1,4,1,Yes,WhatsApp,14.8,0,11,0,321,47,11,322,47
Male,25,25-34,Follow-up,Sunday,Afternoon,28,1,0,No,No Reminder,16.4,1,9,6,250,36,10,278,40
Prefer not to say,35,35-44,General Consultation,Saturday,Afternoon,0,3,0,Yes,Email,24.7,0,1,5,31,5,1,31,5
Female,19,18-24,Specialist Consultation,Monday,Morning,10,4,0,Yes,SMS,12.0,0,5,4,121,18,5,131,20
Male,75,65+,General Consultation,Monday,Morning,38,3,1,Yes,Email,14.0,0,5,4,143,21,6,181,27
Male,80,65+,Follow-up,Sunday,Evening,43,5,1,Yes,Email,5.7,1,7,5,186,27,8,229,33
Prefer not to say,41,35-44,General Consultation,Monday,Evening,18,3,0,Yes,Email,12.9,0,3,3,86,13,4,104,16
Male,73,65+,Follow-up,Saturday,Morning,48,7,3,No,No Reminder,11.3,0,11,6,306,44,12,354,51
Male,47,45-54,General Consultation,Friday,Morning,37,2,0,No,No Reminder,6.9,0,7,2,183,27,8,220,32
Male,75,65+,Specialist Consultation,Sunday,Morning,13,8,1,Yes,SMS,25.3,1,6,0,174,26,7,187,27
Male,28,25-34,General Consultation,Friday,Afternoon,43,9,1,No,No Reminder,3.3,0,12,3,338,49,1,16,3
Male,64,55-64,General Consultation,Thursday,Afternoon,49,1,0,Yes,WhatsApp,19.5,0,7,3,205,30,9,254,37
Female,69,65+,General Consultation,Thursday,Morning,14,4,1,Yes,SMS,6.1,0,5,3,128,19,5,142,21
Female,44,35-44,General Consultation,Monday,Morning,18,3,1,No,No Reminder,14.4,0,2,3,51,8,3,69,11
Female,43,35-44,Specialist Consultation,Saturday,Afternoon,20,3,0,Yes,WhatsApp,14.4,0,3,6,67,10,3,87,13
Female,46,45-54,General Consultation,Thursday,Morning,54,1,0,Yes,Email,8.0,0,12,5,363,52,2,51,8
Female,68,65+,General Consultation,Friday,Afternoon,44,5,2,Yes,SMS,10.7,0,5,2,134,20,6,178,26
Female,18,18-24,Specialist Consultation,Wednesday,Afternoon,33,3,0,No,No Reminder,9.2,0,11,4,332,48,12,365,1
Female,65,65+,Specialist Consultation,Thursday,Afternoon,32,2,1,No,No Reminder,15.4,0,2,6,40,6,3,72,11
Female,80,65+,Follow-up,Sunday,Morning,13,2,0,Yes,WhatsApp,20.6,1,12,0,349,51,12,362,52
Female,67,65+,Specialist Consultation,Monday,Afternoon,8,4,3,Yes,SMS,10.9,0,6,6,159,23,6,167,25
Female,51,45-54,General Consultation,Saturday,Afternoon,20,3,0,No,No Reminder,3.9,0,12,6,357,51,1,11,2
Prefer not to say,42,35-44,General Consultation,Saturday,Evening,28,4,0,No,No Reminder,5.8,0,5,5,151,22,6,179,26
Female,70,65+,Diagnostic Test,Monday,Afternoon,25,5,1,Yes,SMS,8.2,0,2,3,50,8,3,75,12
Female,37,35-44,General Consultation,Friday,Morning,9,1,0,Yes,WhatsApp,12.4,0,5,2,140,21,5,149,22
Female,34,25-34,General Consultation,Wednesday,Morning,6,3,1,Yes,Email,8.8,0,4,3,99,15,4,105,16
Male,45,45-54,Specialist Consultation,Sunday,Afternoon,14,1,0,Yes,WhatsApp,26.4,1,2,6,32,5,2,46,7
Female,49,45-54,Follow-up,Thursday,Afternoon,51,6,4,No,No Reminder,5.7,0,3,1,84,13,5,135,20
Prefer not to say,45,45-54,General Consultation,Wednesday,Afternoon,52,4,1,No,No Reminder,4.7,0,11,6,313,45,12,365,1
Prefer not to say,27,25-34,Follow-up,Saturday,Afternoon,39,4,0,Yes,WhatsApp,8.5,0,2,1,56,9,4,95,14
Male,52,45-54,General Consultation,Wednesday,Evening,33,4,1,Yes,SMS,9.1,0,2,4,38,6,3,71,11
Male,71,65+,Diagnostic Test,Saturday,Afternoon,20,2,1,No,No Reminder,10.4,0,5,6,131,19,5,151,22
Male,66,65+,Follow-up,Monday,Morning,9,0,0,Yes,WhatsApp,5.2,0,2,5,45,7,2,54,9
Male,32,25-34,Follow-up,Monday,Afternoon,31,6,1,Yes,Email,17.9,0,2,4,45,7,3,76,12
Female,34,25-34,Diagnostic Test,Tuesday,Afternoon,17,3,0,Yes,SMS,14.2,0,5,5,137,20,6,154,23
Female,40,35-44,Diagnostic Test,Tuesday,Morning,2,4,0,Yes,WhatsApp,6.1,0,6,6,152,22,6,154,23
Male,20,18-24,Follow-up,Sunday,Morning,48,1,0,Yes,WhatsApp,3.6,1,11,0,321,47,1,4,1
Female,76,65+,Follow-up,Friday,Morning,57,5,1,Yes,SMS,22.9,0,3,3,78,12,5,135,20
Female,59,55-64,General Consultation,Monday,Afternoon,32,1,0,No,No Reminder,6.0,0,1,3,8,2,2,40,7
Female,53,45-54,Follow-up,Monday,Morning,56,1,0,Yes,SMS,15.7,0,2,0,55,9,4,111,17
Male,32,25-34,General Consultation,Tuesday,Morning,31,2,0,Yes,Email,4.5,0,5,5,129,19,6,160,24
Female,24,18-24,Follow-up,Sunday,Morning,26,4,0,Yes,SMS,8.8,1,9,1,273,40,10,299,43
Male,73,65+,Specialist Consultation,Sunday,Morning,31,2,0,Yes,SMS,11.8,1,12,3,352,51,1,18,3
Male,58,55-64,Specialist Consultation,Friday,Afternoon,43,9,2,No,No Reminder,1.8,0,4,3,113,17,6,156,23
Male,73,65+,Diagnostic Test,Friday,Evening,36,4,1,Yes,WhatsApp,5.1,0,10,3,282,41,11,318,46
Female,43,35-44,Specialist Consultation,Sunday,Afternoon,30,2,0,Yes,SMS,8.2,1,10,4,304,44,11,334,48
Female,35,35-44,Specialist Consultation,Thursday,Evening,4,2,0,Yes,SMS,3.3,0,2,6,39,6,2,43,7
Female,70,65+,Diagnostic Test,Wednesday,Afternoon,17,0,0,No,No Reminder,12.0,0,1,6,19,3,2,36,6
Male,78,65+,Specialist Consultation,Wednesday,Morning,19,1,0,Yes,SMS,7.2,0,1,4,9,2,1,28,5
Female,37,35-44,General Consultation,Saturday,Afternoon,47,3,0,Yes,SMS,3.6,0,8,0,237,35,10,284,41
Female,48,45-54,General Consultation,Thursday,Afternoon,52,3,0,Yes,WhatsApp,13.3,0,6,0,167,25,8,219,32
Male,32,25-34,General Consultation,Saturday,Afternoon,29,2,1,No,No Reminder,15.0,0,12,4,346,50,1,10,2
Male,36,35-44,Specialist Consultation,Monday,Afternoon,51,4,0,Yes,WhatsApp,3.3,0,11,5,328,47,1,13,3
Female,55,55-64,Follow-up,Wednesday,Morning,13,3,2,Yes,SMS,15.5,0,10,3,282,41,10,295,43
Male,26,25-34,General Consultation,Thursday,Evening,18,3,1,Yes,SMS,13.5,0,7,6,201,29,8,219,32
Female,75,65+,General Consultation,Thursday,Afternoon,46,3,2,Yes,SMS,14.3,0,3,6,67,10,4,113,17
Female,22,18-24,Diagnostic Test,Wednesday,Afternoon,60,5,3,No,No Reminder,18.2,0,4,5,101,15,6,161,24
Female,21,18-24,General Consultation,Sunday,Afternoon,8,4,1,Yes,Email,7.2,1,11,5,326,47,11,334,48
Female,44,35-44,Specialist Consultation,Thursday,Morning,14,4,1,No,No Reminder,9.3,0,7,3,184,27,7,198,29
Male,18,18-24,Follow-up,Sunday,Evening,18,3,1,No,No Reminder,3.8,1,8,2,225,33,8,243,35
Male,19,18-24,Follow-up,Monday,Morning,54,1,0,Yes,SMS,3.2,0,2,2,43,7,4,97,15
Female,24,18-24,General Consultation,Wednesday,Evening,17,2,0,No,No Reminder,5.9,0,3,6,81,12,4,98,15
Female,69,65+,Follow-up,Sunday,Afternoon,19,2,2,Yes,WhatsApp,21.9,1,3,1,83,13,4,102,15
Female,25,25-34,Specialist Consultation,Sunday,Afternoon,36,1,0,Yes,SMS,13.4,1,5,5,144,21,6,180,26
Female,50,45-54,Specialist Consultation,Wednesday,Morning,23,3,0,Yes,SMS,9.8,0,6,0,153,23,6,176,26
Male,62,55-64,General Consultation,Monday,Morning,8,3,0,No,No Reminder,2.6,0,4,6,95,14,4,103,16
Male,57,55-64,Follow-up,Saturday,Afternoon,50,1,0,Yes,WhatsApp,4.3,0,9,4,248,36,10,298,43
Female,59,55-64,Specialist Consultation,Tuesday,Morning,25,3,0,Yes,SMS,5.3,0,12,4,360,52,1,20,4
Male,40,35-44,Specialist Consultation,Thursday,Morning,15,3,0,No,No Reminder,6.9,0,9,2,253,37,9,268,39
Female,22,18-24,General Consultation,Friday,Morning,45,2,0,Yes,WhatsApp,3.1,0,10,1,301,44,12,346,50
Female,24,18-24,Diagnostic Test,Friday,Morning,9,2,2,No,No Reminder,29.3,0,3,2,70,11,3,79,12
Female,71,65+,General Consultation,Wednesday,Morning,4,2,1,No,No Reminder,14.7,0,6,5,179,26,7,183,27
Male,30,25-34,Specialist Consultation,Wednesday,Afternoon,46,0,0,No,No Reminder,20.9,0,3,5,88,13,5,134,20
Female,28,25-34,General Consultation,Friday,Afternoon,38,1,0,Yes,SMS,13.3,0,7,1,182,27,8,220,32
Female,20,18-24,Specialist Consultation,Thursday,Afternoon,48,3,2,No,No Reminder,5.8,0,3,4,86,13,5,134,20
Female,25,25-34,General Consultation,Saturday,Morning,38,3,1,No,No Reminder,14.8,0,4,2,119,18,6,157,23
Female,54,45-54,Specialist Consultation,Wednesday,Afternoon,24,1,1,Yes,SMS,4.1,0,4,6,116,17,5,140,21
Male,59,55-64,Diagnostic Test,Sunday,Morning,35,1,1,Yes,WhatsApp,9.3,1,5,6,138,20,6,173,25
Male,77,65+,Diagnostic Test,Wednesday,Morning,24,3,2,Yes,SMS,4.3,0,5,6,123,18,5,147,22
Female,68,65+,Diagnostic Test,Wednesday,Morning,48,5,2,Yes,SMS,6.8,0,12,3,359,52,2,42,7
Male,50,45-54,Diagnostic Test,Monday,Afternoon,60,5,1,Yes,SMS,5.4,0,4,3,120,18,6,180,27
Female,48,45-54,Follow-up,Sunday,Afternoon,23,3,0,No,No Reminder,9.6,1,1,4,30,5,2,53,8
Male,24,18-24,General Consultation,Thursday,Evening,6,2,0,Yes,SMS,7.5,0,5,4,122,18,5,128,19
Female,33,25-34,General Consultation,Saturday,Morning,29,1,0,No,No Reminder,23.0,0,1,4,23,4,2,52,8
Male,39,35-44,Specialist Consultation,Saturday,Afternoon,47,6,0,No,No Reminder,7.7,0,8,0,216,32,9,263,38
Male,20,18-24,General Consultation,Monday,Morning,23,6,1,Yes,SMS,8.8,0,11,5,319,46,12,342,50
Female,63,55-64,General Consultation,Sunday,Afternoon,17,2,0,Yes,SMS,5.6,1,8,3,233,34,9,250,36
Female,61,55-64,Follow-up,Sunday,Afternoon,27,0,0,Yes,SMS,17.8,1,12,0,356,52,1,18,3
Male,22,18-24,General Consultation,Monday,Afternoon,49,4,1,Yes,SMS,13.4,0,3,0,83,13,5,132,20
Female,25,25-34,General Consultation,Friday,Afternoon,20,3,0,Yes,WhatsApp,10.1,0,11,5,333,48,12,353,51
Female,21,18-24,General Consultation,Saturday,Morning,14,1,0,Yes,WhatsApp,7.9,0,11,5,333,48,12,347,50
Female,56,55-64,General Consultation,Saturday,Evening,49,3,0,No,No Reminder,10.3,0,4,5,109,16,6,158,23
Female,56,55-64,Specialist Consultation,Wednesday,Afternoon,5,3,0,Yes,WhatsApp,6.7,0,5,4,136,20,5,141,21
Female,79,65+,General Consultation,Sunday,Evening,2,2,0,Yes,SMS,7.2,1,11,4,318,46,11,320,46
Female,22,18-24,General Consultation,Wednesday,Morning,53,6,2,Yes,SMS,8.7,0,3,5,67,10,4,120,18
Male,21,18-24,Follow-up,Thursday,Afternoon,45,5,0,Yes,SMS,3.9,0,11,0,314,46,12,359,52
Female,51,45-54,General Consultation,Sunday,Afternoon,53,2,0,Yes,SMS,13.6,1,1,2,28,5,3,81,12
Male,19,18-24,Follow-up,Sunday,Morning,18,2,0,Yes,SMS,18.6,1,5,2,141,21,6,159,23
Female,58,55-64,Follow-up,Wednesday,Afternoon,58,1,0,Yes,Email,3.8,0,2,0,47,8,4,105,16
Female,42,35-44,General Consultation,Saturday,Afternoon,14,2,0,No,No Reminder,12.3,0,10,5,298,43,11,312,45
Male,26,25-34,General Consultation,Wednesday,Afternoon,26,4,0,No,No Reminder,16.4,0,3,4,66,10,4,92,14
Female,51,45-54,General Consultation,Saturday,Evening,41,5,1,Yes,SMS,2.5,0,6,6,159,23,7,200,29
Male,52,45-54,General Consultation,Sunday,Afternoon,17,3,1,Yes,SMS,4.9,1,12,3,354,51,1,5,1
Male,65,65+,Diagnostic Test,Wednesday,Afternoon,16,3,0,Yes,SMS,17.8,0,1,0,6,2,1,22,4
Female,30,25-34,General Consultation,Thursday,Morning,7,7,1,Yes,WhatsApp,17.8,0,6,3,177,26,7,184,27
Female,52,45-54,General Consultation,Saturday,Morning,0,5,0,Yes,SMS,8.6,0,9,5,249,36,9,249,36
Male,71,65+,General Consultation,Thursday,Morning,30,1,0,Yes,WhatsApp,10.4,0,2,1,41,7,3,71,11
Male,35,35-44,Specialist Consultation,Saturday,Morning,60,4,1,Yes,WhatsApp,13.2,0,1,1,14,3,3,74,11
Male,70,65+,Diagnostic Test,Saturday,Morning,13,1,0,No,No Reminder,16.1,0,3,6,81,12,4,94,14
Female,63,55-64,Specialist Consultation,Friday,Afternoon,26,3,1,No,No Reminder,9.7,0,4,6,103,15,5,129,19
Female,73,65+,Specialist Consultation,Sunday,Morning,47,2,0,No,No Reminder,1.7,1,12,1,336,49,1,18,3
Male,32,25-34,Specialist Consultation,Thursday,Evening,30,5,2,Yes,Email,13.0,0,10,1,301,44,11,331,48
Female,18,18-24,General Consultation,Tuesday,Afternoon,15,3,0,Yes,WhatsApp,21.3,0,2,0,48,8,3,63,10
Female,26,25-34,Follow-up,Friday,Morning,15,5,2,Yes,Email,4.8,0,7,3,198,29,8,213,31
Male,20,18-24,General Consultation,Thursday,Afternoon,37,2,1,Yes,WhatsApp,4.6,0,7,1,210,31,9,247,36
Male,77,65+,Specialist Consultation,Friday,Morning,15,5,0,Yes,SMS,2.8,0,5,3,142,21,6,157,23
Female,56,55-64,Specialist Consultation,Monday,Evening,21,3,0,No,No Reminder,13.6,0,5,0,131,20,6,152,23
Female,50,45-54,Follow-up,Wednesday,Afternoon,24,2,0,Yes,SMS,22.5,0,12,6,357,51,1,15,3
Female,42,35-44,General Consultation,Tuesday,Afternoon,19,2,1,Yes,SMS,8.9,0,7,3,212,31,8,231,34
Female,48,45-54,Follow-up,Thursday,Morning,31,1,0,Yes,SMS,9.5,0,7,0,188,28,8,219,32
Male,34,25-34,Specialist Consultation,Friday,Afternoon,37,1,0,No,No Reminder,4.9,0,10,2,302,44,12,339,49
Female,53,45-54,Follow-up,Sunday,Evening,55,5,1,Yes,SMS,12.5,1,4,0,104,16,6,159,23
Male,43,35-44,Diagnostic Test,Saturday,Afternoon,36,3,0,No,No Reminder,12.1,0,5,4,135,20,6,171,25
Male,22,18-24,General Consultation,Friday,Afternoon,35,4,1,No,No Reminder,1.6,0,11,4,311,45,12,346,50
Female,66,65+,General Consultation,Saturday,Morning,42,1,0,No,No Reminder,17.2,0,12,5,363,52,2,39,6
Female,47,45-54,Diagnostic Test,Thursday,Morning,26,3,0,Yes,SMS,8.2,0,5,5,122,18,5,148,22
Male,42,35-44,General Consultation,Monday,Afternoon,22,9,1,Yes,Email,2.7,0,2,6,54,8,3,76,12
Male,60,55-64,General Consultation,Tuesday,Afternoon,21,2,0,Yes,SMS,21.6,0,10,1,301,44,11,322,47
Male,26,25-34,Follow-up,Sunday,Morning,9,4,3,Yes,Email,7.2,1,2,4,58,9,3,67,10
Female,47,45-54,Follow-up,Wednesday,Morning,17,2,1,No,No Reminder,16.3,0,8,6,243,35,9,260,38
Female,18,18-24,Follow-up,Wednesday,Afternoon,58,6,1,Yes,WhatsApp,6.3,0,3,0,61,10,4,119,18
Female,32,25-34,Follow-up,Saturday,Afternoon,30,5,1,Yes,SMS,19.2,0,4,3,93,14,5,123,18
Male,21,18-24,General Consultation,Monday,Afternoon,37,5,2,No,No Reminder,4.4,0,11,5,326,47,12,363,1
Female,49,45-54,Follow-up,Friday,Afternoon,14,5,1,Yes,WhatsApp,6.8,0,8,4,234,34,9,248,36
Female,40,35-44,Follow-up,Monday,Afternoon,16,3,1,Yes,SMS,1.3,0,2,5,46,7,3,62,10
Female,26,25-34,Specialist Consultation,Saturday,Evening,44,4,0,Yes,WhatsApp,7.3,0,12,3,345,50,1,24,4
Male,61,55-64,Specialist Consultation,Tuesday,Afternoon,27,3,0,No,No Reminder,3.2,0,3,2,63,10,3,90,14
Male,29,25-34,Follow-up,Tuesday,Morning,9,4,2,Yes,WhatsApp,3.7,0,11,6,306,44,11,315,46
Female,80,65+,Specialist Consultation,Thursday,Evening,24,4,1,Yes,SMS,8.9,0,3,0,62,10,3,86,13
Male,22,18-24,General Consultation,Wednesday,Evening,40,2,1,No,No Reminder,8.7,0,7,4,192,28,8,232,34
Male,38,35-44,Diagnostic Test,Wednesday,Morning,34,2,0,Yes,SMS,7.0,0,9,3,268,39,10,302,44
Female,79,65+,Follow-up,Wednesday,Evening,12,2,0,Yes,SMS,5.9,0,5,4,150,22,6,162,24
Female,77,65+,Specialist Consultation,Wednesday,Morning,55,3,0,No,No Reminder,5.2,0,1,3,15,3,3,70,11
Female,51,45-54,Follow-up,Tuesday,Evening,39,6,0,No,No Reminder,2.4,0,11,4,318,46,12,357,52
Male,20,18-24,General Consultation,Wednesday,Morning,8,2,0,Yes,Email,1.4,0,12,1,359,52,1,1,1
Male,25,25-34,General Consultation,Friday,Morning,11,2,0,Yes,SMS,6.2,0,6,0,166,25,6,177,26
Male,24,18-24,Diagnostic Test,Monday,Morning,12,1,0,Yes,SMS,7.8,0,1,2,1,1,1,13,3
Male,38,35-44,Specialist Consultation,Saturday,Afternoon,45,2,0,Yes,SMS,1.2,0,12,2,339,49,1,18,3
Male,58,55-64,General Consultation,Thursday,Morning,58,2,1,Yes,SMS,11.2,0,8,1,224,33,10,282,41
Female,37,35-44,Follow-up,Thursday,Morning,31,3,0,Yes,Email,6.9,0,1,0,27,5,2,58,9
Male,63,55-64,Follow-up,Friday,Afternoon,36,3,0,Yes,Email,13.8,0,1,3,16,3,2,52,8
Female,34,25-34,Follow-up,Monday,Afternoon,25,3,0,Yes,WhatsApp,12.3,0,1,3,8,2,2,33,6
Male,35,35-44,Follow-up,Thursday,Morning,28,2,1,Yes,WhatsApp,2.9,0,2,3,37,6,3,65,10
Female,38,35-44,General Consultation,Thursday,Morning,35,2,1,Yes,WhatsApp,13.8,0,5,3,134,20,6,169,25
Female,70,65+,General Consultation,Tuesday,Morning,18,1,0,Yes,SMS,10.6,0,6,4,157,23,6,175,26
Female,33,25-34,Specialist Consultation,Monday,Afternoon,3,2,0,Yes,SMS,5.3,0,6,4,171,25,6,174,26
Male,35,35-44,Specialist Consultation,Thursday,Afternoon,34,4,1,Yes,Email,21.2,0,5,4,129,19,6,163,24
Female,59,55-64,Specialist Consultation,Tuesday,Afternoon,4,3,0,Yes,Email,5.4,0,4,4,94,14,4,98,15
Female,30,25-34,General Consultation,Wednesday,Morning,13,1,0,Yes,SMS,14.5,0,8,3,219,32,8,232,34
Female,72,65+,General Consultation,Friday,Afternoon,16,5,2,Yes,SMS,8.4,0,4,2,99,15,4,115,17
Female,29,25-34,Follow-up,Wednesday,Morning,49,2,0,No,No Reminder,12.0,0,12,2,346,50,1,29,5
Female,46,45-54,Specialist Consultation,Saturday,Morning,32,2,1,Yes,Email,8.7,0,12,1,336,49,1,3,1
Male,61,55-64,General Consultation,Saturday,Afternoon,39,3,0,Yes,SMS,1.6,0,1,1,13,3,2,52,8
Male,29,25-34,Follow-up,Saturday,Afternoon,16,2,1,No,No Reminder,11.8,0,6,3,177,26,7,193,28
Female,65,65+,Follow-up,Thursday,Afternoon,43,4,2,Yes,Email,10.4,0,5,2,134,20,6,177,26
Female,27,25-34,General Consultation,Friday,Afternoon,1,4,1,Yes,Email,9.1,0,3,3,64,10,3,65,10
Female,47,45-54,General Consultation,Sunday,Afternoon,40,1,0,Yes,SMS,13.7,1,3,1,90,14,5,130,19
Male,58,55-64,General Consultation,Wednesday,Evening,10,1,0,Yes,Email,5.0,0,3,6,74,11,3,84,13
Male,34,25-34,General Consultation,Wednesday,Afternoon,26,1,0,Yes,SMS,6.1,0,5,4,121,18,5,147,22
Female,56,55-64,Diagnostic Test,Saturday,Afternoon,3,2,0,Yes,SMS,5.4,0,8,2,225,33,8,228,33
Male,58,55-64,General Consultation,Wednesday,Afternoon,46,2,1,No,No Reminder,13.9,0,5,5,130,19,6,176,26
Male,43,35-44,General Consultation,Friday,Evening,16,1,1,No,No Reminder,8.5,0,4,2,113,17,5,129,19
Female,66,65+,General Consultation,Friday,Afternoon,21,4,0,Yes,SMS,15.3,0,1,4,23,4,2,44,7
Female,38,35-44,Follow-up,Saturday,Afternoon,23,6,1,Yes,SMS,2.6,0,2,3,50,8,3,73,11
Female,75,65+,General Consultation,Friday,Morning,15,2,1,Yes,WhatsApp,7.5,0,9,3,254,37,9,269,39
Male,69,65+,General Consultation,Friday,Afternoon,26,2,0,No,No Reminder,20.9,0,4,6,96,14,5,122,18
Female,64,55-64,General Consultation,Sunday,Afternoon,52,1,0,No,No Reminder,4.2,1,3,3,71,11,5,123,18
Male,66,65+,General Consultation,Tuesday,Morning,46,2,0,No,No Reminder,11.1,0,4,4,101,15,5,147,22
Male,68,65+,Follow-up,Thursday,Afternoon,18,1,1,Yes,SMS,8.5,0,3,6,61,9,3,79,12
Male,36,35-44,Follow-up,Saturday,Morning,57,2,1,Yes,SMS,2.8,0,9,4,255,37,11,312,45
Male,63,55-64,Specialist Consultation,Saturday,Morning,12,2,0,No,No Reminder,2.0,0,4,0,103,16,4,115,17
Female,30,25-34,General Consultation,Friday,Afternoon,55,0,0,No,No Reminder,2.1,0,3,5,80,12,5,135,20
Male,40,35-44,Specialist Consultation,Saturday,Afternoon,18,4,1,Yes,SMS,13.9,0,2,1,35,6,2,53,8
Female,76,65+,Follow-up,Friday,Afternoon,32,4,0,Yes,SMS,8.3,0,5,0,146,22,6,178,26
Male,35,35-44,General Consultation,Tuesday,Morning,12,2,0,No,No Reminder,12.2,0,3,3,72,11,3,84,13
Female,71,65+,Follow-up,Wednesday,Afternoon,46,3,0,Yes,SMS,12.5,0,5,5,123,18,6,169,25
Female,31,25-34,General Consultation,Tuesday,Evening,53,5,3,Yes,SMS,8.7,0,4,4,101,15,6,154,23
Male,52,45-54,Follow-up,Monday,Evening,30,4,1,Yes,SMS,8.3,0,9,5,249,36,10,279,41
Female,46,45-54,General Consultation,Wednesday,Morning,9,2,1,Yes,Email,11.6,0,1,0,20,4,1,29,5
Male,50,45-54,Diagnostic Test,Sunday,Morning,54,5,1,No,No Reminder,3.5,1,3,1,70,11,5,124,18
Female,34,25-34,General Consultation,Monday,Afternoon,41,5,2,Yes,SMS,7.6,0,1,1,7,2,2,48,8
Female,18,18-24,General Consultation,Wednesday,Evening,53,1,0,Yes,SMS,5.2,0,7,5,186,27,8,239,35
Male,37,35-44,General Consultation,Friday,Afternoon,32,0,0,Yes,SMS,8.7,0,3,0,68,11,4,100,15
Male,76,65+,Diagnostic Test,Friday,Morning,3,4,1,Yes,Email,6.1,0,2,1,55,9,2,58,9
Male,27,25-34,Specialist Consultation,Sunday,Morning,13,8,0,Yes,SMS,15.2,1,2,0,41,7,2,54,8
Female,61,55-64,Diagnostic Test,Monday,Afternoon,12,3,1,Yes,Email,11.5,0,1,2,8,2,1,20,4
Male,53,45-54,Follow-up,Tuesday,Evening,55,2,1,No,No Reminder,12.6,0,10,2,302,44,12,357,52
Female,76,65+,General Consultation,Thursday,Afternoon,29,3,0,Yes,WhatsApp,3.6,0,1,2,14,3,2,43,7
Male,30,25-34,Diagnostic Test,Sunday,Afternoon,15,6,3,Yes,WhatsApp,15.4,1,6,5,172,25,7,187,27
Female,53,45-54,Follow-up,Wednesday,Morning,41,3,1,Yes,SMS,1.7,0,2,3,51,8,4,92,14
Male,71,65+,Specialist Consultation,Wednesday,Morning,15,3,1,No,No Reminder,15.6,0,1,1,21,4,2,36,6
Male,58,55-64,Specialist Consultation,Tuesday,Evening,20,7,1,Yes,SMS,2.3,0,5,2,127,19,5,147,22
Male,64,55-64,Specialist Consultation,Thursday,Evening,20,2,1,Yes,SMS,17.5,0,10,4,283,41,10,303,44
Male,46,45-54,General Consultation,Wednesday,Morning,7,2,0,Yes,SMS,9.5,0,10,2,288,42,10,295,43
Male,79,65+,General Consultation,Saturday,Afternoon,59,4,2,No,No Reminder,15.8,0,7,2,190,28,9,249,36
Female,39,35-44,Follow-up,Tuesday,Morning,23,3,1,No,No Reminder,6.5,0,3,6,60,9,3,83,13
Female,18,18-24,Specialist Consultation,Friday,Afternoon,6,1,0,Yes,Email,4.7,0,1,5,18,3,1,24,4
Female,62,55-64,Diagnostic Test,Thursday,Morning,35,3,0,No,No Reminder,15.2,0,1,3,16,3,2,51,8
Female,59,55-64,Follow-up,Wednesday,Morning,53,3,1,Yes,SMS,8.2,0,6,5,179,26,8,232,34
Prefer not to say,79,65+,General Consultation,Monday,Morning,21,3,0,No,No Reminder,10.5,0,7,0,195,29,8,216,32
Male,42,35-44,General Consultation,Saturday,Morning,51,3,0,No,No Reminder,11.0,0,9,3,247,36,10,298,43
Male,44,35-44,Follow-up,Saturday,Afternoon,37,0,0,No,No Reminder,1.6,0,1,3,1,1,2,38,6
Male,53,45-54,General Consultation,Monday,Morning,45,1,0,Yes,SMS,13.0,0,10,4,276,40,11,321,47
Female,42,35-44,Follow-up,Wednesday,Morning,18,7,0,Yes,SMS,8.7,0,5,5,123,18,5,141,21
Male,67,65+,Specialist Consultation,Saturday,Morning,2,6,0,Yes,WhatsApp,2.0,0,6,3,177,26,6,179,26
Male,44,35-44,General Consultation,Sunday,Morning,21,3,1,Yes,SMS,5.8,1,1,6,25,4,2,46,7
Male,44,35-44,General Consultation,Friday,Morning,48,4,0,No,No Reminder,19.8,0,8,5,228,33,10,276,40
Male,32,25-34,General Consultation,Wednesday,Afternoon,47,4,2,Yes,SMS,13.4,0,9,4,248,36,10,295,43
Male,80,65+,Follow-up,Saturday,Afternoon,53,0,0,Yes,SMS,1.9,0,12,1,357,52,2,45,7
Female,51,45-54,General Consultation,Monday,Afternoon,22,3,0,Yes,SMS,10.4,0,1,6,4,1,1,26,5
Male,79,65+,Follow-up,Wednesday,Afternoon,18,3,2,No,No Reminder,19.7,0,7,5,207,30,8,225,33
Male,80,65+,Follow-up,Monday,Morning,53,7,2,Yes,WhatsApp,6.4,0,10,3,289,42,12,342,50
Female,45,45-54,Follow-up,Thursday,Afternoon,3,2,0,Yes,WhatsApp,9.1,0,4,0,111,17,4,114,17
Female,19,18-24,General Consultation,Sunday,Morning,3,4,1,Yes,SMS,10.4,1,12,3,352,51,12,355,51
Male,79,65+,General Consultation,Wednesday,Morning,0,2,0,Yes,SMS,5.0,0,6,2,161,24,6,161,24
Male,51,45-54,Diagnostic Test,Thursday,Morning,10,2,0,Yes,Email,5.1,0,2,0,55,9,3,65,10
Male,42,35-44,General Consultation,Thursday,Morning,60,6,2,Yes,SMS,15.0,0,12,6,355,51,2,50,8
Female,69,65+,Follow-up,Sunday,Morning,25,3,1,Yes,SMS,6.0,1,1,2,22,4,2,47,7
Female,59,55-64,Specialist Consultation,Monday,Morning,29,4,1,No,No Reminder,19.9,0,3,6,68,10,4,97,15
Male,61,55-64,General Consultation,Sunday,Afternoon,5,5,1,Yes,SMS,19.2,1,3,1,84,13,3,89,13
Male,30,25-34,Diagnostic Test,Sunday,Morning,11,1,0,Yes,SMS,3.1,1,3,2,85,13,4,96,14
Female,23,18-24,General Consultation,Friday,Afternoon,46,3,1,Yes,WhatsApp,8.8,0,12,0,344,50,1,24,4
Male,63,55-64,Specialist Consultation,Thursday,Evening,5,3,1,No,No Reminder,2.0,0,3,5,80,12,3,85,13
Male,19,18-24,Follow-up,Monday,Afternoon,36,4,0,No,No Reminder,14.1,0,12,6,364,52,2,34,6
Female,63,55-64,General Consultation,Wednesday,Afternoon,21,4,1,Yes,SMS,13.7,0,7,2,197,29,8,218,32
Male,57,55-64,Specialist Consultation,Sunday,Afternoon,37,8,1,Yes,SMS,8.7,1,2,4,38,6,3,75,11
Male,56,55-64,General Consultation,Tuesday,Afternoon,23,1,0,Yes,SMS,4.0,0,11,6,334,48,12,357,52
Female,21,18-24,General Consultation,Wednesday,Morning,41,3,1,Yes,Email,8.7,0,2,3,58,9,4,99,15
Female,70,65+,General Consultation,Wednesday,Afternoon,2,2,0,Yes,SMS,21.7,0,9,0,244,36,9,246,36
Female,26,25-34,General Consultation,Sunday,Morning,36,5,0,Yes,SMS,1.6,1,6,5,179,26,8,215,31
Female,73,65+,General Consultation,Friday,Afternoon,38,1,0,No,No Reminder,10.2,0,3,1,63,10,4,101,15
Female,30,25-34,Specialist Consultation,Thursday,Afternoon,5,3,0,Yes,SMS,1.6,0,4,5,108,16,4,113,17
Female,51,45-54,Specialist Consultation,Friday,Afternoon,48,1,0,Yes,Email,13.0,0,4,5,108,16,6,156,23
Male,48,45-54,Specialist Consultation,Wednesday,Afternoon,33,0,0,Yes,SMS,14.9,0,5,4,135,20,6,168,25
Male,24,18-24,Follow-up,Saturday,Evening,60,3,1,Yes,SMS,7.4,0,7,1,189,28,9,249,36
Male,44,35-44,Follow-up,Tuesday,Morning,25,4,0,Yes,SMS,9.8,0,3,4,80,12,4,105,16
Male,47,45-54,General Consultation,Wednesday,Morning,17,3,1,Yes,WhatsApp,4.1,0,11,6,320,46,12,337,49
Female,67,65+,Diagnostic Test,Thursday,Afternoon,18,2,0,No,No Reminder,10.2,0,4,6,103,15,5,121,18
Male,56,55-64,Follow-up,Tuesday,Morning,36,4,2,Yes,Email,6.6,0,8,0,223,33,9,259,38
Male,27,25-34,Specialist Consultation,Thursday,Evening,2,3,0,Yes,SMS,2.0,0,12,1,357,52,12,359,52
Male,46,45-54,Specialist Consultation,Saturday,Morning,1,5,0,Yes,WhatsApp,14.8,0,6,4,157,23,6,158,23
Female,49,45-54,General Consultation,Thursday,Morning,53,3,0,Yes,SMS,3.6,0,9,6,257,37,11,310,45
Male,44,35-44,Specialist Consultation,Thursday,Morning,5,1,0,Yes,SMS,16.6,0,2,5,38,6,2,43,7
Female,49,45-54,Follow-up,Tuesday,Morning,14,2,0,No,No Reminder,18.4,0,10,1,287,42,10,301,44
Prefer not to say,53,45-54,Specialist Consultation,Sunday,Afternoon,35,7,1,Yes,Email,9.4,1,2,6,53,8,3,88,13
Male,49,45-54,Follow-up,Tuesday,Afternoon,60,2,0,No,No Reminder,7.0,0,5,4,143,21,7,203,30
Female,29,25-34,Specialist Consultation,Friday,Morning,41,1,0,Yes,SMS,9.1,0,12,5,347,50,1,23,4
Male,36,35-44,General Consultation,Thursday,Morning,32,5,1,No,No Reminder,36.3,0,8,6,222,32,9,254,37
Female,27,25-34,Specialist Consultation,Wednesday,Afternoon,3,2,1,Yes,SMS,6.3,0,1,6,12,2,1,15,3
Female,71,65+,General Consultation,Friday,Morning,4,4,0,Yes,WhatsApp,4.6,0,10,0,286,42,10,290,42
Female,60,55-64,Follow-up,Tuesday,Morning,9,5,2,No,No Reminder,7.8,0,1,6,19,3,1,28,5
Female,42,35-44,Diagnostic Test,Sunday,Afternoon,40,2,0,Yes,SMS,10.7,1,4,1,104,16,5,144,21
Male,42,35-44,General Consultation,Tuesday,Morning,20,2,0,Yes,SMS,6.1,0,11,2,309,45,11,329,48
Female,22,18-24,General Consultation,Wednesday,Morning,14,4,1,No,No Reminder,34.4,0,7,2,190,28,7,204,30
Male,36,35-44,General Consultation,Tuesday,Morning,40,4,1,Yes,SMS,4.3,0,8,3,226,33,9,266,39
Female,76,65+,Follow-up,Friday,Afternoon,49,3,0,No,No Reminder,13.2,0,10,4,290,42,12,339,49
Male,19,18-24,General Consultation,Friday,Morning,26,3,0,Yes,WhatsApp,20.7,0,4,6,117,17,5,143,21
Female,27,25-34,General Consultation,Saturday,Afternoon,53,3,1,Yes,SMS,0.8,0,4,1,105,16,6,158,23
Male,71,65+,Diagnostic Test,Sunday,Afternoon,44,5,1,Yes,WhatsApp,11.4,1,7,4,185,27,8,229,33
Female,50,45-54,General Consultation,Thursday,Afternoon,43,3,2,Yes,WhatsApp,4.5,0,4,2,99,15,5,142,21
Male,48,45-54,Follow-up,Wednesday,Morning,11,6,0,Yes,SMS,7.4,0,2,5,46,7,2,57,9
Male,65,65+,General Consultation,Saturday,Morning,46,2,0,Yes,Email,19.9,0,2,1,41,7,3,87,13
Male,57,55-64,Follow-up,Friday,Afternoon,35,2,0,No,No Reminder,15.2,0,2,4,52,8,3,87,13
Male,74,65+,Specialist Consultation,Tuesday,Afternoon,54,3,1,No,No Reminder,17.8,0,12,3,359,52,2,48,8
Male,33,25-34,Follow-up,Wednesday,Morning,51,0,0,Yes,WhatsApp,1.2,0,4,0,97,15,5,148,22
Prefer not to say,35,35-44,General Consultation,Friday,Morning,54,3,0,No,No Reminder,12.0,0,1,6,19,3,3,73,11
Male,27,25-34,Follow-up,Sunday,Morning,50,1,0,No,No Reminder,4.0,1,8,5,235,34,10,285,41
Female,59,55-64,Follow-up,Sunday,Afternoon,23,1,0,Yes,SMS,15.1,1,3,4,66,10,3,89,13
Female,51,45-54,General Consultation,Saturday,Morning,44,4,0,Yes,Email,23.2,0,5,3,128,19,6,172,25
Male,39,35-44,Specialist Consultation,Wednesday,Evening,25,0,0,Yes,WhatsApp,7.5,0,8,5,221,32,9,246,36
Female,52,45-54,Specialist Consultation,Monday,Afternoon,35,2,0,Yes,WhatsApp,11.7,0,3,0,61,10,4,96,15
Female,45,45-54,Specialist Consultation,Thursday,Morning,28,4,1,No,No Reminder,2.1,0,1,3,9,2,2,37,6
Prefer not to say,43,35-44,Diagnostic Test,Thursday,Afternoon,10,4,0,Yes,SMS,3.3,0,7,0,188,28,7,198,29
Female,31,25-34,Follow-up,Saturday,Morning,31,0,0,Yes,SMS,3.1,0,3,2,85,13,4,116,17
Female,35,35-44,General Consultation,Sunday,Afternoon,41,1,1,Yes,SMS,17.3,1,10,0,286,42,11,327,47
Male,53,45-54,General Consultation,Monday,Morning,51,9,2,Yes,WhatsApp,4.9,0,3,5,73,11,5,124,19
Male,20,18-24,Specialist Consultation,Friday,Morning,9,3,1,No,No Reminder,26.3,0,2,2,49,8,2,58,9
Female,27,25-34,General Consultation,Friday,Afternoon,26,1,0,No,No Reminder,11.4,0,11,6,327,47,12,353,51
Female,53,45-54,Follow-up,Sunday,Afternoon,44,3,1,Yes,SMS,8.7,1,1,4,16,3,3,60,9
Male,50,45-54,Follow-up,Friday,Morning,50,1,0,No,No Reminder,9.8,0,2,3,44,7,4,94,14
Male,25,25-34,Diagnostic Test,Saturday,Afternoon,48,1,1,Yes,SMS,9.5,0,3,6,74,11,5,122,18
Female,71,65+,Specialist Consultation,Friday,Afternoon,52,2,1,Yes,SMS,7.2,0,12,1,366,1,2,52,8
Male,27,25-34,Follow-up,Monday,Afternoon,37,0,0,Yes,WhatsApp,2.6,0,2,5,52,8,3,89,14
Male,37,35-44,Follow-up,Wednesday,Morning,15,2,2,No,No Reminder,6.4,0,9,1,245,36,9,260,38
Female,32,25-34,Specialist Consultation,Saturday,Morning,34,6,1,Yes,SMS,11.9,0,3,6,60,9,4,94,14
Female,46,45-54,General Consultation,Tuesday,Morning,43,2,0,Yes,WhatsApp,6.3,0,4,0,103,16,5,146,22
Female,47,45-54,Follow-up,Wednesday,Evening,6,2,0,No,No Reminder,6.5,0,9,3,254,37,9,260,38
Male,47,45-54,Follow-up,Saturday,Morning,33,2,0,Yes,WhatsApp,6.3,0,6,0,153,23,7,186,27
Female,75,65+,Follow-up,Monday,Morning,57,1,0,No,No Reminder,32.7,0,3,6,61,9,4,118,18
Male,48,45-54,Diagnostic Test,Sunday,Evening,55,3,1,Yes,Email,15.0,1,9,0,265,39,11,320,46
Female,78,65+,General Consultation,Thursday,Afternoon,27,5,0,Yes,SMS,8.9,0,8,4,227,33,9,254,37
Male,69,65+,General Consultation,Saturday,Afternoon,40,1,0,Yes,SMS,6.0,0,5,0,125,19,6,165,24
Male,45,45-54,General Consultation,Wednesday,Afternoon,55,7,2,No,No Reminder,8.0,0,11,3,326,47,1,15,3
Female,40,35-44,Follow-up,Sunday,Evening,10,3,1,Yes,SMS,1.1,1,4,3,107,16,4,117,17
Male,24,18-24,Specialist Consultation,Sunday,Afternoon,44,6,0,Yes,Email,8.6,1,3,4,79,12,5,123,18
Male,22,18-24,General Consultation,Monday,Afternoon,59,1,1,Yes,SMS,5.9,0,12,4,362,52,2,55,9
Male,57,55-64,Diagnostic Test,Friday,Morning,13,1,0,No,No Reminder,10.1,0,8,5,214,31,8,227,33
Male,44,35-44,General Consultation,Thursday,Afternoon,15,2,0,Yes,SMS,4.7,0,4,2,99,15,4,114,17
Female,70,65+,Follow-up,Thursday,Morning,28,1,1,Yes,WhatsApp,0.8,0,1,3,30,5,2,58,9
Female,60,55-64,General Consultation,Tuesday,Afternoon,44,0,0,Yes,Email,22.1,0,7,6,187,27,8,231,34
Male,23,18-24,Specialist Consultation,Sunday,Morning,58,3,0,Yes,Email,5.2,1,8,4,227,33,10,285,41
Female,70,65+,Specialist Consultation,Monday,Afternoon,48,2,1,Yes,SMS,14.6,0,2,1,49,8,4,97,15
Female,78,65+,General Consultation,Monday,Morning,39,5,1,Yes,WhatsApp,9.4,0,11,3,317,46,12,356,52
Male,58,55-64,General Consultation,Wednesday,Afternoon,12,1,0,Yes,WhatsApp,6.3,0,4,4,93,14,4,105,16
Male,19,18-24,Diagnostic Test,Wednesday,Evening,28,3,0,Yes,SMS,8.6,0,3,2,71,11,4,99,15
Male,29,25-34,Follow-up,Tuesday,Afternoon,11,5,1,Yes,WhatsApp,14.0,0,6,4,164,24,6,175,26
Female,20,18-24,Diagnostic Test,Wednesday,Afternoon,52,7,2,Yes,SMS,15.9,0,5,6,145,21,7,197,29
Male,67,65+,Specialist Consultation,Friday,Morning,31,0,0,Yes,SMS,8.0,0,12,1,366,1,1,31,5
Female,28,25-34,General Consultation,Tuesday,Afternoon,5,3,1,No,No Reminder,10.6,0,7,3,191,28,7,196,29
Male,49,45-54,General Consultation,Sunday,Evening,6,1,0,No,No Reminder,7.6,1,6,0,181,27,7,187,27
Female,23,18-24,General Consultation,Sunday,Morning,43,3,0,Yes,SMS,9.3,1,4,5,102,15,5,145,21
Male,34,25-34,General Consultation,Saturday,Morning,12,2,0,Yes,WhatsApp,21.3,0,5,0,131,20,5,143,21
Female,77,65+,General Consultation,Sunday,Morning,15,3,1,Yes,SMS,7.7,1,11,5,319,46,11,334,48
Male,57,55-64,General Consultation,Sunday,Afternoon,52,0,0,Yes,SMS,19.7,1,6,3,177,26,8,229,33
Male,78,65+,Follow-up,Wednesday,Evening,53,1,0,Yes,SMS,4.3,0,3,5,60,9,4,113,17
Male,40,35-44,General Consultation,Saturday,Afternoon,46,1,1,Yes,SMS,4.7,0,1,1,27,5,3,73,11
Male,56,55-64,General Consultation,Friday,Morning,18,1,0,Yes,Email,8.7,0,4,0,103,16,5,121,18
Male,29,25-34,Specialist Consultation,Saturday,Morning,52,5,1,Yes,WhatsApp,11.8,0,11,2,330,48,1,17,3
Prefer not to say,70,65+,Specialist Consultation,Monday,Morning,5,2,0,Yes,Email,27.3,0,2,2,50,8,2,55,9
Female,29,25-34,General Consultation,Monday,Morning,45,2,1,Yes,SMS,7.4,0,1,4,2,1,2,47,8
Female,30,25-34,General Consultation,Friday,Afternoon,31,5,0,Yes,SMS,20.7,0,1,1,28,5,2,59,9
Male,37,35-44,General Consultation,Tuesday,Morning,9,4,1,No,No Reminder,7.2,0,8,6,243,35,9,252,37
Male,40,35-44,Diagnostic Test,Friday,Evening,45,3,0,Yes,SMS,3.6,0,10,1,294,43,12,339,49
Female,54,45-54,Specialist Consultation,Saturday,Morning,22,10,1,Yes,WhatsApp,8.4,0,3,4,87,13,4,109,16
Male,75,65+,Follow-up,Saturday,Morning,20,3,1,Yes,SMS,8.0,0,3,6,81,12,4,101,15
Female,80,65+,General Consultation,Wednesday,Afternoon,29,7,2,Yes,Email,10.6,0,5,1,132,20,6,161,24
Female,70,65+,Diagnostic Test,Wednesday,Morning,17,1,0,Yes,WhatsApp,5.0,0,2,6,40,6,2,57,9
Female,24,18-24,General Consultation,Tuesday,Evening,16,1,1,Yes,SMS,24.4,0,3,6,67,10,3,83,13
Female,77,65+,Follow-up,Tuesday,Morning,0,2,0,Yes,SMS,16.0,0,1,1,13,3,1,13,3
Female,48,45-54,Specialist Consultation,Wednesday,Afternoon,56,2,1,No,No Reminder,10.6,0,8,2,232,34,10,288,42
Male,62,55-64,General Consultation,Thursday,Morning,14,6,2,Yes,SMS,2.8,0,3,3,65,10,3,79,12
Male,24,18-24,General Consultation,Saturday,Afternoon,9,4,1,Yes,SMS,3.3,0,8,3,233,34,8,242,35
Male,73,65+,General Consultation,Saturday,Evening,60,2,0,Yes,Email,12.6,0,11,1,331,48,1,25,4
Female,46,45-54,General Consultation,Friday,Afternoon,29,3,1,Yes,SMS,6.0,0,3,3,86,13,4,115,17
Female,26,25-34,Diagnostic Test,Friday,Afternoon,19,2,1,No,No Reminder,18.2,0,7,6,201,29,8,220,32
Female,21,18-24,General Consultation,Thursday,Afternoon,5,3,1,Yes,SMS,13.2,0,6,5,172,25,6,177,26
Female,46,45-54,Diagnostic Test,Saturday,Morning,19,4,0,Yes,WhatsApp,3.8,0,8,0,237,35,9,256,37
Female,62,55-64,General Consultation,Tuesday,Afternoon,15,2,0,Yes,SMS,6.7,0,5,0,138,21,6,153,23
Male,63,55-64,Specialist Consultation,Monday,Afternoon,48,3,0,Yes,WhatsApp,18.7,0,12,1,366,1,2,48,8
Female,70,65+,Specialist Consultation,Tuesday,Afternoon,48,0,0,Yes,WhatsApp,9.6,0,1,2,28,5,3,76,12
Male,29,25-34,Specialist Consultation,Thursday,Morning,50,6,1,Yes,Email,8.7,0,4,2,91,14,5,141,21
Female,22,18-24,General Consultation,Friday,Morning,31,4,0,Yes,Email,4.0,0,3,1,63,10,4,94,14
Male,27,25-34,Diagnostic Test,Saturday,Afternoon,13,3,0,Yes,SMS,4.6,0,3,6,60,9,3,73,11
Female,47,45-54,Diagnostic Test,Saturday,Afternoon,13,2,0,Yes,WhatsApp,2.1,0,6,6,166,24,6,179,26
Female,19,18-24,Follow-up,Saturday,Afternoon,38,2,0,No,No Reminder,10.0,0,8,2,232,34,9,270,39
Female,47,45-54,Follow-up,Monday,Afternoon,57,2,1,Yes,SMS,7.2,0,4,6,109,16,6,166,25
Male,22,18-24,Follow-up,Sunday,Morning,22,3,0,Yes,SMS,5.6,1,5,5,136,20,6,158,23
Female,56,55-64,General Consultation,Monday,Afternoon,24,3,1,No,No Reminder,15.9,0,2,4,51,8,3,75,12
Male,55,55-64,Follow-up,Wednesday,Evening,41,3,0,Yes,SMS,2.9,0,6,3,177,26,8,218,32
Male,69,65+,Follow-up,Tuesday,Morning,40,3,0,No,No Reminder,13.2,0,1,3,29,5,3,69,11
Female,19,18-24,Follow-up,Sunday,Morning,49,2,1,Yes,SMS,13.7,1,9,6,271,39,11,320,46
Female,22,18-24,Diagnostic Test,Sunday,Afternoon,28,5,0,Yes,SMS,8.7,1,8,6,229,33,9,257,37
Male,20,18-24,Specialist Consultation,Tuesday,Evening,48,6,3,No,No Reminder,6.2,0,1,2,22,4,3,70,11
Female,42,35-44,General Consultation,Wednesday,Afternoon,21,3,0,Yes,WhatsApp,10.4,0,12,2,337,49,12,358,52
Male,63,55-64,General Consultation,Wednesday,Afternoon,29,2,1,No,No Reminder,9.9,0,5,1,147,22,6,176,26
Male,59,55-64,Follow-up,Tuesday,Afternoon,30,2,1,Yes,SMS,15.8,0,3,6,89,13,4,119,18
Female,31,25-34,General Consultation,Wednesday,Afternoon,42,3,1,Yes,WhatsApp,13.9,0,3,2,64,10,4,106,16
Male,59,55-64,Specialist Consultation,Sunday,Afternoon,37,3,0,No,No Reminder,4.6,1,5,4,135,20,6,172,25
Female,59,55-64,General Consultation,Wednesday,Afternoon,4,3,1,Yes,WhatsApp,18.3,0,2,5,53,8,2,57,9
Male,30,25-34,General Consultation,Thursday,Afternoon,49,4,0,Yes,WhatsApp,6.0,0,1,3,22,4,3,71,11
Male,65,65+,General Consultation,Saturday,Afternoon,46,4,1,No,No Reminder,2.8,0,3,1,62,10,4,108,16
Prefer not to say,21,18-24,Diagnostic Test,Tuesday,Morning,58,3,0,No,No Reminder,12.9,0,9,6,264,38,11,322,47
Female,66,65+,Follow-up,Tuesday,Evening,5,6,1,Yes,Email,4.4,0,7,3,191,28,7,196,29
Female,61,55-64,Specialist Consultation,Wednesday,Afternoon,29,3,0,Yes,SMS,1.9,0,12,1,336,49,12,365,1
Female,34,25-34,General Consultation,Tuesday,Morning,51,2,0,Yes,WhatsApp,12.1,0,6,6,173,25,8,224,33
Female,65,65+,Follow-up,Friday,Afternoon,17,4,0,Yes,Email,3.6,0,8,1,224,33,8,241,35
Male,42,35-44,Diagnostic Test,Sunday,Afternoon,56,6,1,No,No Reminder,14.7,1,6,6,180,26,8,236,34
Female,46,45-54,General Consultation,Saturday,Afternoon,25,4,0,Yes,Email,7.2,0,2,1,48,8,3,73,11
Male,23,18-24,Diagnostic Test,Friday,Afternoon,13,6,2,No,No Reminder,4.7,0,11,5,333,48,12,346,50
Female,80,65+,General Consultation,Saturday,Morning,21,4,0,Yes,SMS,7.4,0,7,5,186,27,7,207,30
Female,30,25-34,Follow-up,Saturday,Morning,41,1,0,Yes,SMS,1.8,0,2,6,32,5,3,73,11
Prefer not to say,53,45-54,Diagnostic Test,Monday,Evening,56,5,1,Yes,WhatsApp,15.2,0,3,0,89,14,5,145,22
Female,67,65+,General Consultation,Tuesday,Morning,11,2,0,Yes,SMS,16.1,0,1,4,23,4,2,34,6
Female,31,25-34,General Consultation,Friday,Afternoon,32,0,0,No,No Reminder,12.6,0,1,0,26,5,2,58,9
Female,34,25-34,Follow-up,Wednesday,Afternoon,56,3,0,No,No Reminder,16.0,0,4,2,92,14,5,148,22
Male,39,35-44,General Consultation,Thursday,Afternoon,21,3,1,No,No Reminder,7.5,0,8,3,226,33,9,247,36
Female,74,65+,Specialist Consultation,Friday,Morning,42,5,1,Yes,Email,19.0,0,9,4,269,39,11,311,45
Male,49,45-54,Follow-up,Tuesday,Morning,0,3,0,Yes,SMS,4.9,0,7,1,210,31,7,210,31
Male,63,55-64,General Consultation,Wednesday,Afternoon,13,1,0,Yes,WhatsApp,6.0,0,8,3,240,35,9,253,37
Prefer not to say,71,65+,Follow-up,Friday,Morning,0,3,1,No,No Reminder,26.3,0,7,4,192,28,7,192,28
Male,75,65+,Specialist Consultation,Thursday,Afternoon,1,4,1,Yes,WhatsApp,6.5,0,10,2,302,44,10,303,44
Male,77,65+,Follow-up,Monday,Morning,50,6,2,Yes,Email,6.6,0,6,6,152,22,7,202,30
Female,80,65+,Specialist Consultation,Wednesday,Afternoon,9,6,0,Yes,SMS,10.1,0,6,0,167,25,6,176,26
Female,58,55-64,General Consultation,Sunday,Morning,6,2,1,No,No Reminder,3.9,1,6,0,159,24,6,165,24
Male,25,25-34,Follow-up,Saturday,Morning,7,4,0,Yes,SMS,8.7,0,2,5,32,5,2,39,6
Male,68,65+,General Consultation,Saturday,Afternoon,39,4,1,Yes,SMS,10.3,0,6,1,168,25,7,207,30
Female,37,35-44,General Consultation,Saturday,Morning,33,5,1,No,No Reminder,2.9,0,9,0,258,38,10,291,42
Female,68,65+,Follow-up,Friday,Afternoon,39,2,0,Yes,SMS,25.7,0,1,0,13,3,2,52,8
Female,76,65+,Specialist Consultation,Monday,Afternoon,29,5,2,Yes,Email,12.9,0,5,6,138,20,6,167,25
Female,58,55-64,Follow-up,Tuesday,Evening,47,1,0,Yes,Email,23.5,0,2,3,44,7,4,91,14
Male,66,65+,General Consultation,Wednesday,Afternoon,39,6,1,Yes,Email,3.2,0,8,5,235,34,10,274,40
Female,45,45-54,General Consultation,Saturday,Afternoon,0,2,0,Yes,SMS,5.1,0,6,5,164,24,6,164,24
Female,78,65+,General Consultation,Friday,Morning,16,1,0,Yes,WhatsApp,26.5,0,7,2,197,29,8,213,31
Female,69,65+,Diagnostic Test,Friday,Afternoon,8,3,1,Yes,Email,9.8,0,4,3,99,15,4,107,16
Male,30,25-34,Specialist Consultation,Monday,Morning,0,1,0,Yes,SMS,8.4,0,4,0,118,18,4,118,18
Female,76,65+,Diagnostic Test,Tuesday,Afternoon,16,2,0,Yes,WhatsApp,1.0,0,2,6,46,7,3,62,10
Male,49,45-54,Specialist Consultation,Tuesday,Morning,12,3,0,Yes,SMS,6.6,0,10,3,296,43,11,308,45
Male,71,65+,Follow-up,Wednesday,Morning,4,1,0,No,No Reminder,7.5,0,2,5,45,7,2,49,8
Male,50,45-54,General Consultation,Tuesday,Afternoon,19,2,0,Yes,WhatsApp,10.6,0,1,3,29,5,2,48,8
Female,56,55-64,General Consultation,Saturday,Afternoon,30,8,2,Yes,SMS,26.8,0,9,3,261,38,10,291,42
Male,39,35-44,Specialist Consultation,Wednesday,Afternoon,16,2,1,No,No Reminder,7.2,0,9,0,272,40,10,288,42
Female,63,55-64,General Consultation,Saturday,Afternoon,1,6,0,No,No Reminder,4.2,0,3,4,86,13,3,87,13
Male,46,45-54,General Consultation,Thursday,Morning,48,4,0,Yes,WhatsApp,8.7,0,1,4,10,2,2,58,9
Female,71,65+,Follow-up,Thursday,Afternoon,38,1,1,Yes,SMS,7.6,0,11,0,328,48,1,1,1
Female,22,18-24,Diagnostic Test,Friday,Morning,37,2,0,Yes,WhatsApp,7.0,0,5,2,140,21,6,177,26
Female,40,35-44,Follow-up,Wednesday,Evening,57,2,2,Yes,WhatsApp,26.7,0,12,1,338,49,1,29,5
Female,20,18-24,Follow-up,Thursday,Morning,15,3,1,Yes,SMS,7.9,0,12,2,344,50,12,359,52
Female,62,55-64,General Consultation,Monday,Morning,48,2,0,Yes,Email,8.7,0,4,1,104,16,6,152,23
Male,72,65+,General Consultation,Wednesday,Morning,57,1,0,Yes,SMS,24.7,0,2,1,41,7,4,98,15
Female,27,25-34,General Consultation,Sunday,Afternoon,34,0,0,No,No Reminder,20.4,1,6,0,181,27,8,215,31
Male,38,35-44,General Consultation,Wednesday,Morning,51,1,0,Yes,SMS,18.6,0,1,0,6,2,2,57,9
Male,71,65+,General Consultation,Wednesday,Afternoon,8,3,0,Yes,WhatsApp,10.3,0,5,1,132,20,5,140,21
Male,20,18-24,General Consultation,Tuesday,Afternoon,53,5,0,No,No Reminder,6.3,0,3,4,86,13,5,139,21
Female,73,65+,General Consultation,Friday,Afternoon,13,1,0,Yes,WhatsApp,16.1,0,6,5,157,23,6,170,25
Male,27,25-34,Diagnostic Test,Friday,Morning,3,2,0,Yes,SMS,23.4,0,12,1,366,1,1,3,1
Female,61,55-64,General Consultation,Wednesday,Morning,26,2,1,Yes,Email,3.6,0,12,4,362,52,1,22,4
Female,18,18-24,Specialist Consultation,Tuesday,Afternoon,18,4,1,No,No Reminder,9.8,0,5,4,128,19,5,146,22
Male,49,45-54,General Consultation,Wednesday,Morning,23,3,1,Yes,SMS,18.2,0,12,0,349,51,1,7,2
Male,22,18-24,Follow-up,Thursday,Afternoon,60,3,0,No,No Reminder,4.4,0,3,6,74,11,5,134,20
Female,51,45-54,Specialist Consultation,Tuesday,Afternoon,26,5,2,Yes,SMS,4.6,0,10,3,282,41,11,308,45
Male,40,35-44,Follow-up,Saturday,Afternoon,4,2,0,Yes,Email,12.0,0,2,1,42,7,2,46,7
Female,62,55-64,General Consultation,Wednesday,Afternoon,17,3,1,Yes,SMS,12.7,0,12,6,364,52,1,15,3
Female,48,45-54,Follow-up,Tuesday,Morning,41,3,1,Yes,WhatsApp,19.7,0,12,2,365,1,2,41,7
Male,58,55-64,General Consultation,Monday,Afternoon,48,3,0,Yes,WhatsApp,8.6,0,2,1,35,6,3,83,13
Female,55,55-64,General Consultation,Saturday,Morning,51,3,0,Yes,Email,5.9,0,2,3,50,8,4,101,15
Female,80,65+,General Consultation,Sunday,Afternoon,38,2,1,No,No Reminder,15.3,1,4,3,93,14,5,131,19
Male,33,25-34,General Consultation,Monday,Morning,25,0,0,No,No Reminder,6.2,0,3,3,86,13,4,111,17
Female,64,55-64,Follow-up,Thursday,Morning,6,2,0,Yes,Email,8.7,0,8,4,241,35,9,247,36
Male,72,65+,Diagnostic Test,Friday,Morning,32,3,2,Yes,SMS,10.8,0,12,0,337,49,1,3,1
Male,35,35-44,General Consultation,Friday,Evening,34,0,0,Yes,Email,3.7,0,10,5,277,40,11,311,45
Female,24,18-24,General Consultation,Friday,Evening,1,7,2,No,No Reminder,11.0,0,3,3,64,10,3,65,10
Female,56,55-64,General Consultation,Wednesday,Morning,33,2,0,Yes,Email,12.2,0,4,4,114,17,5,147,22
Male,55,55-64,Follow-up,Monday,Evening,44,4,1,Yes,SMS,7.3,0,5,5,137,20,6,181,27
Male,71,65+,General Consultation,Wednesday,Afternoon,17,3,0,Yes,WhatsApp,5.2,0,6,6,158,23,6,175,26
Male,65,65+,General Consultation,Friday,Afternoon,7,2,1,Yes,SMS,4.6,0,4,4,93,14,4,100,15
Male,54,45-54,General Consultation,Wednesday,Afternoon,19,2,0,Yes,SMS,8.2,0,10,4,290,42,11,309,45
Female,34,25-34,Follow-up,Saturday,Morning,48,2,2,Yes,SMS,16.8,0,12,6,350,50,2,32,5
Female,46,45-54,General Consultation,Tuesday,Morning,37,4,0,Yes,SMS,36.5,0,7,6,201,29,8,238,35
Female,45,45-54,Follow-up,Saturday,Morning,29,1,0,Yes,SMS,14.1,0,1,4,30,5,2,59,9
Male,78,65+,Follow-up,Monday,Morning,37,2,1,No,No Reminder,19.9,0,8,5,235,34,9,272,40
Female,34,25-34,General Consultation,Monday,Afternoon,47,4,0,No,No Reminder,8.7,0,3,2,71,11,4,118,18
Male,50,45-54,Diagnostic Test,Monday,Morning,25,4,2,Yes,SMS,2.1,0,9,3,268,39,10,293,43
Female,47,45-54,Diagnostic Test,Monday,Morning,34,1,0,Yes,WhatsApp,16.8,0,4,1,98,15,5,132,20
Female,47,45-54,Specialist Consultation,Friday,Afternoon,28,3,1,No,No Reminder,28.0,0,5,4,135,20,6,163,24
Female,65,65+,General Consultation,Thursday,Afternoon,17,2,0,Yes,SMS,11.1,0,5,0,145,22,6,162,24
Male,72,65+,Follow-up,Monday,Morning,4,2,0,Yes,Email,7.1,0,3,3,64,10,3,68,11
Male,41,35-44,General Consultation,Monday,Afternoon,26,2,0,Yes,SMS,8.4,0,3,2,77,12,4,103,16
Male,34,25-34,Diagnostic Test,Friday,Morning,43,2,0,No,No Reminder,8.5,0,2,3,57,9,4,100,15
Female,44,35-44,General Consultation,Sunday,Afternoon,41,3,1,No,No Reminder,9.6,1,3,0,62,10,4,103,15
Male,53,45-54,General Consultation,Sunday,Morning,60,3,0,Yes,SMS,5.0,1,3,2,84,13,5,144,21
Male,46,45-54,General Consultation,Wednesday,Morning,46,1,1,No,No Reminder,6.3,0,4,5,115,17,6,161,24
Male,62,55-64,Follow-up,Thursday,Morning,17,2,0,Yes,SMS,12.6,0,7,0,188,28,7,205,30
Female,51,45-54,Specialist Consultation,Thursday,Afternoon,21,2,0,Yes,WhatsApp,12.5,0,2,3,44,7,3,65,10
Male,80,65+,General Consultation,Friday,Afternoon,52,5,0,Yes,WhatsApp,5.0,0,6,1,161,24,8,213,31
Male,75,65+,General Consultation,Thursday,Afternoon,39,4,0,Yes,WhatsApp,9.1,0,2,6,39,6,3,78,12
Male,73,65+,General Consultation,Sunday,Afternoon,39,2,1,Yes,WhatsApp,12.7,1,8,2,225,33,9,264,38
Female,39,35-44,Follow-up,Wednesday,Morning,4,5,0,Yes,SMS,8.2,0,5,5,130,19,5,134,20
Female,46,45-54,General Consultation,Wednesday,Afternoon,37,5,0,Yes,SMS,11.5,0,9,0,272,40,11,309,45
Male,43,35-44,General Consultation,Monday,Morning,2,6,2,Yes,Email,7.0,0,12,5,347,50,12,349,51
Male,58,55-64,General Consultation,Friday,Morning,31,5,1,Yes,WhatsApp,9.8,0,10,1,301,44,11,332,48
Male,78,65+,General Consultation,Tuesday,Morning,22,5,1,No,No Reminder,13.0,0,4,0,110,17,5,132,20
Male,63,55-64,Diagnostic Test,Tuesday,Afternoon,43,4,3,Yes,Email,6.7,0,6,0,160,24,7,203,30
Male,64,55-64,Follow-up,Wednesday,Morning,4,5,0,No,No Reminder,2.1,0,3,5,67,10,3,71,11
Male,61,55-64,Specialist Consultation,Thursday,Afternoon,17,0,0,Yes,SMS,14.6,0,2,0,48,8,3,65,10
Female,75,65+,Follow-up,Monday,Morning,32,6,2,No,No Reminder,10.4,0,3,3,85,13,4,117,18
Female,66,65+,Specialist Consultation,Tuesday,Morning,25,2,0,Yes,SMS,7.8,0,2,4,44,7,3,69,11
Male,57,55-64,Follow-up,Thursday,Afternoon,30,4,2,Yes,WhatsApp,5.2,0,4,1,91,14,5,121,18
Male,75,65+,Follow-up,Friday,Afternoon,16,3,2,No,No Reminder,19.2,0,3,2,77,12,4,93,14
Male,24,18-24,Specialist Consultation,Friday,Morning,57,3,0,No,No Reminder,27.8,0,12,3,347,50,2,38,6
Male,45,45-54,General Consultation,Sunday,Afternoon,23,2,0,Yes,WhatsApp,13.4,1,5,4,143,21,6,166,24
Female,67,65+,General Consultation,Tuesday,Morning,27,7,1,Yes,SMS,14.0,0,1,2,7,2,2,34,6
Male,73,65+,General Consultation,Thursday,Afternoon,16,3,0,No,No Reminder,18.0,0,1,1,21,4,2,37,6
Male,44,35-44,Specialist Consultation,Saturday,Morning,8,0,0,Yes,SMS,6.4,0,9,4,269,39,10,277,40
Female,77,65+,Follow-up,Thursday,Afternoon,26,4,2,Yes,WhatsApp,10.2,0,8,5,228,33,9,254,37
Prefer not to say,24,18-24,Follow-up,Monday,Morning,40,1,0,No,No Reminder,15.1,0,7,2,197,29,8,237,35
Female,53,45-54,Specialist Consultation,Tuesday,Morning,0,0,0,Yes,Email,4.1,0,12,1,343,50,12,343,50
Male,39,35-44,Specialist Consultation,Wednesday,Afternoon,28,4,0,Yes,SMS,8.7,0,12,2,337,49,12,365,1
Male,58,55-64,Specialist Consultation,Friday,Afternoon,1,4,1,No,No Reminder,7.7,0,7,3,205,30,7,206,30
Male,75,65+,Specialist Consultation,Sunday,Afternoon,54,3,0,Yes,SMS,14.1,1,1,1,13,3,3,67,10
Male,50,45-54,Specialist Consultation,Thursday,Morning,41,1,0,Yes,WhatsApp,10.4,0,10,4,297,43,12,338,49
Female,72,65+,General Consultation,Wednesday,Afternoon,57,3,0,Yes,Email,18.2,0,7,1,196,29,9,253,37
Female,74,65+,Follow-up,Tuesday,Afternoon,33,0,0,Yes,SMS,8.7,0,5,3,127,19,6,160,24
Male,40,35-44,Specialist Consultation,Monday,Evening,19,2,0,Yes,SMS,21.6,0,9,2,267,39,10,286,42
Male,57,55-64,General Consultation,Sunday,Morning,16,1,0,Yes,WhatsApp,4.4,1,5,4,128,19,5,144,21
Female,32,25-34,Specialist Consultation,Tuesday,Morning,0,5,1,Yes,SMS,24.0,0,9,1,245,36,9,245,36
Male,30,25-34,General Consultation,Tuesday,Evening,15,5,2,Yes,SMS,10.1,0,3,0,62,10,3,77,12
Female,42,35-44,Specialist Consultation,Monday,Afternoon,10,4,1,Yes,WhatsApp,10.6,0,10,4,304,44,11,314,46
Male,25,25-34,General Consultation,Friday,Afternoon,40,1,0,Yes,SMS,8.6,0,8,6,229,33,9,269,39
Male,62,55-64,General Consultation,Monday,Morning,28,3,0,Yes,SMS,25.5,0,6,0,160,24,7,188,28
Male,46,45-54,General Consultation,Saturday,Afternoon,8,4,2,No,No Reminder,11.8,0,4,4,94,14,4,102,15
Male,21,18-24,General Consultation,Tuesday,Evening,12,1,0,Yes,WhatsApp,8.1,0,5,3,141,21,6,153,23
Male,37,35-44,General Consultation,Saturday,Evening,9,2,0,Yes,SMS,5.0,0,4,3,100,15,4,109,16
Female,38,35-44,General Consultation,Saturday,Afternoon,49,1,1,Yes,SMS,9.0,0,3,5,74,11,5,123,18
Male,30,25-34,Diagnostic Test,Friday,Morning,25,2,0,Yes,Email,4.2,0,1,0,20,4,2,45,7
Female,40,35-44,Diagnostic Test,Saturday,Afternoon,12,4,0,Yes,SMS,4.7,0,11,0,307,45,11,319,46
Female,36,35-44,General Consultation,Monday,Morning,0,3,0,No,No Reminder,3.9,0,12,0,356,52,12,356,52
Female,60,55-64,Follow-up,Thursday,Morning,9,1,0,Yes,SMS,5.4,0,6,1,167,25,6,176,26
Female,73,65+,General Consultation,Tuesday,Morning,58,2,1,Yes,WhatsApp,6.1,0,2,6,53,8,4,111,17
Male,33,25-34,Diagnostic Test,Tuesday,Afternoon,8,3,1,Yes,WhatsApp,8.7,0,4,0,110,17,4,118,18
Female,69,65+,General Consultation,Wednesday,Morning,49,3,1,Yes,SMS,16.3,0,5,2,148,22,7,197,29
Male,47,45-54,Diagnostic Test,Saturday,Morning,25,5,1,Yes,WhatsApp,13.5,0,7,1,210,31,8,235,34
Male,50,45-54,Specialist Consultation,Saturday,Morning,21,4,2,Yes,WhatsApp,11.8,0,2,5,53,8,3,74,11
Female,62,55-64,Diagnostic Test,Sunday,Evening,43,3,0,Yes,Email,17.6,1,7,5,193,28,8,236,34
Female,26,25-34,General Consultation,Friday,Afternoon,31,4,1,No,No Reminder,11.2,0,6,1,168,25,7,199,29
Male,72,65+,General Consultation,Monday,Morning,55,2,0,Yes,SMS,5.0,0,11,1,331,48,1,20,4
Male,59,55-64,Follow-up,Sunday,Morning,43,3,1,Yes,SMS,14.7,1,9,5,249,36,10,292,42
Male,29,25-34,Follow-up,Saturday,Morning,13,4,0,Yes,SMS,28.4,0,12,6,348,50,12,361,52
Male,73,65+,Specialist Consultation,Thursday,Afternoon,2,7,2,No,No Reminder,6.3,0,1,1,21,4,1,23,4
Female,50,45-54,Follow-up,Tuesday,Morning,35,4,0,Yes,WhatsApp,7.9,0,3,1,77,12,4,112,17
Male,27,25-34,General Consultation,Saturday,Afternoon,5,5,1,Yes,SMS,6.7,0,10,0,293,43,10,298,43
Female,26,25-34,General Consultation,Saturday,Evening,51,2,1,Yes,WhatsApp,6.5,0,4,3,114,17,6,165,24
Female,79,65+,Follow-up,Saturday,Afternoon,56,3,1,Yes,WhatsApp,7.9,0,3,5,73,11,5,129,19
Female,42,35-44,General Consultation,Friday,Afternoon,25,3,1,Yes,SMS,17.2,0,7,0,188,28,8,213,31
Male,30,25-34,Diagnostic Test,Saturday,Evening,15,2,0,Yes,SMS,4.6,0,1,4,10,2,1,25,4
Male,26,25-34,Specialist Consultation,Tuesday,Morning,8,4,1,Yes,SMS,7.6,0,5,0,138,21,5,146,22
Male,52,45-54,Follow-up,Friday,Evening,51,5,0,Yes,SMS,8.0,0,12,2,365,1,2,51,8
Female,57,55-64,Diagnostic Test,Friday,Afternoon,40,5,0,Yes,SMS,4.6,0,2,6,53,8,4,93,14
Male,80,65+,General Consultation,Wednesday,Morning,29,6,1,Yes,SMS,7.2,0,4,1,104,16,5,133,20
Female,38,35-44,General Consultation,Thursday,Morning,31,2,1,No,No Reminder,9.5,0,2,0,34,6,3,65,10
Male,30,25-34,Diagnostic Test,Wednesday,Evening,43,3,1,Yes,Email,2.3,0,4,1,112,17,6,155,23
Male,26,25-34,Diagnostic Test,Sunday,Morning,31,0,0,Yes,SMS,6.4,1,1,3,2,1,2,33,5
Male,41,35-44,Follow-up,Friday,Afternoon,51,4,0,Yes,SMS,13.0,0,11,2,318,46,1,3,1
Female,55,55-64,General Consultation,Wednesday,Morning,56,3,1,Yes,SMS,5.7,0,2,2,35,6,4,91,14
Male,22,18-24,General Consultation,Wednesday,Afternoon,57,2,0,No,No Reminder,10.9,0,3,1,90,14,5,147,22
Male,65,65+,Specialist Consultation,Thursday,Morning,37,2,2,Yes,SMS,5.4,0,2,1,49,8,3,86,13
Female,67,65+,General Consultation,Monday,Afternoon,18,5,1,Yes,WhatsApp,1.7,0,10,3,275,40,10,293,43
Female,47,45-54,General Consultation,Friday,Evening,2,2,1,Yes,SMS,12.7,0,2,2,36,6,2,38,6
Female,27,25-34,Follow-up,Friday,Morning,24,1,1,Yes,SMS,6.6,0,4,1,111,17,5,135,20
Female,19,18-24,Specialist Consultation,Tuesday,Morning,53,1,0,Yes,WhatsApp,16.0,0,2,4,58,9,4,111,17
Male,53,45-54,Follow-up,Thursday,Morning,8,2,0,Yes,SMS,8.3,0,10,2,302,44,11,310,45
Female,69,65+,Diagnostic Test,Tuesday,Evening,11,0,0,Yes,WhatsApp,5.9,0,7,4,206,30,8,217,32
Male,73,65+,General Consultation,Monday,Morning,26,3,0,Yes,Email,6.5,0,2,2,42,7,3,68,11
Male,28,25-34,Follow-up,Sunday,Morning,8,3,0,Yes,SMS,6.3,1,8,5,235,34,8,243,35
Female,37,35-44,Follow-up,Thursday,Afternoon,44,2,0,Yes,SMS,5.3,0,5,1,132,20,6,176,26
Male,31,25-34,Follow-up,Tuesday,Morning,49,5,1,Yes,SMS,5.7,0,12,1,352,51,2,35,6
Male,24,18-24,Specialist Consultation,Friday,Morning,46,2,0,No,No Reminder,27.3,0,2,0,48,8,4,94,14
Male,18,18-24,Follow-up,Saturday,Afternoon,42,6,1,Yes,WhatsApp,8.5,0,5,5,122,18,6,164,24
Female,23,18-24,Follow-up,Saturday,Morning,14,3,0,Yes,SMS,2.3,0,5,5,144,21,6,158,23
Female,51,45-54,General Consultation,Thursday,Afternoon,32,2,2,Yes,Email,2.3,0,5,6,138,20,6,170,25
Male,27,25-34,Specialist Consultation,Monday,Afternoon,6,6,0,No,No Reminder,27.7,0,3,1,62,10,3,68,11
Female,30,25-34,General Consultation,Monday,Morning,22,2,1,No,No Reminder,8.2,0,3,6,82,12,4,104,16
Female,25,25-34,General Consultation,Wednesday,Afternoon,30,2,2,No,No Reminder,3.9,0,9,0,251,37,10,281,41
Female,63,55-64,Follow-up,Friday,Afternoon,40,2,0,Yes,WhatsApp,17.2,0,4,6,117,17,6,157,23
Female,58,55-64,Follow-up,Saturday,Morning,5,6,1,Yes,SMS,5.8,0,4,0,104,16,4,109,16
Female,78,65+,Diagnostic Test,Thursday,Afternoon,49,2,0,No,No Reminder,9.2,0,4,3,113,17,6,162,24
Female,31,25-34,Specialist Consultation,Friday,Afternoon,53,3,0,No,No Reminder,4.1,0,12,0,365,1,2,52,8
Male,46,45-54,General Consultation,Saturday,Afternoon,32,4,1,No,No Reminder,5.9,0,12,1,336,49,1,3,1
Male,58,55-64,Follow-up,Sunday,Morning,33,0,0,Yes,WhatsApp,14.0,1,3,1,76,12,4,109,16
Male,26,25-34,Diagnostic Test,Tuesday,Afternoon,42,1,0,Yes,SMS,20.7,0,1,1,28,5,3,70,11
Female,31,25-34,General Consultation,Thursday,Morning,50,6,1,Yes,SMS,14.9,0,12,2,337,49,1,22,4
Female,44,35-44,Specialist Consultation,Thursday,Afternoon,9,3,1,Yes,WhatsApp,11.3,0,10,1,287,42,10,296,43
Male,19,18-24,Follow-up,Monday,Afternoon,31,6,1,Yes,Email,6.9,0,2,4,58,9,3,89,14
Male,42,35-44,General Consultation,Tuesday,Morning,1,5,1,Yes,SMS,12.3,0,3,0,69,11,3,70,11
Male,51,45-54,General Consultation,Friday,Evening,49,6,1,Yes,SMS,20.3,0,10,4,290,42,12,339,49
Male,45,45-54,General Consultation,Sunday,Morning,52,3,0,Yes,WhatsApp,8.9,1,2,3,43,7,4,95,14
Female,48,45-54,General Consultation,Thursday,Morning,17,1,0,Yes,SMS,33.4,0,6,0,181,27,7,198,29
Male,77,65+,General Consultation,Sunday,Morning,23,4,1,Yes,SMS,16.3,1,5,4,128,19,5,151,22
Male,50,45-54,General Consultation,Monday,Afternoon,33,3,0,No,No Reminder,8.3,0,11,2,309,45,12,342,50
Male,51,45-54,Diagnostic Test,Tuesday,Morning,24,2,0,Yes,SMS,18.3,0,2,5,46,7,3,70,11
Female,76,65+,General Consultation,Tuesday,Afternoon,10,3,0,Yes,Email,7.1,0,5,5,129,19,5,139,21
Female,27,25-34,Specialist Consultation,Wednesday,Afternoon,18,3,1,No,No Reminder,5.8,0,2,5,52,8,3,70,11
Female,24,18-24,Follow-up,Friday,Morning,24,2,0,Yes,Email,2.4,0,5,1,140,21,6,164,24
Female,38,35-44,General Consultation,Thursday,Morning,56,1,0,Yes,WhatsApp,7.0,0,6,3,156,23,7,212,31
Male,30,25-34,Diagnostic Test,Friday,Morning,33,2,0,No,No Reminder,13.6,0,9,6,264,38,10,297,43
Female,25,25-34,Follow-up,Friday,Afternoon,23,9,1,Yes,Email,16.5,0,5,2,140,21,6,163,24
Male,56,55-64,General Consultation,Monday,Evening,47,3,0,Yes,SMS,7.6,0,3,2,71,11,4,118,18
Female,61,55-64,Specialist Consultation,Monday,Afternoon,26,1,0,No,No Reminder,2.3,0,5,2,140,21,6,166,25
Female,25,25-34,Specialist Consultation,Thursday,Morning,29,0,0,No,No Reminder,4.3,0,7,2,211,31,8,240,35
Male,57,55-64,General Consultation,Sunday,Afternoon,52,3,0,Yes,SMS,31.1,1,1,3,1,1,2,53,8
Female,51,45-54,Diagnostic Test,Sunday,Morning,52,4,0,Yes,SMS,8.0,1,7,3,212,31,9,264,38
Male,61,55-64,General Consultation,Sunday,Afternoon,10,1,0,Yes,SMS,5.6,1,8,3,240,35,9,250,36
Male,60,55-64,Specialist Consultation,Sunday,Evening,21,3,2,Yes,WhatsApp,8.7,1,8,6,229,33,9,250,36
Male,44,35-44,Follow-up,Thursday,Morning,16,2,0,No,No Reminder,9.1,0,3,1,90,14,4,106,16
Female,34,25-34,General Consultation,Monday,Afternoon,3,2,0,Yes,WhatsApp,13.3,0,5,4,150,22,6,153,23
Male,75,65+,General Consultation,Thursday,Morning,19,3,0,Yes,WhatsApp,8.1,0,3,5,88,13,4,107,16
Female,19,18-24,Follow-up,Saturday,Afternoon,34,2,1,Yes,WhatsApp,6.0,0,6,6,180,26,8,214,31
Female,32,25-34,Follow-up,Saturday,Morning,45,2,0,Yes,WhatsApp,7.7,0,12,2,351,51,1,31,5
Male,47,45-54,Follow-up,Monday,Morning,8,0,0,Yes,WhatsApp,11.3,0,2,6,53,8,3,61,10
Female,76,65+,Follow-up,Saturday,Afternoon,5,5,0,Yes,SMS,14.0,0,1,0,26,5,1,31,5
Male,26,25-34,Specialist Consultation,Monday,Morning,55,3,0,Yes,SMS,8.2,0,7,1,189,28,9,244,36
Female,43,35-44,Follow-up,Sunday,Afternoon,32,2,0,No,No Reminder,5.2,1,4,2,112,17,5,144,21
Female,45,45-54,Follow-up,Monday,Evening,35,2,1,Yes,Email,8.0,0,10,0,300,44,12,335,49
Male,24,18-24,General Consultation,Monday,Evening,31,2,0,No,No Reminder,3.3,0,12,4,355,51,1,20,4
Female,55,55-64,Specialist Consultation,Sunday,Afternoon,42,3,0,No,No Reminder,26.0,1,5,6,131,19,6,173,25
Female,75,65+,Follow-up,Friday,Afternoon,2,2,0,No,No Reminder,4.6,0,3,2,85,13,3,87,13
Male,50,45-54,Follow-up,Wednesday,Morning,36,3,0,Yes,WhatsApp,6.6,0,3,1,69,11,4,105,16
Female,55,55-64,Diagnostic Test,Wednesday,Morning,30,1,0,No,No Reminder,12.2,0,3,0,83,13,4,113,17
Male,58,55-64,General Consultation,Wednesday,Evening,4,5,0,Yes,SMS,11.1,0,5,5,151,22,6,155,23
Female,25,25-34,General Consultation,Monday,Evening,27,2,0,Yes,Email,14.5,0,2,1,55,9,3,82,13
Female,49,45-54,General Consultation,Wednesday,Morning,20,3,0,Yes,SMS,4.7,0,4,3,100,15,4,120,18
Male,72,65+,Specialist Consultation,Tuesday,Afternoon,17,5,1,Yes,WhatsApp,6.8,0,7,5,193,28,7,210,31
Female,37,35-44,Specialist Consultation,Thursday,Morning,39,3,0,Yes,SMS,12.9,0,8,6,243,35,10,282,41
Male,72,65+,Follow-up,Monday,Evening,24,1,0,Yes,SMS,8.2,0,12,4,339,49,12,363,1
Male,71,65+,General Consultation,Wednesday,Morning,30,4,0,Yes,SMS,4.6,0,4,0,117,18,5,147,22
Male,33,25-34,Follow-up,Tuesday,Morning,48,2,1,Yes,Email,1.7,0,3,2,63,10,4,111,17
Female,54,45-54,General Consultation,Thursday,Afternoon,5,5,0,Yes,SMS,20.6,0,6,5,164,24,6,169,25
Male,65,65+,Follow-up,Thursday,Morning,21,5,2,Yes,WhatsApp,6.5,0,1,3,2,1,1,23,4
Male,49,45-54,Follow-up,Saturday,Morning,4,2,0,Yes,Email,12.8,0,5,1,126,19,5,130,19
Female,62,55-64,General Consultation,Tuesday,Evening,56,4,0,Yes,SMS,4.8,0,9,1,252,37,11,308,45
Male,75,65+,Specialist Consultation,Monday,Afternoon,11,4,1,No,No Reminder,11.4,0,1,3,16,3,1,27,5
Male,70,65+,General Consultation,Tuesday,Afternoon,11,1,0,Yes,SMS,4.8,0,3,4,73,11,3,84,13
Female,69,65+,Follow-up,Tuesday,Morning,37,2,0,Yes,SMS,5.3,0,12,6,364,52,2,35,6
Female,71,65+,General Consultation,Sunday,Afternoon,50,0,0,Yes,SMS,5.8,1,2,5,32,5,3,82,12
Male,32,25-34,General Consultation,Thursday,Morning,10,3,0,No,No Reminder,14.8,0,4,0,97,15,4,107,16
Male,19,18-24,Follow-up,Sunday,Afternoon,13,4,0,No,No Reminder,6.5,1,3,0,69,11,3,82,12
Male,27,25-34,Diagnostic Test,Friday,Morning,53,2,1,Yes,SMS,4.1,0,9,0,258,38,11,311,45
Female,33,25-34,Follow-up,Friday,Afternoon,19,3,1,Yes,WhatsApp,6.6,0,6,6,180,26,7,199,29
Male,50,45-54,Follow-up,Friday,Morning,45,1,1,Yes,SMS,7.5,0,4,1,98,15,5,143,21
Female,18,18-24,General Consultation,Saturday,Afternoon,52,2,1,Yes,WhatsApp,7.5,0,11,2,309,45,12,361,52
Male,61,55-64,General Consultation,Monday,Morning,53,4,2,No,No Reminder,3.0,0,10,3,289,42,12,342,50
Female,40,35-44,Diagnostic Test,Wednesday,Evening,52,0,0,Yes,WhatsApp,10.3,0,1,6,18,3,3,70,11
Male,65,65+,Specialist Consultation,Monday,Morning,18,2,0,Yes,Email,7.9,0,4,3,93,14,4,111,17
Female,25,25-34,Diagnostic Test,Sunday,Morning,6,4,2,Yes,SMS,20.2,1,9,0,272,40,10,278,40
Male,36,35-44,General Consultation,Saturday,Morning,25,4,0,Yes,WhatsApp,15.6,0,2,1,48,8,3,73,11
Female,35,35-44,Follow-up,Thursday,Afternoon,58,1,1,Yes,Email,4.8,0,10,1,280,41,12,338,49
Female,76,65+,General Consultation,Monday,Afternoon,38,5,1,No,No Reminder,15.9,0,11,4,318,46,12,356,52
Male,35,35-44,Follow-up,Wednesday,Morning,43,2,1,Yes,SMS,10.8,0,4,1,111,17,6,154,23
Male,34,25-34,Follow-up,Tuesday,Morning,6,1,0,Yes,SMS,5.8,0,3,2,64,10,3,70,11
Female,60,55-64,General Consultation,Wednesday,Morning,4,4,2,No,No Reminder,10.9,0,7,5,186,27,7,190,28
Female,80,65+,Follow-up,Monday,Evening,2,5,0,No,No Reminder,2.2,0,3,5,60,9,3,62,10
Female,65,65+,General Consultation,Wednesday,Afternoon,36,2,0,Yes,Email,6.6,0,1,1,14,3,2,50,8
Female,64,55-64,General Consultation,Monday,Afternoon,12,2,0,Yes,SMS,16.9,0,9,2,246,36,9,258,38
Male,47,45-54,Follow-up,Sunday,Afternoon,60,3,0,Yes,SMS,4.7,1,3,2,64,10,5,124,18
Female,24,18-24,General Consultation,Monday,Morning,8,0,0,Yes,SMS,6.0,0,8,6,215,31,8,223,33
Male,63,55-64,Diagnostic Test,Thursday,Morning,57,1,0,Yes,WhatsApp,7.4,0,7,2,183,27,8,240,35
Male,68,65+,Follow-up,Saturday,Morning,40,1,0,Yes,SMS,6.2,0,10,0,300,44,12,340,49
Male,50,45-54,General Consultation,Monday,Afternoon,6,4,1,Yes,WhatsApp,2.2,0,5,1,146,22,6,152,23
Female,23,18-24,General Consultation,Thursday,Morning,3,1,0,No,No Reminder,16.1,0,4,0,96,15,4,99,15
Male,76,65+,General Consultation,Friday,Afternoon,20,2,1,No,No Reminder,11.4,0,6,5,158,23,6,178,26
Female,32,25-34,General Consultation,Wednesday,Morning,19,1,0,No,No Reminder,17.6,0,2,4,37,6,2,56,9
Female,64,55-64,General Consultation,Thursday,Morning,7,1,0,No,No Reminder,10.4,0,10,3,289,42,10,296,43
Male,63,55-64,Follow-up,Thursday,Morning,42,2,1,Yes,SMS,1.1,0,2,3,58,9,4,100,15
Male,62,55-64,General Consultation,Wednesday,Evening,60,1,0,Yes,WhatsApp,8.5,0,10,5,277,40,12,337,49
Male,34,25-34,Specialist Consultation,Wednesday,Afternoon,16,4,1,Yes,SMS,2.7,0,6,0,160,24,6,176,26
Female,53,45-54,Follow-up,Tuesday,Afternoon,21,4,1,No,No Reminder,13.0,0,12,1,336,49,12,357,52
Female,43,35-44,General Consultation,Sunday,Afternoon,20,4,0,Yes,WhatsApp,5.2,1,3,0,76,12,4,96,14
Male,71,65+,Follow-up,Saturday,Afternoon,5,5,1,Yes,Email,12.5,0,12,0,363,1,1,3,1
Male,40,35-44,General Consultation,Sunday,Evening,25,1,1,No,No Reminder,6.9,1,3,2,64,10,3,89,13
Male,33,25-34,Follow-up,Tuesday,Afternoon,30,3,2,No,No Reminder,19.4,0,7,6,208,30,8,238,35
Female,64,55-64,Diagnostic Test,Monday,Morning,9,5,1,Yes,WhatsApp,7.7,0,4,5,116,17,5,125,19
Female,67,65+,Diagnostic Test,Friday,Evening,4,2,0,Yes,WhatsApp,13.6,0,5,0,124,19,5,128,19
Female,72,65+,Follow-up,Thursday,Afternoon,8,2,1,Yes,SMS,6.3,0,3,2,85,13,4,93,14
Male,68,65+,General Consultation,Monday,Morning,38,3,0,No,No Reminder,7.1,0,12,4,353,51,1,26,5
Male,43,35-44,General Consultation,Wednesday,Evening,58,3,0,Yes,SMS,4.5,0,3,0,89,14,5,147,22
Female,21,18-24,Diagnostic Test,Saturday,Afternoon,34,2,0,No,No Reminder,18.1,0,1,6,18,3,2,52,8
Male,56,55-64,Follow-up,Sunday,Morning,8,3,1,No,No Reminder,23.0,1,4,5,95,14,4,103,15
Female,80,65+,General Consultation,Friday,Morning,31,5,1,Yes,SMS,15.7,0,1,1,28,5,2,59,9
Female,60,55-64,Specialist Consultation,Tuesday,Afternoon,43,1,0,Yes,WhatsApp,13.0,0,10,0,279,41,11,322,47
Female,53,45-54,General Consultation,Monday,Afternoon,12,5,1,Yes,SMS,1.0,0,9,2,260,38,9,272,40
Male,54,45-54,General Consultation,Friday,Evening,35,3,0,Yes,SMS,14.9,0,9,4,255,37,10,290,42
Female,25,25-34,General Consultation,Saturday,Morning,4,4,0,Yes,SMS,20.0,0,10,1,280,41,10,284,41
Female,75,65+,Specialist Consultation,Wednesday,Evening,55,2,1,Yes,WhatsApp,25.5,0,4,3,92,14,5,147,22
Female,67,65+,General Consultation,Wednesday,Morning,3,1,0,Yes,SMS,16.3,0,8,6,236,34,8,239,35
Female,34,25-34,General Consultation,Sunday,Morning,39,2,0,Yes,SMS,4.5,1,4,2,113,17,6,152,22
Male,44,35-44,Specialist Consultation,Sunday,Evening,8,6,0,Yes,SMS,11.8,1,6,5,171,25,6,179,26
Male,48,45-54,Follow-up,Monday,Afternoon,41,3,0,Yes,SMS,11.4,0,1,1,14,3,2,55,9
Male,33,25-34,General Consultation,Tuesday,Morning,30,6,0,No,No Reminder,8.7,0,8,6,236,34,9,266,39
Male,39,35-44,Follow-up,Thursday,Afternoon,39,3,0,No,No Reminder,11.0,0,8,6,222,32,9,261,38
Male,61,55-64,Diagnostic Test,Tuesday,Afternoon,22,5,2,Yes,SMS,6.1,0,4,0,117,18,5,139,21
Male,65,65+,Follow-up,Tuesday,Afternoon,5,1,0,Yes,SMS,21.4,0,8,3,226,33,8,231,34
Male,24,18-24,General Consultation,Tuesday,Afternoon,36,4,1,No,No Reminder,7.4,0,5,0,131,20,6,167,25
Female,47,45-54,Specialist Consultation,Thursday,Morning,26,0,0,Yes,WhatsApp,12.5,0,1,5,11,2,2,37,6
Female,80,65+,General Consultation,Thursday,Afternoon,3,3,0,Yes,Email,9.0,0,2,0,33,6,2,36,6
Male,72,65+,Specialist Consultation,Thursday,Morning,35,3,1,Yes,WhatsApp,5.1,0,10,3,289,42,11,324,47
Female,64,55-64,General Consultation,Monday,Morning,14,2,0,Yes,SMS,8.3,0,4,0,111,17,5,125,19
Male,18,18-24,Follow-up,Wednesday,Morning,0,0,0,Yes,SMS,25.2,0,1,2,28,5,1,28,5
Female,79,65+,General Consultation,Monday,Morning,22,2,1,No,No Reminder,15.8,0,11,6,327,47,12,349,51
Male,64,55-64,General Consultation,Sunday,Morning,13,3,0,Yes,SMS,2.5,1,11,0,321,47,11,334,48
Female,75,65+,Specialist Consultation,Sunday,Afternoon,26,8,1,Yes,WhatsApp,4.4,1,10,1,301,44,11,327,47
Male,34,25-34,Specialist Consultation,Saturday,Evening,13,2,0,Yes,SMS,8.7,0,6,6,158,23,6,171,25
Male,18,18-24,General Consultation,Friday,Afternoon,8,3,1,Yes,SMS,13.2,0,1,3,2,1,1,10,2
Male,59,55-64,General Consultation,Sunday,Afternoon,28,3,1,Yes,WhatsApp,11.6,1,8,6,229,33,9,257,37
Male,46,45-54,Follow-up,Saturday,Morning,3,4,2,Yes,SMS,3.8,0,9,2,267,39,9,270,39
Male,19,18-24,Follow-up,Tuesday,Afternoon,60,2,0,No,No Reminder,3.9,0,3,4,65,10,5,125,19
Female,35,35-44,General Consultation,Wednesday,Morning,28,4,2,Yes,SMS,1.5,0,5,2,127,19,6,155,23
Male,80,65+,Diagnostic Test,Wednesday,Morning,60,5,1,Yes,WhatsApp,4.7,0,7,5,200,29,9,260,38
Female,40,35-44,Diagnostic Test,Tuesday,Morning,53,4,1,Yes,WhatsApp,11.3,0,12,4,339,49,1,27,5
Female,34,25-34,General Consultation,Sunday,Morning,59,4,1,Yes,SMS,27.1,1,12,3,340,49,2,33,5
Female,59,55-64,Specialist Consultation,Saturday,Afternoon,33,1,0,Yes,WhatsApp,2.6,0,2,0,40,7,3,73,11
Male,38,35-44,General Consultation,Wednesday,Morning,43,3,1,Yes,WhatsApp,29.5,0,12,1,350,51,1,28,5
Male,71,65+,Follow-up,Saturday,Afternoon,4,3,1,Yes,SMS,7.8,0,12,1,350,51,12,354,51
Male,54,45-54,General Consultation,Friday,Morning,51,0,0,Yes,WhatsApp,7.7,0,12,2,358,52,2,44,7
Male,38,35-44,Diagnostic Test,Saturday,Morning,0,2,0,Yes,WhatsApp,8.1,0,5,5,129,19,5,129,19
Female,23,18-24,General Consultation,Sunday,Afternoon,14,6,2,Yes,SMS,35.3,1,8,6,236,34,9,250,36
Male,18,18-24,Follow-up,Monday,Morning,0,6,2,Yes,WhatsApp,5.1,0,12,0,349,51,12,349,51
Female,59,55-64,Diagnostic Test,Wednesday,Evening,40,3,1,Yes,Email,3.0,0,3,4,66,10,4,106,16
Male,45,45-54,Follow-up,Monday,Morning,5,1,0,Yes,SMS,4.0,0,4,2,98,15,4,103,16
Female,33,25-34,Diagnostic Test,Wednesday,Morning,51,3,1,No,No Reminder,14.4,0,1,0,5,2,2,56,9
Male,29,25-34,General Consultation,Saturday,Afternoon,43,4,1,No,No Reminder,16.0,0,5,4,122,18,6,165,24
Female,32,25-34,Follow-up,Tuesday,Morning,8,4,2,Yes,WhatsApp,7.4,0,8,0,230,34,8,238,35
Female,54,45-54,Specialist Consultation,Sunday,Morning,11,4,0,Yes,Email,13.4,1,12,2,351,51,12,362,52
Male,60,55-64,General Consultation,Sunday,Afternoon,39,2,1,Yes,WhatsApp,1.8,1,1,2,21,4,3,60,9
Female,75,65+,General Consultation,Friday,Evening,43,1,0,Yes,SMS,10.5,0,11,3,324,47,1,2,1
Male,38,35-44,Follow-up,Tuesday,Evening,21,1,0,Yes,SMS,23.1,0,5,1,139,21,6,160,24
Male,34,25-34,Specialist Consultation,Tuesday,Morning,57,7,0,Yes,Email,2.8,0,11,0,328,48,1,20,4
Male,54,45-54,Specialist Consultation,Tuesday,Afternoon,51,4,0,No,No Reminder,16.8,0,6,6,152,22,7,203,30
Female,51,45-54,Follow-up,Monday,Evening,25,2,0,Yes,WhatsApp,6.3,0,10,3,303,44,11,328,48
Female,73,65+,General Consultation,Thursday,Afternoon,14,5,0,Yes,SMS,1.8,0,8,3,219,32,8,233,34
Female,66,65+,Specialist Consultation,Friday,Morning,32,3,0,No,No Reminder,15.5,0,2,0,47,8,3,79,12
Female,20,18-24,Specialist Consultation,Saturday,Afternoon,11,3,0,Yes,SMS,12.4,0,9,1,266,39,10,277,40
Male,74,65+,General Consultation,Saturday,Evening,4,1,0,No,No Reminder,4.0,0,1,1,21,4,1,25,4
Female,77,65+,General Consultation,Saturday,Morning,30,3,1,Yes,WhatsApp,23.4,0,1,3,8,2,2,38,6
Female,20,18-24,General Consultation,Tuesday,Morning,9,3,0,Yes,Email,7.4,0,8,6,243,35,9,252,37
Female,60,55-64,General Consultation,Saturday,Afternoon,24,4,1,Yes,WhatsApp,8.7,0,9,2,267,39,10,291,42
Male,55,55-64,Follow-up,Monday,Afternoon,9,1,0,No,No Reminder,3.1,0,4,5,109,16,4,118,18
Male,73,65+,Follow-up,Sunday,Morning,14,2,0,Yes,SMS,1.9,1,11,6,313,45,11,327,47
Female,67,65+,Specialist Consultation,Thursday,Afternoon,16,3,0,Yes,WhatsApp,15.1,0,2,1,56,9,3,72,11
Female,18,18-24,General Consultation,Thursday,Morning,60,2,0,Yes,Email,20.7,0,6,6,152,22,7,212,31
Female,27,25-34,Follow-up,Saturday,Morning,10,0,0,Yes,SMS,33.9,0,4,2,99,15,4,109,16
Male,30,25-34,Diagnostic Test,Monday,Morning,33,1,0,Yes,SMS,0.8,0,1,2,29,5,3,62,10
Female,65,65+,Follow-up,Friday,Afternoon,2,1,0,Yes,SMS,14.2,0,2,2,42,7,2,44,7
Female,30,25-34,General Consultation,Saturday,Afternoon,25,5,1,Yes,WhatsApp,7.9,0,4,1,98,15,5,123,18
Prefer not to say,27,25-34,Follow-up,Monday,Morning,34,4,2,No,No Reminder,11.9,0,3,1,90,14,5,124,19
Female,47,45-54,General Consultation,Thursday,Evening,33,0,0,No,No Reminder,6.6,0,4,5,116,17,5,149,22
Female,58,55-64,General Consultation,Tuesday,Morning,39,3,1,Yes,Email,12.7,0,9,4,269,39,11,308,45
Female,64,55-64,Specialist Consultation,Sunday,Evening,15,3,0,No,No Reminder,11.7,1,2,5,46,7,3,61,9
Female,75,65+,General Consultation,Monday,Afternoon,49,4,0,No,No Reminder,10.2,0,1,0,6,2,2,55,9
Female,65,65+,Follow-up,Sunday,Afternoon,58,3,0,Yes,Email,3.8,1,1,4,16,3,3,74,11
Female,37,35-44,Diagnostic Test,Friday,Evening,43,2,0,Yes,Email,10.2,0,3,3,65,10,4,108,16
Female,22,18-24,Diagnostic Test,Monday,Morning,54,1,0,Yes,WhatsApp,12.5,0,6,2,162,24,8,216,32
Female,79,65+,Follow-up,Monday,Afternoon,13,2,0,No,No Reminder,11.9,0,5,1,147,22,6,160,24
Female,20,18-24,Specialist Consultation,Tuesday,Morning,19,1,0,Yes,WhatsApp,7.8,0,4,3,99,15,4,118,18
Female,31,25-34,General Consultation,Friday,Morning,55,4,3,Yes,SMS,1.6,0,12,5,361,52,2,51,8
Male,24,18-24,Follow-up,Thursday,Afternoon,44,2,0,Yes,SMS,8.5,0,2,1,49,8,4,93,14
Male,29,25-34,Diagnostic Test,Sunday,Afternoon,26,6,1,Yes,SMS,13.9,1,1,1,20,4,2,46,7
Female,35,35-44,Specialist Consultation,Saturday,Afternoon,42,2,0,Yes,SMS,6.6,0,1,5,24,4,3,66,10
Male,19,18-24,Diagnostic Test,Friday,Afternoon,40,2,0,No,No Reminder,7.0,0,8,6,222,32,9,262,38
Female,18,18-24,General Consultation,Sunday,Afternoon,36,5,0,Yes,SMS,8.0,1,2,5,38,6,3,74,11
Male,50,45-54,General Consultation,Saturday,Morning,29,2,1,Yes,SMS,0.8,0,2,4,52,8,3,81,12
Male,32,25-34,Specialist Consultation,Friday,Morning,39,2,0,Yes,Email,25.7,0,6,0,174,26,8,213,31
Female,23,18-24,Specialist Consultation,Friday,Evening,55,3,0,Yes,WhatsApp,13.3,0,4,5,95,14,5,150,22
Prefer not to say,36,35-44,General Consultation,Friday,Morning,23,3,0,Yes,Email,16.1,0,4,2,113,17,5,136,20
Male,44,35-44,Specialist Consultation,Monday,Afternoon,10,0,0,No,No Reminder,13.2,0,7,4,199,29,7,209,31
Prefer not to say,80,65+,General Consultation,Tuesday,Evening,21,3,1,Yes,SMS,3.2,0,2,1,49,8,3,70,11
Female,62,55-64,Follow-up,Tuesday,Afternoon,39,3,1,Yes,SMS,8.9,0,9,4,262,38,10,301,44
Male,66,65+,General Consultation,Sunday,Afternoon,12,5,2,Yes,WhatsApp,3.3,1,3,1,76,12,3,88,13
Male,21,18-24,Specialist Consultation,Tuesday,Afternoon,33,2,1,Yes,SMS,22.6,0,12,3,352,51,1,20,4
Male,49,45-54,General Consultation,Sunday,Morning,49,3,1,Yes,SMS,13.6,1,2,6,33,5,3,82,12
Female,49,45-54,Follow-up,Tuesday,Morning,3,4,1,Yes,SMS,4.4,0,8,5,228,33,8,231,34
Female,28,25-34,Follow-up,Saturday,Evening,23,2,1,Yes,WhatsApp,7.6,0,8,3,240,35,9,263,38
Female,47,45-54,Follow-up,Monday,Morning,40,2,0,No,No Reminder,13.8,0,4,2,92,14,5,132,20
Female,77,65+,Specialist Consultation,Friday,Afternoon,50,1,0,No,No Reminder,10.4,0,9,3,268,39,11,318,46
Female,54,45-54,Follow-up,Friday,Morning,51,4,0,Yes,SMS,13.9,0,12,2,358,52,2,44,7
Male,49,45-54,Follow-up,Sunday,Morning,23,5,1,Yes,SMS,9.1,1,2,4,58,9,3,81,12
Female,76,65+,General Consultation,Wednesday,Afternoon,2,4,3,Yes,SMS,5.2,0,4,0,111,17,4,113,17
Female,64,55-64,General Consultation,Tuesday,Afternoon,50,3,0,Yes,WhatsApp,11.2,0,7,0,195,29,9,245,36
Female,35,35-44,Specialist Consultation,Thursday,Morning,54,1,0,No,No Reminder,13.0,0,7,5,186,27,8,240,35
Female,29,25-34,Follow-up,Sunday,Afternoon,31,3,0,Yes,WhatsApp,15.0,1,5,3,121,18,6,152,22
Female,76,65+,Follow-up,Thursday,Afternoon,8,7,1,Yes,WhatsApp,25.6,0,7,2,190,28,7,198,29
Female,60,55-64,General Consultation,Wednesday,Morning,45,3,1,Yes,SMS,20.9,0,3,6,82,12,5,127,19
Female,34,25-34,Follow-up,Saturday,Afternoon,29,0,0,Yes,WhatsApp,10.2,0,8,4,227,33,9,256,37
Female,22,18-24,General Consultation,Monday,Afternoon,31,7,0,Yes,WhatsApp,8.7,0,6,4,157,23,7,188,28
Female,71,65+,Specialist Consultation,Sunday,Morning,15,0,0,Yes,SMS,5.3,1,7,5,200,29,8,215,31
Male,78,65+,Follow-up,Wednesday,Afternoon,40,3,0,Yes,SMS,6.3,0,12,4,353,51,1,28,5
Prefer not to say,20,18-24,Follow-up,Monday,Afternoon,14,1,0,Yes,SMS,18.2,0,4,0,118,18,5,132,20
Male,53,45-54,Follow-up,Sunday,Morning,16,1,0,No,No Reminder,5.8,1,1,4,30,5,2,46,7
Male,20,18-24,General Consultation,Sunday,Morning,20,4,1,No,No Reminder,1.8,1,3,0,76,12,4,96,14
Female,63,55-64,Follow-up,Saturday,Morning,22,2,1,No,No Reminder,6.3,0,5,4,150,22,6,172,25
Male,77,65+,General Consultation,Friday,Afternoon,5,1,0,Yes,Email,3.5,0,4,6,96,14,4,101,15
Male,35,35-44,Diagnostic Test,Thursday,Afternoon,43,1,0,Yes,SMS,4.1,0,4,2,106,16,5,149,22
Male,36,35-44,Specialist Consultation,Saturday,Morning,26,3,0,No,No Reminder,4.9,0,6,0,174,26,7,200,29
Male,72,65+,Specialist Consultation,Thursday,Morning,57,1,0,No,No Reminder,16.0,0,1,2,15,3,3,72,11
Female,40,35-44,Specialist Consultation,Wednesday,Afternoon,11,2,0,Yes,SMS,1.7,0,12,5,363,52,1,8,2
Male,33,25-34,Specialist Consultation,Thursday,Morning,40,6,1,No,No Reminder,9.4,0,7,5,200,29,8,240,35
Female,23,18-24,Follow-up,Sunday,Afternoon,10,2,1,Yes,SMS,6.5,1,1,3,8,2,1,18,3
Male,70,65+,General Consultation,Sunday,Morning,33,4,0,No,No Reminder,10.8,1,5,1,133,20,6,166,24
Female,76,65+,General Consultation,Wednesday,Morning,29,2,0,Yes,SMS,11.9,0,3,1,76,12,4,105,16
Male,28,25-34,Specialist Consultation,Friday,Afternoon,50,4,1,Yes,WhatsApp,26.4,0,3,3,79,12,5,129,19
Male,26,25-34,General Consultation,Wednesday,Morning,19,4,1,Yes,SMS,3.3,0,10,4,276,40,10,295,43
Male,42,35-44,General Consultation,Saturday,Morning,51,5,1,Yes,Email,13.4,0,1,3,1,1,2,52,8
Female,45,45-54,Specialist Consultation,Sunday,Afternoon,11,4,1,Yes,Email,8.0,1,1,2,22,4,2,33,5
Female,62,55-64,Follow-up,Saturday,Afternoon,18,2,0,Yes,WhatsApp,16.7,0,7,1,182,27,7,200,29
Female,54,45-54,General Consultation,Wednesday,Evening,7,2,0,Yes,SMS,7.0,0,12,2,337,49,12,344,50
Male,73,65+,Follow-up,Thursday,Morning,24,1,0,Yes,WhatsApp,18.1,0,11,0,328,48,12,352,51
Male,59,55-64,Diagnostic Test,Monday,Morning,25,4,1,Yes,SMS,8.2,0,12,3,354,51,1,13,3
Female,32,25-34,Specialist Consultation,Sunday,Morning,48,2,0,No,No Reminder,4.9,1,3,0,61,10,4,109,16
Male,46,45-54,Follow-up,Tuesday,Morning,58,1,0,Yes,SMS,19.6,0,5,6,123,18,6,181,27
Male,40,35-44,Follow-up,Monday,Afternoon,42,1,1,No,No Reminder,12.7,0,10,0,293,43,12,335,49
Male,24,18-24,Follow-up,Friday,Morning,45,3,0,Yes,Email,1.4,0,7,1,196,29,8,241,35
Male,77,65+,General Consultation,Tuesday,Afternoon,35,4,0,No,No Reminder,22.2,0,4,1,97,15,5,132,20
Male,45,45-54,Follow-up,Monday,Morning,7,5,1,Yes,Email,10.5,0,3,0,61,10,3,68,11
Female,76,65+,General Consultation,Tuesday,Afternoon,8,2,0,Yes,SMS,4.8,0,7,0,188,28,7,196,29
Male,61,55-64,General Consultation,Tuesday,Afternoon,48,3,1,No,No Reminder,6.7,0,7,2,204,30,9,252,37
Female,63,55-64,Diagnostic Test,Friday,Morning,40,2,1,Yes,WhatsApp,24.6,0,1,6,11,2,2,51,8
Male,54,45-54,Follow-up,Friday,Evening,17,1,0,No,No Reminder,10.9,0,1,1,28,5,2,45,7
Female,66,65+,Follow-up,Friday,Afternoon,44,4,1,Yes,WhatsApp,12.6,0,12,2,344,50,1,23,4
Female,56,55-64,Diagnostic Test,Thursday,Morning,55,1,0,Yes,SMS,17.0,0,7,4,206,30,9,261,38
Male,74,65+,General Consultation,Saturday,Morning,11,3,1,Yes,SMS,8.7,0,9,1,259,38,9,270,39
Male,36,35-44,Follow-up,Friday,Morning,46,4,1,Yes,SMS,19.4,0,8,0,223,33,9,269,39
Prefer not to say,62,55-64,Specialist Consultation,Monday,Morning,23,4,2,No,No Reminder,8.5,0,7,5,200,29,8,223,33
Male,19,18-24,Specialist Consultation,Thursday,Morning,24,2,1,Yes,SMS,5.0,0,8,0,223,33,9,247,36
Male,51,45-54,Diagnostic Test,Friday,Morning,39,1,0,Yes,SMS,10.1,0,9,0,272,40,11,311,45
Male,74,65+,Follow-up,Saturday,Afternoon,36,4,0,Yes,WhatsApp,4.6,0,1,4,16,3,2,52,8
Female,58,55-64,General Consultation,Wednesday,Morning,25,2,1,No,No Reminder,8.7,0,10,5,277,40,10,302,44
Male,34,25-34,Follow-up,Wednesday,Afternoon,60,1,0,Yes,SMS,3.3,0,10,5,291,42,12,351,51
Male,56,55-64,Specialist Consultation,Thursday,Afternoon,10,8,4,Yes,WhatsApp,13.7,0,3,0,82,13,4,92,14
Male,40,35-44,General Consultation,Thursday,Afternoon,5,2,1,No,No Reminder,3.5,0,6,5,171,25,6,176,26
Female,57,55-64,Follow-up,Saturday,Afternoon,24,4,0,No,No Reminder,3.8,0,4,2,99,15,5,123,18
Male,30,25-34,Specialist Consultation,Friday,Afternoon,26,4,1,Yes,Email,8.4,0,3,6,82,12,4,108,16
Male,45,45-54,General Consultation,Monday,Morning,39,5,1,No,No Reminder,0.7,0,1,3,29,5,3,68,11
Male,77,65+,General Consultation,Friday,Morning,26,1,0,No,No Reminder,7.7,0,1,6,12,2,2,38,6
Female,65,65+,General Consultation,Wednesday,Afternoon,35,1,0,Yes,SMS,0.5,0,3,2,63,10,4,98,15
Male,44,35-44,Follow-up,Wednesday,Morning,3,2,0,Yes,SMS,10.9,0,2,6,53,8,2,56,9
Female,79,65+,Specialist Consultation,Sunday,Afternoon,9,2,1,Yes,Email,3.2,1,6,4,170,25,6,179,26
Female,40,35-44,General Consultation,Thursday,Evening,10,6,1,Yes,WhatsApp,5.8,0,2,0,55,9,3,65,10
Female,77,65+,Diagnostic Test,Saturday,Evening,20,4,1,Yes,SMS,2.7,0,3,6,68,10,3,88,13
Female,55,55-64,Specialist Consultation,Saturday,Afternoon,16,4,1,Yes,Email,11.6,0,6,3,156,23,6,172,25
Male,56,55-64,General Consultation,Tuesday,Morning,17,3,0,Yes,WhatsApp,13.3,0,2,5,53,8,3,70,11
Male,65,65+,Follow-up,Friday,Afternoon,44,2,1,No,No Reminder,2.4,0,6,2,176,26,8,220,32
Prefer not to say,33,25-34,General Consultation,Friday,Afternoon,6,5,1,No,No Reminder,13.5,0,2,5,38,6,2,44,7
Female,39,35-44,General Consultation,Wednesday,Morning,28,5,0,Yes,WhatsApp,6.9,0,2,2,56,9,3,84,13
Female,48,45-54,General Consultation,Friday,Morning,32,1,0,No,No Reminder,6.0,0,10,0,300,44,11,332,48
Male,64,55-64,General Consultation,Wednesday,Afternoon,53,2,0,No,No Reminder,16.5,0,10,5,291,42,12,344,50
Female,34,25-34,Specialist Consultation,Thursday,Morning,56,2,0,No,No Reminder,5.6,0,4,3,92,14,5,148,22
Male,19,18-24,Diagnostic Test,Sunday,Morning,1,2,1,Yes,WhatsApp,14.5,1,6,5,178,26,6,179,26
Male,78,65+,Follow-up,Saturday,Morning,37,3,0,Yes,SMS,8.2,0,9,3,268,39,11,305,44
Male,38,35-44,General Consultation,Monday,Afternoon,40,2,1,No,No Reminder,4.4,0,3,2,78,12,4,118,18
Male,60,55-64,Follow-up,Saturday,Afternoon,29,0,0,Yes,SMS,1.5,0,4,4,94,14,5,123,18
Male,34,25-34,Specialist Consultation,Thursday,Morning,6,5,1,Yes,SMS,11.6,0,4,4,101,15,4,107,16
Male,64,55-64,Specialist Consultation,Thursday,Morning,45,5,0,Yes,Email,17.3,0,12,0,363,1,2,43,7
Male,61,55-64,Specialist Consultation,Saturday,Afternoon,46,4,0,Yes,SMS,21.5,0,12,1,352,51,2,32,5
Female,43,35-44,Follow-up,Wednesday,Morning,35,1,0,No,No Reminder,15.3,0,11,2,309,45,12,344,50
Female,45,45-54,Follow-up,Wednesday,Morning,50,5,1,Yes,WhatsApp,13.2,0,4,1,104,16,6,154,23
Male,37,35-44,Specialist Consultation,Sunday,Evening,26,2,0,Yes,SMS,8.1,1,1,1,27,5,2,53,8
Female,68,65+,Specialist Consultation,Friday,Morning,11,3,1,Yes,SMS,13.7,0,7,0,209,31,8,220,32
Male,80,65+,Follow-up,Sunday,Morning,9,4,1,Yes,SMS,8.9,1,1,4,24,4,2,33,5
Male,80,65+,Diagnostic Test,Wednesday,Evening,13,3,0,Yes,WhatsApp,3.2,0,3,3,78,12,4,91,14
Male,66,65+,Specialist Consultation,Thursday,Morning,12,3,0,Yes,WhatsApp,17.8,0,12,5,356,51,1,2,1
Female,39,35-44,Follow-up,Thursday,Morning,19,7,2,No,No Reminder,1.5,0,12,5,354,51,1,8,2
Female,67,65+,General Consultation,Friday,Morning,13,1,0,Yes,WhatsApp,6.1,0,12,5,354,51,1,2,1
Male,33,25-34,General Consultation,Tuesday,Afternoon,36,0,0,Yes,SMS,4.8,0,3,0,69,11,4,105,16
Male,74,65+,Specialist Consultation,Sunday,Evening,9,4,0,Yes,Email,9.0,1,1,4,30,5,2,39,6
Male,34,25-34,General Consultation,Sunday,Afternoon,37,1,0,Yes,SMS,15.0,1,2,4,59,9,4,96,14
Female,43,35-44,Follow-up,Sunday,Evening,20,0,0,Yes,SMS,12.8,1,4,0,104,16,5,124,18
Female,23,18-24,Follow-up,Friday,Morning,41,2,0,No,No Reminder,2.1,0,2,5,38,6,3,79,12
Male,19,18-24,General Consultation,Thursday,Evening,17,3,0,Yes,SMS,5.6,0,4,0,117,18,5,134,20
Male,80,65+,General Consultation,Friday,Afternoon,26,2,0,Yes,SMS,2.7,0,5,6,138,20,6,164,24
Male,35,35-44,Follow-up,Tuesday,Morning,34,2,0,Yes,Email,7.6,0,12,2,337,49,1,6,2
Male,41,35-44,Diagnostic Test,Tuesday,Afternoon,28,2,1,Yes,SMS,9.1,0,6,1,153,23,6,181,27
Female,28,25-34,Follow-up,Saturday,Evening,18,2,0,Yes,SMS,17.1,0,3,1,62,10,3,80,12
Male,69,65+,Follow-up,Monday,Morning,19,3,1,Yes,SMS,12.1,0,7,2,211,31,8,230,34
Male,64,55-64,Follow-up,Friday,Morning,55,0,0,Yes,WhatsApp,14.6,0,3,5,74,11,5,129,19
Male,22,18-24,Specialist Consultation,Tuesday,Evening,41,2,0,Yes,WhatsApp,7.6,0,4,2,119,18,6,160,24
Female,24,18-24,Follow-up,Saturday,Morning,5,3,1,Yes,Email,24.9,0,5,0,146,22,5,151,22
Female,56,55-64,Follow-up,Sunday,Morning,58,3,1,Yes,WhatsApp,2.7,1,5,4,129,19,7,187,27
Male,24,18-24,Follow-up,Monday,Afternoon,3,2,0,Yes,WhatsApp,7.6,0,10,4,304,44,11,307,45
Female,52,45-54,Follow-up,Friday,Morning,35,2,1,No,No Reminder,19.1,0,11,4,334,48,1,3,1
Male,24,18-24,Specialist Consultation,Saturday,Afternoon,55,1,0,Yes,Email,0.7,0,6,6,180,26,8,235,34
Prefer not to say,37,35-44,General Consultation,Tuesday,Afternoon,29,2,0,Yes,WhatsApp,3.7,0,5,0,145,22,6,174,26
Female,18,18-24,Follow-up,Monday,Afternoon,31,6,1,No,No Reminder,9.1,0,7,4,206,30,8,237,35
Female,49,45-54,General Consultation,Saturday,Afternoon,19,6,2,Yes,SMS,6.8,0,12,0,363,1,1,17,3
Female,63,55-64,General Consultation,Monday,Morning,19,1,0,Yes,WhatsApp,8.0,0,4,2,120,18,5,139,21
Female,43,35-44,General Consultation,Saturday,Afternoon,37,2,0,Yes,SMS,4.0,0,1,3,22,4,2,59,9
Female,34,25-34,General Consultation,Saturday,Afternoon,50,3,1,Yes,SMS,5.7,0,1,4,9,2,2,59,9
Male,44,35-44,Diagnostic Test,Saturday,Evening,54,2,1,No,No Reminder,16.6,0,10,0,279,41,11,333,48
Male,50,45-54,Diagnostic Test,Thursday,Morning,47,4,1,Yes,SMS,12.8,0,1,5,10,2,2,57,9
Female,28,25-34,Specialist Consultation,Thursday,Morning,37,4,0,No,No Reminder,8.3,0,10,1,280,41,11,317,46
Female,25,25-34,Follow-up,Saturday,Afternoon,30,3,0,Yes,SMS,14.1,0,6,3,177,26,7,207,30
Prefer not to say,29,25-34,Specialist Consultation,Saturday,Evening,20,3,1,Yes,WhatsApp,16.1,0,1,6,18,3,2,38,6
Female,80,65+,Diagnostic Test,Wednesday,Evening,46,5,2,Yes,SMS,27.7,0,2,5,45,7,4,91,14
Male,63,55-64,Follow-up,Sunday,Morning,19,2,0,Yes,Email,13.6,1,3,1,76,12,4,95,14
Female,25,25-34,General Consultation,Sunday,Afternoon,16,6,1,No,No Reminder,15.7,1,4,4,101,15,4,117,17
Male,36,35-44,Specialist Consultation,Monday,Morning,52,2,1,Yes,SMS,4.7,0,11,4,318,46,1,5,2
Female,29,25-34,General Consultation,Sunday,Afternoon,21,2,1,Yes,SMS,8.8,1,10,6,292,42,11,313,45
Male,71,65+,Follow-up,Saturday,Afternoon,52,4,1,Yes,SMS,16.0,0,9,2,260,38,11,312,45
Female,33,25-34,General Consultation,Saturday,Evening,19,4,0,Yes,WhatsApp,15.1,0,6,0,159,24,6,178,26
Female,34,25-34,General Consultation,Wednesday,Afternoon,29,3,2,Yes,Email,12.2,0,12,1,359,52,1,22,4
Prefer not to say,68,65+,Specialist Consultation,Thursday,Afternoon,58,5,1,Yes,WhatsApp,13.0,0,2,1,56,9,4,114,17
Female,39,35-44,General Consultation,Wednesday,Afternoon,33,2,0,Yes,SMS,15.8,0,4,4,93,14,5,126,19
Female,33,25-34,Specialist Consultation,Monday,Morning,36,6,2,No,No Reminder,6.2,0,12,6,362,52,2,33,6
Prefer not to say,18,18-24,Follow-up,Thursday,Morning,54,4,0,Yes,SMS,1.5,0,1,5,24,4,3,78,12
Female,18,18-24,Follow-up,Tuesday,Afternoon,24,2,0,Yes,SMS,20.7,0,1,5,31,5,2,55,9
Female,44,35-44,Specialist Consultation,Tuesday,Afternoon,23,4,0,Yes,Email,5.8,0,1,6,26,4,2,49,8
Male,56,55-64,Follow-up,Tuesday,Afternoon,25,2,0,Yes,WhatsApp,7.7,0,2,4,52,8,3,77,12
Male,18,18-24,General Consultation,Monday,Morning,60,1,0,No,No Reminder,6.8,0,6,3,156,23,8,216,32
Male,30,25-34,General Consultation,Friday,Morning,37,5,3,Yes,WhatsApp,9.9,0,5,2,148,22,7,185,27
Prefer not to say,75,65+,General Consultation,Thursday,Afternoon,9,0,0,No,No Reminder,6.8,0,2,1,34,6,2,43,7
Female,80,65+,Follow-up,Thursday,Afternoon,2,4,2,Yes,WhatsApp,9.3,0,3,1,84,13,3,86,13
Male,58,55-64,General Consultation,Tuesday,Afternoon,31,3,0,No,No Reminder,4.7,0,6,5,172,25,7,203,30
Male,50,45-54,Follow-up,Saturday,Afternoon,49,4,0,Yes,WhatsApp,19.2,0,3,5,81,12,5,130,19
Male,41,35-44,Specialist Consultation,Saturday,Morning,34,0,0,Yes,Email,9.2,0,3,6,61,9,4,95,14
Female,41,35-44,Diagnostic Test,Wednesday,Afternoon,31,5,0,Yes,Email,4.0,0,10,6,278,40,11,309,45
Female,62,55-64,Diagnostic Test,Tuesday,Morning,55,3,1,Yes,SMS,14.1,0,6,2,169,25,8,224,33
Female,59,55-64,General Consultation,Tuesday,Morning,38,1,0,Yes,WhatsApp,4.5,0,7,5,200,29,8,238,35
Female,56,55-64,General Consultation,Monday,Morning,47,2,1,Yes,WhatsApp,7.0,0,12,2,358,52,2,40,7
Male,21,18-24,Specialist Consultation,Thursday,Afternoon,38,3,0,Yes,SMS,9.3,0,3,0,68,11,4,106,16
Female,57,55-64,Follow-up,Wednesday,Morning,3,3,0,Yes,SMS,7.2,0,10,6,285,41,10,288,42
Prefer not to say,73,65+,General Consultation,Wednesday,Morning,26,2,0,Yes,SMS,7.7,0,11,4,325,47,12,351,51
Female,54,45-54,Follow-up,Monday,Afternoon,31,2,0,Yes,SMS,14.1,0,12,4,346,50,1,12,3
Female,32,25-34,Specialist Consultation,Saturday,Afternoon,8,3,0,Yes,SMS,9.9,0,3,4,66,10,3,74,11
Male,67,65+,Specialist Consultation,Sunday,Afternoon,31,2,0,Yes,WhatsApp,14.4,1,5,3,141,21,6,172,25
Female,46,45-54,General Consultation,Monday,Evening,20,4,1,Yes,Email,3.1,0,3,1,70,11,3,90,14
Female,34,25-34,General Consultation,Wednesday,Morning,1,4,2,No,No Reminder,8.7,0,8,1,224,33,8,225,33
Male,25,25-34,Follow-up,Saturday,Morning,30,1,0,Yes,WhatsApp,6.2,0,7,3,191,28,8,221,32
Male,76,65+,General Consultation,Tuesday,Afternoon,4,3,1,Yes,SMS,5.8,0,5,4,129,19,5,133,20
Male,62,55-64,General Consultation,Wednesday,Afternoon,52,1,0,Yes,SMS,17.8,0,3,6,88,13,5,140,21
Male,38,35-44,Diagnostic Test,Sunday,Morning,46,1,0,Yes,WhatsApp,3.9,1,12,2,360,52,2,40,6
Female,21,18-24,Specialist Consultation,Saturday,Afternoon,10,3,0,Yes,WhatsApp,9.8,0,6,2,168,25,6,178,26
Male,42,35-44,Follow-up,Tuesday,Morning,48,7,1,No,No Reminder,6.0,0,12,2,351,51,2,34,6
Male,59,55-64,Follow-up,Monday,Morning,38,6,1,Yes,SMS,6.0,0,1,4,10,2,2,48,8
Male,19,18-24,Follow-up,Monday,Afternoon,23,5,1,Yes,SMS,6.6,0,1,5,24,4,2,47,8
Female,69,65+,General Consultation,Sunday,Morning,32,6,1,Yes,SMS,18.4,1,1,2,22,4,2,54,8
Male,55,55-64,Diagnostic Test,Friday,Afternoon,48,4,0,Yes,SMS,14.0,0,6,5,179,26,8,227,33
Female,30,25-34,Specialist Consultation,Saturday,Morning,2,1,0,Yes,SMS,26.5,0,9,3,254,37,9,256,37
Female,65,65+,Specialist Consultation,Thursday,Evening,3,8,2,Yes,WhatsApp,23.3,0,3,0,69,11,3,72,11
Male,64,55-64,General Consultation,Saturday,Afternoon,31,1,1,Yes,WhatsApp,18.0,0,3,2,64,10,4,95,14
Female,57,55-64,General Consultation,Saturday,Afternoon,28,5,1,No,No Reminder,22.8,0,3,5,74,11,4,102,15
Male,23,18-24,Diagnostic Test,Saturday,Afternoon,25,1,0,Yes,SMS,12.3,0,7,1,196,29,8,221,32
Male,24,18-24,Specialist Consultation,Thursday,Evening,15,6,3,Yes,WhatsApp,7.7,0,8,2,239,35,9,254,37
Male,18,18-24,Follow-up,Saturday,Evening,3,1,0,No,No Reminder,4.5,0,5,2,127,19,5,130,19
Female,36,35-44,General Consultation,Tuesday,Morning,6,4,2,No,No Reminder,8.7,0,4,2,99,15,4,105,16
Female,19,18-24,Follow-up,Wednesday,Afternoon,42,1,0,Yes,SMS,9.5,0,1,2,28,5,3,70,11
Female,75,65+,General Consultation,Monday,Afternoon,26,4,0,Yes,WhatsApp,8.7,0,4,2,105,16,5,131,20
Female,28,25-34,Diagnostic Test,Wednesday,Morning,4,2,0,Yes,WhatsApp,9.7,0,10,5,291,42,10,295,43
Female,37,35-44,Specialist Consultation,Sunday,Evening,25,5,1,Yes,WhatsApp,16.2,1,2,2,49,8,3,74,11
Female,64,55-64,General Consultation,Sunday,Afternoon,60,5,1,No,No Reminder,10.5,1,10,2,288,42,12,348,50
Male,54,45-54,Follow-up,Tuesday,Morning,29,1,0,No,No Reminder,2.8,0,10,0,300,44,11,329,48
Female,57,55-64,Follow-up,Thursday,Afternoon,20,4,1,No,No Reminder,10.3,0,2,4,45,7,3,65,10
Prefer not to say,60,55-64,Follow-up,Tuesday,Afternoon,26,4,0,Yes,SMS,3.3,0,4,3,114,17,5,140,21
Male,51,45-54,General Consultation,Saturday,Morning,28,4,1,Yes,WhatsApp,25.5,0,2,5,46,7,3,74,11
Female,36,35-44,General Consultation,Monday,Morning,43,4,0,No,No Reminder,7.2,0,12,6,336,48,1,13,3
Female,50,45-54,Diagnostic Test,Sunday,Morning,35,3,1,Yes,WhatsApp,8.4,1,4,6,116,17,5,151,22
Male,41,35-44,Follow-up,Friday,Afternoon,0,1,0,Yes,SMS,15.2,0,8,4,220,32,8,220,32
Female,26,25-34,General Consultation,Saturday,Morning,25,1,0,No,No Reminder,5.0,0,4,1,118,18,5,143,21
Female,55,55-64,Specialist Consultation,Saturday,Evening,55,3,0,Yes,SMS,1.5,0,3,6,68,10,5,123,18
Prefer not to say,78,65+,General Consultation,Wednesday,Afternoon,4,3,1,Yes,WhatsApp,6.7,0,4,5,94,14,4,98,15
Male,52,45-54,Specialist Consultation,Friday,Afternoon,41,2,1,No,No Reminder,3.7,0,11,5,305,44,12,346,50
Female,44,35-44,Diagnostic Test,Sunday,Afternoon,40,2,0,Yes,SMS,17.8,1,1,1,7,2,2,47,7
Female,38,35-44,General Consultation,Sunday,Morning,31,2,1,Yes,WhatsApp,12.4,1,2,3,58,9,3,89,13
Male,63,55-64,General Consultation,Friday,Afternoon,38,3,0,Yes,WhatsApp,7.5,0,1,1,27,5,3,65,10
Male,73,65+,Follow-up,Tuesday,Afternoon,17,1,0,Yes,SMS,9.8,0,11,5,333,48,12,350,51
Female,26,25-34,Follow-up,Wednesday,Afternoon,52,5,1,No,No Reminder,6.9,0,1,6,11,2,3,63,10
Male,70,65+,Follow-up,Saturday,Morning,19,2,0,No,No Reminder,5.3,0,3,0,69,11,3,88,13
Male,71,65+,Follow-up,Saturday,Evening,24,2,1,Yes,SMS,14.0,0,4,2,92,14,4,116,17
Male,34,25-34,Follow-up,Saturday,Morning,38,1,1,Yes,WhatsApp,21.5,0,4,2,98,15,5,136,20
Female,63,55-64,Specialist Consultation,Tuesday,Afternoon,1,5,0,Yes,WhatsApp,20.4,0,12,0,335,49,12,336,49
Female,63,55-64,General Consultation,Friday,Morning,15,6,1,Yes,WhatsApp,7.5,0,3,3,85,13,4,100,15
Female,67,65+,General Consultation,Friday,Evening,43,4,1,Yes,Email,8.9,0,4,3,93,14,5,136,20
Female,68,65+,Follow-up,Thursday,Afternoon,1,1,0,No,No Reminder,19.6,0,4,2,98,15,4,99,15
Female,78,65+,General Consultation,Sunday,Morning,60,2,2,Yes,SMS,16.3,1,12,2,346,50,2,40,6
Male,30,25-34,Specialist Consultation,Tuesday,Evening,32,5,0,Yes,Email,3.0,0,12,4,362,52,1,28,5
Male,73,65+,General Consultation,Tuesday,Evening,38,4,0,Yes,Email,12.6,0,3,5,66,10,4,104,16
Male,71,65+,Specialist Consultation,Sunday,Afternoon,28,6,1,Yes,SMS,8.7,1,3,6,81,12,4,109,16
Female,18,18-24,Specialist Consultation,Thursday,Afternoon,53,4,2,Yes,SMS,15.5,0,8,6,243,35,10,296,43
Female,41,35-44,Follow-up,Monday,Afternoon,58,4,0,Yes,SMS,12.4,0,4,5,109,16,6,167,25
Male,38,35-44,Specialist Consultation,Thursday,Morning,43,2,0,Yes,SMS,20.7,0,10,2,295,43,12,338,49
Female,58,55-64,General Consultation,Tuesday,Evening,18,2,1,Yes,SMS,3.5,0,10,4,276,40,10,294,43
Male,50,45-54,Diagnostic Test,Thursday,Morning,60,3,2,No,No Reminder,12.7,0,12,6,355,51,2,50,8
Male,48,45-54,Specialist Consultation,Tuesday,Morning,15,5,2,Yes,SMS,6.2,0,11,0,314,46,11,329,48
Male,45,45-54,General Consultation,Wednesday,Morning,17,4,0,Yes,SMS,14.6,0,2,6,54,8,3,71,11
Female,61,55-64,Follow-up,Tuesday,Evening,48,6,1,No,No Reminder,6.3,0,1,2,14,3,3,62,10
Female,20,18-24,Follow-up,Friday,Morning,7,3,1,Yes,SMS,10.3,0,3,4,80,12,3,87,13
Male,26,25-34,Follow-up,Thursday,Morning,33,4,0,Yes,WhatsApp,3.4,0,4,5,115,17,5,148,22
Male,39,35-44,Follow-up,Thursday,Afternoon,21,3,1,Yes,SMS,4.8,0,2,3,37,6,2,58,9
Male,45,45-54,Specialist Consultation,Monday,Morning,37,6,1,No,No Reminder,13.4,0,12,5,361,52,2,33,6
Male,80,65+,Diagnostic Test,Wednesday,Evening,33,2,1,Yes,WhatsApp,23.8,0,5,4,135,20,6,168,25
Female,74,65+,General Consultation,Friday,Evening,60,5,1,Yes,SMS,2.0,0,6,0,181,27,8,241,35
Female,58,55-64,Follow-up,Friday,Afternoon,56,4,1,Yes,SMS,5.7,0,12,4,341,49,1,31,5
Female,20,18-24,Follow-up,Friday,Morning,39,3,0,Yes,SMS,11.9,0,3,0,75,12,4,114,17
Female,46,45-54,Follow-up,Wednesday,Evening,54,4,2,Yes,SMS,7.7,0,8,4,234,34,10,288,42
Female,54,45-54,General Consultation,Monday,Morning,11,4,1,Yes,WhatsApp,11.0,0,6,3,162,24,6,173,26
Male,59,55-64,Specialist Consultation,Wednesday,Evening,44,1,0,Yes,SMS,9.2,0,12,0,363,1,2,42,7
Female,26,25-34,General Consultation,Sunday,Morning,47,4,1,Yes,SMS,6.6,1,12,1,345,50,1,26,4
Female,49,45-54,Follow-up,Sunday,Afternoon,53,3,1,Yes,WhatsApp,33.3,1,2,2,36,6,3,89,13
Female,20,18-24,General Consultation,Saturday,Afternoon,21,7,2,No,No Reminder,15.2,0,11,5,319,46,12,340,49
Prefer not to say,32,25-34,Diagnostic Test,Thursday,Evening,56,0,0,Yes,WhatsApp,6.7,0,1,3,9,2,3,65,10
Female,38,35-44,Follow-up,Tuesday,Morning,59,2,0,Yes,Email,3.2,0,4,5,115,17,6,174,26
Female,40,35-44,General Consultation,Sunday,Evening,49,2,0,Yes,Email,16.8,1,3,6,82,12,5,131,19
Female,19,18-24,Specialist Consultation,Wednesday,Morning,39,1,0,Yes,WhatsApp,17.7,0,5,5,130,19,6,169,25
Male,68,65+,Diagnostic Test,Saturday,Evening,55,4,2,Yes,WhatsApp,5.8,0,11,6,313,45,1,3,1
Female,73,65+,Follow-up,Friday,Afternoon,8,6,2,Yes,SMS,4.4,0,9,3,268,39,10,276,40
Male,40,35-44,General Consultation,Friday,Evening,10,0,0,No,No Reminder,8.5,0,9,1,266,39,10,276,40
Male,53,45-54,Follow-up,Saturday,Evening,4,2,0,Yes,WhatsApp,5.0,0,11,1,315,46,11,319,46
Male,46,45-54,General Consultation,Tuesday,Afternoon,57,6,1,Yes,Email,10.2,0,2,0,47,8,4,104,16
Female,47,45-54,Specialist Consultation,Monday,Afternoon,30,3,0,Yes,SMS,11.2,0,7,5,186,27,8,216,32
Female,55,55-64,General Consultation,Tuesday,Morning,14,1,0,Yes,SMS,11.3,0,3,1,76,12,3,90,14
Female,46,45-54,Specialist Consultation,Friday,Morning,4,1,0,Yes,WhatsApp,4.5,0,3,0,61,10,3,65,10
Female,21,18-24,Specialist Consultation,Thursday,Afternoon,44,5,0,Yes,SMS,8.0,0,3,1,90,14,5,134,20
Female,74,65+,General Consultation,Thursday,Afternoon,33,6,2,Yes,SMS,11.2,0,4,5,102,15,5,135,20
Female,69,65+,Specialist Consultation,Saturday,Morning,50,2,0,No,No Reminder,11.5,0,12,4,353,51,2,38,6
Female,41,35-44,General Consultation,Sunday,Evening,55,2,0,No,No Reminder,0.5,1,4,0,104,16,6,159,23
Male,46,45-54,General Consultation,Tuesday,Morning,17,1,0,Yes,Email,14.3,0,12,5,354,51,1,6,2
Male,19,18-24,General Consultation,Monday,Morning,60,1,0,Yes,WhatsApp,18.2,0,3,3,79,12,5,139,21
Female,35,35-44,General Consultation,Monday,Afternoon,31,4,0,No,No Reminder,6.4,0,9,4,255,37,10,286,42
Male,39,35-44,Follow-up,Sunday,Afternoon,7,6,0,No,No Reminder,4.8,1,4,6,96,14,4,103,15
Female,48,45-54,Follow-up,Thursday,Afternoon,5,3,1,No,No Reminder,3.8,0,6,5,179,26,7,184,27
Male,25,25-34,Diagnostic Test,Wednesday,Afternoon,53,1,0,Yes,SMS,16.2,0,1,5,17,3,3,70,11
Female,49,45-54,General Consultation,Friday,Morning,41,3,0,Yes,SMS,4.9,0,7,5,207,30,9,248,36
Male,63,55-64,Specialist Consultation,Tuesday,Morning,10,1,1,No,No Reminder,9.3,0,5,5,150,22,6,160,24
Male,54,45-54,General Consultation,Sunday,Morning,54,1,0,Yes,WhatsApp,12.8,1,11,1,317,46,1,5,1
Female,32,25-34,General Consultation,Sunday,Morning,12,5,1,Yes,WhatsApp,8.7,1,5,1,125,19,5,137,20
Female,36,35-44,General Consultation,Thursday,Afternoon,4,4,2,Yes,SMS,14.0,0,3,6,82,12,3,86,13
Male,57,55-64,Follow-up,Monday,Evening,49,4,0,Yes,WhatsApp,8.2,0,5,0,124,19,6,173,26
Female,48,45-54,General Consultation,Sunday,Afternoon,51,3,1,No,No Reminder,8.4,1,6,4,164,24,8,215,31
Female,79,65+,General Consultation,Saturday,Morning,6,3,1,Yes,SMS,15.4,0,7,6,187,27,7,193,28
Male,21,18-24,Follow-up,Monday,Afternoon,5,2,1,No,No Reminder,13.3,0,7,2,190,28,7,195,29
Female,39,35-44,Specialist Consultation,Friday,Morning,1,1,0,Yes,SMS,20.9,0,12,3,359,52,12,360,52
Male,46,45-54,Diagnostic Test,Tuesday,Morning,45,5,2,No,No Reminder,5.1,0,8,5,214,31,9,259,38
Female,74,65+,Specialist Consultation,Saturday,Evening,55,4,1,Yes,SMS,6.3,0,12,6,350,50,2,39,6
Male,49,45-54,Follow-up,Tuesday,Afternoon,45,3,2,Yes,WhatsApp,9.2,0,5,5,129,19,6,174,26
Female,45,45-54,Follow-up,Friday,Morning,14,2,0,Yes,SMS,12.8,0,4,4,108,16,5,122,18
Male,28,25-34,Follow-up,Friday,Afternoon,11,2,0,Yes,SMS,19.0,0,2,0,41,7,2,52,8
Female,51,45-54,Diagnostic Test,Thursday,Morning,3,4,1,Yes,SMS,9.4,0,8,0,223,33,8,226,33
Female,56,55-64,Follow-up,Friday,Morning,27,3,1,No,No Reminder,16.1,0,3,5,87,13,4,114,17
Female,45,45-54,Specialist Consultation,Sunday,Morning,45,5,0,No,No Reminder,11.6,1,1,3,9,2,2,54,8
Female,27,25-34,General Consultation,Thursday,Evening,12,4,1,No,No Reminder,10.2,0,5,5,144,21,6,156,23
Male,27,25-34,Follow-up,Friday,Morning,46,5,0,Yes,SMS,2.6,0,8,0,237,35,10,283,41
Female,27,25-34,Follow-up,Saturday,Afternoon,42,2,2,Yes,WhatsApp,12.7,0,1,5,24,4,3,66,10
Male,73,65+,General Consultation,Sunday,Afternoon,4,3,0,No,No Reminder,9.9,1,11,2,330,48,11,334,48
Male,37,35-44,General Consultation,Saturday,Afternoon,27,4,1,Yes,SMS,3.3,0,5,6,144,21,6,171,25
Female,23,18-24,Follow-up,Saturday,Afternoon,15,4,0,No,No Reminder,4.3,0,9,4,248,36,9,263,38
Male,57,55-64,Diagnostic Test,Tuesday,Afternoon,6,3,0,Yes,SMS,28.4,0,4,2,112,17,4,118,18
Female,57,55-64,General Consultation,Saturday,Morning,34,8,0,Yes,SMS,6.2,0,5,6,131,19,6,165,24
Male,42,35-44,General Consultation,Saturday,Afternoon,5,2,0,Yes,Email,10.3,0,5,0,132,20,5,137,20
Male,70,65+,Specialist Consultation,Wednesday,Afternoon,11,0,0,No,No Reminder,7.9,0,2,5,45,7,2,56,9
Female,43,35-44,General Consultation,Friday,Morning,20,1,0,No,No Reminder,36.7,0,4,5,109,16,5,129,19
Male,70,65+,General Consultation,Friday,Morning,4,3,1,Yes,SMS,11.2,0,11,0,328,48,11,332,48
Male,57,55-64,Follow-up,Friday,Afternoon,59,2,1,Yes,SMS,1.9,0,10,1,301,44,12,360,52
Female,46,45-54,Diagnostic Test,Sunday,Morning,41,4,0,Yes,SMS,16.2,1,2,0,47,8,3,88,13
Male,70,65+,Follow-up,Tuesday,Morning,28,3,0,Yes,SMS,9.8,0,5,1,125,19,6,153,23
Male,42,35-44,Diagnostic Test,Tuesday,Afternoon,11,4,0,No,No Reminder,7.9,0,1,4,3,1,1,14,3
Male,19,18-24,Follow-up,Saturday,Morning,18,4,1,No,No Reminder,4.6,0,8,1,231,34,9,249,36
Male,41,35-44,Follow-up,Thursday,Afternoon,0,5,1,Yes,SMS,8.7,0,5,3,121,18,5,121,18
Male,44,35-44,Diagnostic Test,Saturday,Morning,20,1,0,Yes,SMS,8.1,0,1,6,4,1,1,24,4
Male,22,18-24,Diagnostic Test,Tuesday,Morning,30,5,2,Yes,Email,17.9,0,5,6,145,21,6,175,26
Female,44,35-44,General Consultation,Sunday,Afternoon,13,3,2,No,No Reminder,7.5,1,9,0,258,38,9,271,39
Prefer not to say,19,18-24,General Consultation,Tuesday,Afternoon,34,6,0,Yes,SMS,7.1,0,8,2,225,33,9,259,38
Male,42,35-44,Diagnostic Test,Friday,Morning,53,1,0,Yes,WhatsApp,10.0,0,12,0,344,50,1,31,5
Male,38,35-44,General Consultation,Friday,Afternoon,43,2,0,No,No Reminder,10.2,0,7,3,205,30,9,248,36
Male,35,35-44,Diagnostic Test,Saturday,Evening,10,2,1,Yes,SMS,11.0,0,4,2,98,15,4,108,16
Female,65,65+,Follow-up,Friday,Afternoon,33,5,0,Yes,SMS,13.8,0,12,6,350,50,1,17,3
Male,54,45-54,Diagnostic Test,Tuesday,Morning,15,1,0,Yes,SMS,18.7,0,7,0,202,30,8,217,32
Male,59,55-64,General Consultation,Saturday,Afternoon,45,5,1,Yes,SMS,11.6,0,7,2,183,27,8,228,33
Female,68,65+,General Consultation,Monday,Afternoon,59,3,0,Yes,SMS,15.2,0,4,4,93,14,6,152,23
Male,52,45-54,Diagnostic Test,Sunday,Afternoon,42,3,0,No,No Reminder,11.6,1,3,6,67,10,4,109,16
Female,52,45-54,Follow-up,Tuesday,Evening,1,4,0,Yes,Email,18.5,0,1,0,27,5,1,28,5
Male,65,65+,Follow-up,Wednesday,Morning,28,1,0,No,No Reminder,8.7,0,6,2,169,25,7,197,29
Male,31,25-34,Follow-up,Wednesday,Afternoon,24,5,2,Yes,Email,9.7,0,9,6,271,39,10,295,43
Female,68,65+,Diagnostic Test,Wednesday,Morning,47,3,1,Yes,SMS,21.1,0,4,4,94,14,5,141,21
Female,47,45-54,Follow-up,Tuesday,Morning,43,2,1,Yes,WhatsApp,6.6,0,9,0,244,36,10,287,42
Female,24,18-24,General Consultation,Sunday,Afternoon,4,2,1,Yes,SMS,20.9,1,4,2,105,16,4,109,16
Female,79,65+,Diagnostic Test,Thursday,Afternoon,10,5,1,Yes,WhatsApp,16.1,0,2,0,33,6,2,43,7
Female,26,25-34,Diagnostic Test,Friday,Afternoon,29,2,1,Yes,SMS,12.6,0,1,3,8,2,2,37,6
Female,18,18-24,General Consultation,Wednesday,Afternoon,23,3,1,No,No Reminder,10.2,0,4,0,96,15,4,119,18
Prefer not to say,75,65+,Follow-up,Thursday,Afternoon,49,4,0,Yes,SMS,6.3,0,4,3,114,17,6,163,24
Male,55,55-64,General Consultation,Monday,Afternoon,52,0,0,Yes,WhatsApp,34.6,0,3,4,66,10,4,118,18
Female,31,25-34,Follow-up,Monday,Afternoon,28,7,2,Yes,SMS,3.1,0,9,0,272,40,10,300,44
Male,67,65+,General Consultation,Saturday,Evening,32,2,0,Yes,SMS,17.6,0,9,1,259,38,10,291,42
Female,42,35-44,Follow-up,Tuesday,Morning,38,8,1,No,No Reminder,8.7,0,7,5,186,27,8,224,33
Prefer not to say,36,35-44,General Consultation,Friday,Morning,38,6,0,Yes,Email,14.1,0,2,1,34,6,3,72,11
Male,55,55-64,General Consultation,Thursday,Morning,47,1,0,Yes,WhatsApp,5.1,0,3,5,88,13,5,135,20
Male,26,25-34,General Consultation,Wednesday,Afternoon,59,6,1,No,No Reminder,5.4,0,1,6,11,2,3,70,11
Female,37,35-44,Specialist Consultation,Monday,Morning,8,0,0,Yes,SMS,2.1,0,8,6,215,31,8,223,33
Male,21,18-24,General Consultation,Wednesday,Morning,29,2,0,Yes,Email,18.3,0,12,1,352,51,1,15,3
Male,66,65+,General Consultation,Saturday,Afternoon,28,1,0,Yes,SMS,5.9,0,6,5,158,23,7,186,27
Female,78,65+,General Consultation,Saturday,Morning,32,2,0,Yes,WhatsApp,16.5,0,7,1,210,31,8,242,35
Female,23,18-24,Diagnostic Test,Friday,Afternoon,43,3,1,Yes,SMS,1.8,0,12,3,345,50,1,23,4
Female,40,35-44,Follow-up,Friday,Morning,25,3,1,Yes,SMS,9.0,0,2,0,34,6,2,59,9
Male,24,18-24,Specialist Consultation,Sunday,Evening,16,6,0,Yes,WhatsApp,4.3,1,11,4,332,48,12,348,50
Female,41,35-44,Follow-up,Tuesday,Morning,27,3,0,No,No Reminder,12.4,0,6,2,176,26,7,203,30
Male,56,55-64,General Consultation,Wednesday,Afternoon,52,2,1,Yes,SMS,18.6,0,12,6,355,51,2,42,7
Female,23,18-24,Specialist Consultation,Friday,Afternoon,18,2,1,Yes,SMS,2.0,0,5,0,124,19,5,142,21
Male,66,65+,General Consultation,Wednesday,Evening,59,1,0,Yes,SMS,8.2,0,12,6,364,52,2,57,9
Male,46,45-54,Specialist Consultation,Wednesday,Morning,11,1,0,Yes,SMS,3.9,0,9,5,249,36,9,260,38
Male,25,25-34,Follow-up,Sunday,Afternoon,36,4,1,No,No Reminder,3.7,1,2,5,32,5,3,68,10
Female,61,55-64,Diagnostic Test,Wednesday,Morning,48,3,0,Yes,SMS,8.2,0,7,3,198,29,9,246,36
Male,19,18-24,General Consultation,Tuesday,Morning,20,4,0,Yes,SMS,7.9,0,11,2,330,48,12,350,51
Male,45,45-54,Specialist Consultation,Thursday,Morning,17,3,2,Yes,WhatsApp,8.7,0,6,0,153,23,6,170,25
Male,35,35-44,Diagnostic Test,Monday,Morning,9,1,0,No,No Reminder,13.0,0,4,5,102,15,4,111,17
Male,19,18-24,Specialist Consultation,Friday,Morning,9,3,2,Yes,SMS,17.6,0,1,2,1,1,1,10,2
Female,55,55-64,Specialist Consultation,Friday,Afternoon,27,3,0,No,No Reminder,21.2,0,3,5,66,10,4,93,14
Male,75,65+,Follow-up,Friday,Morning,32,2,0,Yes,SMS,4.4,0,2,0,47,8,3,79,12
Male,48,45-54,General Consultation,Saturday,Afternoon,0,2,1,No,No Reminder,11.9,0,2,5,32,5,2,32,5
Male,45,45-54,Diagnostic Test,Thursday,Afternoon,51,1,0,Yes,SMS,12.6,0,5,1,140,21,7,191,28
Male,36,35-44,Diagnostic Test,Saturday,Afternoon,34,3,0,Yes,SMS,12.0,0,4,6,110,16,5,144,21
Female,73,65+,Follow-up,Monday,Morning,28,4,0,No,No Reminder,2.8,0,5,0,138,21,6,166,25
Female,35,35-44,Follow-up,Thursday,Morning,30,4,1,Yes,SMS,22.7,0,3,1,63,10,4,93,14
Male,44,35-44,General Consultation,Friday,Afternoon,58,1,1,Yes,SMS,9.3,0,3,2,70,11,5,128,19
Female,74,65+,General Consultation,Tuesday,Afternoon,56,6,0,Yes,WhatsApp,28.8,0,11,1,315,46,1,6,2
Female,33,25-34,Follow-up,Tuesday,Evening,17,2,1,Yes,SMS,3.2,0,5,5,122,18,5,139,21
Prefer not to say,20,18-24,Diagnostic Test,Tuesday,Afternoon,58,3,0,No,No Reminder,12.9,0,5,6,124,18,7,182,27
Male,55,55-64,Specialist Consultation,Thursday,Afternoon,54,3,0,No,No Reminder,17.1,0,2,5,39,6,4,93,14
Female,75,65+,Specialist Consultation,Saturday,Evening,17,5,2,Yes,SMS,9.4,0,4,2,99,15,4,116,17
Male,78,65+,General Consultation,Friday,Afternoon,31,2,0,Yes,WhatsApp,9.2,0,2,1,42,7,3,73,11
Male,60,55-64,Specialist Consultation,Wednesday,Evening,49,2,1,No,No Reminder,3.5,0,1,2,1,1,2,50,8
Male,59,55-64,Follow-up,Sunday,Afternoon,56,4,0,Yes,SMS,9.9,1,2,6,47,7,4,103,15
Prefer not to say,68,65+,General Consultation,Sunday,Evening,43,3,0,Yes,Email,29.5,1,6,5,165,24,7,208,30
Female,19,18-24,Diagnostic Test,Monday,Morning,19,3,2,Yes,SMS,10.8,0,1,2,15,3,2,34,6
Male,70,65+,Follow-up,Thursday,Morning,25,1,0,Yes,WhatsApp,11.7,0,5,6,151,22,6,176,26
Female,47,45-54,Diagnostic Test,Monday,Afternoon,49,3,1,Yes,WhatsApp,15.2,0,12,0,358,52,2,41,7
Male,48,45-54,Follow-up,Friday,Morning,33,4,0,Yes,SMS,2.3,0,12,6,350,50,1,17,3
Female,34,25-34,Follow-up,Thursday,Afternoon,1,4,0,Yes,SMS,8.8,0,10,2,288,42,10,289,42
Female,42,35-44,Specialist Consultation,Saturday,Morning,46,1,0,Yes,SMS,8.7,0,2,1,41,7,3,87,13
Male,20,18-24,Diagnostic Test,Friday,Evening,30,2,0,Yes,WhatsApp,16.5,0,1,2,7,2,2,37,6
Female,39,35-44,General Consultation,Thursday,Afternoon,60,5,1,Yes,SMS,19.7,0,9,6,257,37,11,317,46
Male,23,18-24,Specialist Consultation,Sunday,Morning,28,5,1,Yes,WhatsApp,3.1,1,1,6,19,3,2,47,7
Female,54,45-54,General Consultation,Friday,Morning,29,5,1,Yes,Email,9.2,0,1,3,29,5,2,58,9
Female,75,65+,Diagnostic Test,Tuesday,Afternoon,42,6,2,Yes,WhatsApp,18.8,0,7,1,182,27,8,224,33
Male,79,65+,Follow-up,Monday,Morning,52,0,0,Yes,SMS,5.3,0,3,4,65,10,4,117,18
Female,21,18-24,General Consultation,Tuesday,Evening,5,8,3,Yes,SMS,17.8,0,6,3,163,24,6,168,25
Male,51,45-54,General Consultation,Friday,Afternoon,53,5,2,Yes,WhatsApp,4.4,0,7,0,188,28,8,241,35
Female,42,35-44,General Consultation,Monday,Morning,2,3,0,No,No Reminder,9.9,0,10,5,284,41,10,286,42
Male,70,65+,Specialist Consultation,Thursday,Evening,31,3,1,Yes,WhatsApp,8.2,0,4,0,117,18,5,148,22
Male,42,35-44,General Consultation,Sunday,Afternoon,24,4,1,Yes,SMS,2.8,1,1,3,1,1,1,25,4
Female,21,18-24,General Consultation,Friday,Morning,57,4,2,No,No Reminder,9.3,0,6,3,170,25,8,227,33
Male,30,25-34,General Consultation,Tuesday,Evening,54,4,1,Yes,Email,20.4,0,11,3,331,48,1,20,4
Female,40,35-44,General Consultation,Tuesday,Afternoon,17,5,1,No,No Reminder,14.6,0,6,5,172,25,7,189,28
Male,49,45-54,Diagnostic Test,Wednesday,Afternoon,35,2,2,Yes,SMS,5.0,0,2,2,57,9,4,92,14
Female,63,55-64,General Consultation,Saturday,Morning,42,5,1,No,No Reminder,11.6,0,8,5,214,31,9,256,37
Male,35,35-44,General Consultation,Friday,Afternoon,59,7,1,Yes,SMS,2.4,0,12,1,345,50,2,38,6
Female,41,35-44,Follow-up,Thursday,Morning,0,2,1,Yes,WhatsApp,13.4,0,4,3,93,14,4,93,14
Female,22,18-24,General Consultation,Monday,Afternoon,59,2,0,Yes,SMS,12.7,0,6,4,171,25,8,230,34
Male,42,35-44,General Consultation,Wednesday,Morning,21,1,0,No,No Reminder,5.0,0,2,2,49,8,3,70,11
Female,54,45-54,General Consultation,Tuesday,Morning,7,5,0,Yes,WhatsApp,7.1,0,2,1,55,9,3,62,10
Female,36,35-44,Diagnostic Test,Tuesday,Morning,47,4,1,No,No Reminder,12.6,0,7,3,184,27,8,231,34
Female,54,45-54,General Consultation,Tuesday,Morning,2,3,1,Yes,WhatsApp,2.4,0,2,6,46,7,2,48,8
Male,59,55-64,General Consultation,Thursday,Morning,54,4,0,Yes,WhatsApp,2.2,0,3,5,81,12,5,135,20
Male,23,18-24,Diagnostic Test,Friday,Morning,56,3,0,No,No Reminder,2.0,0,1,4,16,3,3,72,11
Male,46,45-54,General Consultation,Monday,Morning,55,2,0,Yes,SMS,7.4,0,5,1,126,19,6,181,27
Female,58,55-64,Diagnostic Test,Friday,Afternoon,60,0,0,Yes,SMS,6.9,0,4,0,96,15,6,156,23
Female,63,55-64,General Consultation,Saturday,Afternoon,13,3,0,No,No Reminder,4.3,0,12,6,362,52,1,10,2
Female,62,55-64,General Consultation,Friday,Morning,35,1,1,Yes,SMS,15.1,0,11,4,318,46,12,353,51
Female,65,65+,Follow-up,Monday,Morning,60,3,1,Yes,SMS,10.3,0,2,3,43,7,4,103,16
Female,71,65+,Specialist Consultation,Wednesday,Morning,36,2,1,No,No Reminder,7.9,0,1,1,7,2,2,43,7
Female,40,35-44,Follow-up,Monday,Morning,12,4,2,No,No Reminder,7.2,0,4,2,105,16,4,117,18
Male,41,35-44,Follow-up,Sunday,Afternoon,5,2,0,Yes,Email,8.9,1,2,1,48,8,2,53,8
Female,67,65+,General Consultation,Wednesday,Afternoon,15,4,1,No,No Reminder,8.3,0,4,1,98,15,4,113,17
Male,22,18-24,General Consultation,Sunday,Afternoon,11,4,1,Yes,WhatsApp,3.9,1,2,2,35,6,2,46,7
Female,63,55-64,Diagnostic Test,Tuesday,Afternoon,4,3,3,Yes,SMS,15.2,0,4,4,115,17,4,119,18
Male,59,55-64,Specialist Consultation,Friday,Morning,46,5,2,Yes,SMS,5.9,0,7,0,202,30,9,248,36
Female,54,45-54,Follow-up,Monday,Morning,35,2,0,Yes,SMS,6.9,0,12,0,342,50,1,12,3
Prefer not to say,27,25-34,Specialist Consultation,Monday,Afternoon,31,4,1,Yes,WhatsApp,11.0,0,11,4,325,47,12,356,52
Female,57,55-64,Follow-up,Tuesday,Morning,49,3,0,Yes,Email,14.1,0,3,1,83,13,5,132,20
Male,30,25-34,Follow-up,Sunday,Morning,25,3,1,No,No Reminder,8.0,1,2,2,36,6,3,61,9
Male,52,45-54,General Consultation,Wednesday,Evening,24,4,2,No,No Reminder,3.7,0,5,6,138,20,6,162,24
Male,49,45-54,Follow-up,Monday,Morning,12,3,1,Yes,Email,23.9,0,6,2,161,24,6,173,26
Male,66,65+,General Consultation,Friday,Morning,27,2,0,No,No Reminder,2.6,0,10,5,284,41,11,311,45
Female,29,25-34,Specialist Consultation,Sunday,Morning,35,2,0,No,No Reminder,21.0,1,5,6,124,18,6,159,23
Male,25,25-34,General Consultation,Saturday,Morning,60,1,0,No,No Reminder,17.7,0,5,1,126,19,7,186,27
Male,27,25-34,Follow-up,Saturday,Evening,41,2,1,Yes,WhatsApp,4.7,0,10,6,299,43,12,340,49
Female,43,35-44,General Consultation,Sunday,Afternoon,28,1,1,Yes,SMS,3.6,1,11,6,306,44,11,334,48
Female,38,35-44,Follow-up,Wednesday,Morning,15,3,0,Yes,SMS,4.8,0,3,1,70,11,3,85,13
Female,59,55-64,Follow-up,Sunday,Morning,43,3,0,Yes,SMS,2.7,1,10,5,298,43,12,341,49
Female,49,45-54,General Consultation,Saturday,Morning,60,1,0,Yes,SMS,4.3,0,1,1,14,3,3,74,11
Male,71,65+,Specialist Consultation,Saturday,Morning,19,2,0,Yes,SMS,3.2,0,6,0,160,24,6,179,26
Female,41,35-44,Follow-up,Wednesday,Afternoon,21,5,1,Yes,Email,9.4,0,12,2,358,52,1,14,3
Female,19,18-24,Follow-up,Thursday,Afternoon,44,2,1,Yes,SMS,6.7,0,10,1,294,43,12,338,49
Female,73,65+,General Consultation,Sunday,Evening,0,3,0,No,No Reminder,12.0,1,1,6,4,1,1,4,1
Male,66,65+,Follow-up,Thursday,Afternoon,7,1,0,Yes,Email,5.5,0,1,3,1,1,1,8,2
Female,66,65+,General Consultation,Saturday,Afternoon,23,2,0,No,No Reminder,2.3,0,11,3,310,45,11,333,48
Male,51,45-54,Follow-up,Monday,Evening,33,1,0,Yes,SMS,6.5,0,1,2,8,2,2,41,7
Female,77,65+,Follow-up,Monday,Morning,20,4,1,No,No Reminder,14.2,0,8,1,224,33,9,244,36
Female,60,55-64,General Consultation,Wednesday,Morning,47,5,1,No,No Reminder,8.2,0,12,4,348,50,1,29,5
Female,71,65+,Follow-up,Tuesday,Evening,0,4,0,No,No Reminder,2.5,0,8,1,238,35,8,238,35
Female,65,65+,Diagnostic Test,Sunday,Morning,1,3,0,Yes,SMS,4.0,1,6,5,178,26,6,179,26
Female,28,25-34,Follow-up,Friday,Evening,31,1,0,Yes,WhatsApp,8.6,0,4,1,91,14,5,122,18
Male,57,55-64,Follow-up,Monday,Morning,53,3,1,No,No Reminder,13.0,0,5,3,128,19,6,181,27
Female,36,35-44,General Consultation,Friday,Morning,48,3,1,No,No Reminder,5.1,0,7,5,193,28,8,241,35
Male,22,18-24,Diagnostic Test,Tuesday,Afternoon,14,2,0,Yes,Email,5.8,0,3,1,76,12,3,90,14
Male,39,35-44,General Consultation,Tuesday,Afternoon,15,5,0,Yes,SMS,17.5,0,1,0,26,5,2,41,7
Male,24,18-24,General Consultation,Wednesday,Evening,47,4,0,Yes,SMS,9.3,0,1,4,9,2,2,56,9
Male,24,18-24,General Consultation,Saturday,Morning,50,5,1,Yes,Email,2.7,0,3,4,80,12,5,130,19
Male,43,35-44,General Consultation,Thursday,Morning,27,2,1,Yes,SMS,2.2,0,8,4,227,33,9,254,37
Female,30,25-34,General Consultation,Sunday,Afternoon,37,7,2,Yes,SMS,2.8,1,9,4,262,38,10,299,43
Female,66,65+,General Consultation,Tuesday,Morning,27,3,1,Yes,Email,10.8,0,12,2,360,52,1,21,4
Male,57,55-64,Diagnostic Test,Friday,Morning,57,2,1,No,No Reminder,8.7,0,12,3,359,52,2,51,8
Male,29,25-34,Diagnostic Test,Tuesday,Afternoon,48,1,0,Yes,Email,11.3,0,7,2,211,31,9,259,38
Female,25,25-34,Specialist Consultation,Thursday,Evening,1,4,0,Yes,SMS,16.3,0,10,2,295,43,10,296,43
Male,25,25-34,Diagnostic Test,Tuesday,Morning,52,3,1,Yes,SMS,1.8,0,8,5,221,32,9,273,40
Female,19,18-24,Follow-up,Saturday,Morning,46,3,0,Yes,WhatsApp,11.3,0,12,1,366,1,2,46,7
Male,79,65+,General Consultation,Friday,Evening,24,1,0,Yes,WhatsApp,9.6,0,11,1,315,46,12,339,49
Female,41,35-44,General Consultation,Thursday,Afternoon,35,2,1,Yes,SMS,8.7,0,12,3,359,52,1,29,5
Male,79,65+,Specialist Consultation,Saturday,Morning,55,4,1,Yes,SMS,25.1,0,3,6,88,13,5,143,21
Female,76,65+,General Consultation,Friday,Evening,33,4,0,No,No Reminder,8.2,0,8,6,236,34,9,269,39
Male,38,35-44,General Consultation,Monday,Afternoon,2,3,0,Yes,Email,8.2,0,6,5,157,23,6,159,24
Female,48,45-54,Follow-up,Thursday,Morning,37,3,1,Yes,WhatsApp,9.2,0,9,1,252,37,10,289,42
Female,47,45-54,General Consultation,Wednesday,Morning,41,0,0,Yes,SMS,4.8,0,11,3,310,45,12,351,51
Female,20,18-24,General Consultation,Tuesday,Morning,3,4,0,Yes,WhatsApp,22.6,0,11,5,326,47,11,329,48
Female,54,45-54,Follow-up,Saturday,Morning,12,7,3,No,No Reminder,6.3,0,1,0,26,5,2,38,6
Male,64,55-64,General Consultation,Tuesday,Morning,19,1,0,No,No Reminder,7.5,0,7,3,205,30,8,224,33
Female,18,18-24,Specialist Consultation,Thursday,Afternoon,3,7,1,Yes,SMS,6.3,0,10,0,279,41,10,282,41
Female,72,65+,General Consultation,Saturday,Afternoon,45,2,0,Yes,WhatsApp,8.5,0,8,2,218,32,9,263,38
Female,63,55-64,Diagnostic Test,Wednesday,Morning,23,1,0,Yes,SMS,9.7,0,9,0,258,38,10,281,41
Male,57,55-64,Specialist Consultation,Tuesday,Evening,51,1,1,Yes,WhatsApp,32.8,0,3,6,88,13,5,139,21
Female,64,55-64,General Consultation,Saturday,Evening,56,5,1,Yes,SMS,11.3,0,8,5,214,31,9,270,39
Female,65,65+,General Consultation,Saturday,Morning,57,3,2,Yes,WhatsApp,11.1,0,9,4,248,36,11,305,44
Female,54,45-54,General Consultation,Saturday,Afternoon,39,2,0,Yes,Email,14.0,0,5,1,125,19,6,164,24
Female,25,25-34,Specialist Consultation,Wednesday,Morning,19,7,3,Yes,SMS,7.3,0,9,4,262,38,10,281,41
Female,34,25-34,Follow-up,Thursday,Morning,4,4,2,No,No Reminder,3.9,0,8,6,243,35,9,247,36
Female,67,65+,General Consultation,Tuesday,Afternoon,53,2,0,Yes,WhatsApp,4.4,0,9,4,269,39,11,322,47
Male,79,65+,Diagnostic Test,Wednesday,Afternoon,28,3,1,No,No Reminder,2.8,0,3,2,71,11,4,99,15
Male,35,35-44,Specialist Consultation,Thursday,Morning,1,0,0,Yes,WhatsApp,7.2,0,8,2,232,34,8,233,34
Male,43,35-44,Specialist Consultation,Tuesday,Evening,51,1,0,Yes,WhatsApp,11.6,0,3,6,68,10,4,119,18
Female,75,65+,General Consultation,Thursday,Afternoon,41,7,3,No,No Reminder,20.7,0,2,4,38,6,3,79,12
Male,28,25-34,Specialist Consultation,Friday,Morning,4,6,1,Yes,SMS,9.1,0,2,0,48,8,2,52,8
Female,34,25-34,Specialist Consultation,Monday,Morning,15,3,0,No,No Reminder,4.5,0,11,6,306,44,11,321,47
Male,21,18-24,Diagnostic Test,Wednesday,Morning,1,3,0,Yes,SMS,9.9,0,12,1,366,1,1,1,1
Female,32,25-34,Follow-up,Friday,Evening,58,3,1,No,No Reminder,12.3,0,10,2,295,43,12,353,51
Male,58,55-64,Follow-up,Sunday,Afternoon,1,2,1,Yes,SMS,18.8,1,8,5,235,34,8,236,34
Female,39,35-44,Follow-up,Sunday,Afternoon,48,4,1,Yes,SMS,3.9,1,6,0,153,23,7,201,29
Male,79,65+,Specialist Consultation,Wednesday,Afternoon,31,2,1,No,No Reminder,2.7,0,1,6,25,4,2,56,9
Female,74,65+,Diagnostic Test,Wednesday,Morning,35,3,1,Yes,WhatsApp,10.4,0,9,2,260,38,10,295,43
Male,74,65+,Follow-up,Thursday,Evening,49,3,2,No,No Reminder,8.5,0,12,3,352,51,2,36,6
Male,63,55-64,General Consultation,Friday,Evening,54,5,1,No,No Reminder,6.8,0,11,6,334,48,1,23,4
Female,62,55-64,General Consultation,Saturday,Afternoon,7,2,0,Yes,SMS,8.1,0,1,5,11,2,1,18,3
Male,24,18-24,General Consultation,Wednesday,Morning,41,6,1,Yes,WhatsApp,13.8,0,5,3,127,19,6,168,25
Female,63,55-64,General Consultation,Wednesday,Morning,34,2,1,Yes,SMS,13.2,0,2,3,51,8,3,85,13
Male,26,25-34,Diagnostic Test,Thursday,Afternoon,5,3,2,Yes,SMS,3.0,0,2,5,53,8,2,58,9
Male,39,35-44,Follow-up,Friday,Afternoon,14,4,0,No,No Reminder,7.8,0,5,4,135,20,5,149,22
Female,34,25-34,General Consultation,Friday,Evening,32,2,0,No,No Reminder,12.8,0,5,0,131,20,6,163,24
Male,67,65+,General Consultation,Friday,Morning,20,1,0,Yes,SMS,5.0,0,7,5,200,29,8,220,32
Female,55,55-64,Follow-up,Thursday,Evening,60,3,0,Yes,Email,3.6,0,2,6,47,7,4,107,16
Female,22,18-24,Follow-up,Monday,Afternoon,27,0,0,No,No Reminder,7.4,0,7,1,189,28,8,216,32
Female,44,35-44,Follow-up,Wednesday,Afternoon,53,2,0,Yes,WhatsApp,9.9,0,10,5,298,43,12,351,51
Female,54,45-54,General Consultation,Wednesday,Afternoon,44,1,0,Yes,WhatsApp,11.1,0,5,0,125,19,6,169,25
Male,30,25-34,General Consultation,Thursday,Morning,31,4,0,No,No Reminder,7.5,0,7,0,195,29,8,226,33
Male,42,35-44,General Consultation,Sunday,Morning,27,2,0,No,No Reminder,11.1,1,5,0,132,20,6,159,23
Female,39,35-44,Specialist Consultation,Tuesday,Morning,33,2,0,Yes,SMS,4.0,0,2,3,51,8,3,84,13
Female,80,65+,General Consultation,Tuesday,Afternoon,11,3,2,Yes,SMS,17.1,0,4,4,115,17,5,126,19
Male,70,65+,Follow-up,Saturday,Morning,60,1,0,Yes,SMS,6.0,0,3,1,77,12,5,137,20
Male,62,55-64,General Consultation,Wednesday,Afternoon,40,8,5,Yes,Email,10.3,0,8,4,234,34,10,274,40
Female,47,45-54,Follow-up,Thursday,Evening,35,7,1,Yes,SMS,16.4,0,2,3,51,8,3,86,13
Male,43,35-44,Follow-up,Tuesday,Morning,3,4,2,No,No Reminder,8.5,0,2,5,45,7,2,48,8
Male,38,35-44,Specialist Consultation,Friday,Afternoon,30,3,0,Yes,SMS,11.0,0,8,2,239,35,9,269,39
Female,26,25-34,General Consultation,Thursday,Morning,54,5,1,Yes,SMS,19.4,0,2,5,45,7,4,99,15
Male,19,18-24,Follow-up,Wednesday,Afternoon,14,6,0,No,No Reminder,6.2,0,7,2,183,27,7,197,29
Male,29,25-34,General Consultation,Sunday,Afternoon,31,1,0,Yes,SMS,6.9,1,1,3,1,1,2,32,5
Male,31,25-34,General Consultation,Saturday,Morning,29,4,0,Yes,SMS,11.6,0,4,4,108,16,5,137,20
Female,25,25-34,Specialist Consultation,Saturday,Afternoon,45,2,0,Yes,WhatsApp,3.7,0,4,2,99,15,5,144,21
Female,31,25-34,Follow-up,Saturday,Afternoon,14,4,2,Yes,SMS,6.5,0,11,5,305,44,11,319,46
Female,70,65+,General Consultation,Saturday,Afternoon,46,4,0,Yes,WhatsApp,6.9,0,12,1,364,1,2,45,7
Female,23,18-24,General Consultation,Thursday,Morning,40,4,1,Yes,WhatsApp,4.0,0,5,5,136,20,6,176,26
Male,23,18-24,General Consultation,Saturday,Evening,54,1,0,No,No Reminder,11.9,0,1,0,6,2,3,60,9
Female,38,35-44,Specialist Consultation,Wednesday,Evening,59,4,1,Yes,SMS,8.0,0,8,6,229,33,10,288,42
Female,51,45-54,Specialist Consultation,Monday,Evening,45,0,0,Yes,SMS,13.0,0,10,4,304,44,12,349,51
Female,40,35-44,Diagnostic Test,Wednesday,Afternoon,7,2,0,Yes,WhatsApp,8.7,0,4,2,98,15,4,105,16
Female,50,45-54,Specialist Consultation,Monday,Morning,28,7,1,Yes,SMS,10.9,0,4,0,117,18,5,145,22
Female,61,55-64,Specialist Consultation,Thursday,Evening,47,4,1,No,No Reminder,10.0,0,5,5,130,19,6,177,26
Female,48,45-54,Follow-up,Sunday,Afternoon,26,5,1,No,No Reminder,4.8,1,7,1,182,27,7,208,30
Female,60,55-64,Specialist Consultation,Wednesday,Morning,43,2,1,No,No Reminder,20.2,0,11,1,322,47,12,365,1
Male,53,45-54,General Consultation,Tuesday,Evening,26,1,1,Yes,WhatsApp,20.4,0,3,3,64,10,3,90,14
Female,51,45-54,Specialist Consultation,Saturday,Afternoon,2,3,0,Yes,SMS,13.1,0,5,3,121,18,5,123,18
Female,41,35-44,Follow-up,Thursday,Afternoon,53,6,2,Yes,WhatsApp,3.3,0,4,6,95,14,5,148,22
Female,53,45-54,Follow-up,Friday,Morning,7,6,0,Yes,SMS,12.0,0,8,4,234,34,8,241,35
Male,45,45-54,Follow-up,Tuesday,Morning,31,4,0,No,No Reminder,4.0,0,5,5,143,21,6,174,26
Male,25,25-34,General Consultation,Wednesday,Afternoon,5,0,0,No,No Reminder,15.7,0,8,4,241,35,9,246,36
Female,40,35-44,Follow-up,Monday,Morning,10,2,1,No,No Reminder,11.9,0,6,4,163,24,6,173,26
Female,26,25-34,General Consultation,Sunday,Morning,57,2,0,Yes,WhatsApp,3.5,1,3,5,80,12,5,137,20
Male,32,25-34,Follow-up,Sunday,Afternoon,36,3,1,Yes,Email,19.0,1,4,5,94,14,5,130,19
Female,44,35-44,Follow-up,Friday,Morning,12,5,1,Yes,SMS,8.1,0,11,6,306,44,11,318,46
Female,49,45-54,Specialist Consultation,Thursday,Afternoon,10,3,0,No,No Reminder,13.5,0,3,0,61,10,3,71,11
Male,77,65+,General Consultation,Tuesday,Afternoon,25,6,1,No,No Reminder,6.1,0,5,4,135,20,6,160,24
Female,19,18-24,General Consultation,Tuesday,Morning,44,3,1,Yes,SMS,10.2,0,4,6,103,15,5,147,22
Female,38,35-44,General Consultation,Wednesday,Morning,11,3,1,Yes,Email,3.8,0,6,5,165,24,6,176,26
Female,63,55-64,General Consultation,Sunday,Afternoon,44,4,0,Yes,WhatsApp,22.3,1,10,4,304,44,12,348,50
Prefer not to say,60,55-64,General Consultation,Sunday,Morning,54,4,0,No,No Reminder,13.2,1,9,1,245,36,10,299,43
Female,24,18-24,General Consultation,Monday,Afternoon,1,2,0,Yes,WhatsApp,1.2,0,11,6,306,44,11,307,45
Female,21,18-24,Specialist Consultation,Saturday,Evening,31,3,0,Yes,SMS,15.9,0,9,2,246,36,10,277,40
Female,73,65+,Follow-up,Tuesday,Evening,47,0,0,Yes,SMS,1.5,0,9,3,268,39,11,315,46
Female,48,45-54,General Consultation,Thursday,Evening,18,0,0,Yes,WhatsApp,2.5,0,7,6,208,30,8,226,33
Male,23,18-24,Follow-up,Tuesday,Afternoon,13,6,1,Yes,Email,23.0,0,12,2,358,52,1,6,2
Female,68,65+,Follow-up,Saturday,Morning,28,1,0,Yes,Email,11.2,0,1,5,17,3,2,45,7
Female,77,65+,General Consultation,Wednesday,Afternoon,51,2,0,Yes,SMS,15.7,0,5,0,132,20,7,183,27
Female,64,55-64,General Consultation,Wednesday,Evening,31,2,0,No,No Reminder,12.4,0,7,6,201,29,8,232,34
Male,78,65+,General Consultation,Monday,Evening,55,5,1,Yes,SMS,4.6,0,5,1,126,19,6,181,27
Male,73,65+,Diagnostic Test,Thursday,Morning,30,1,0,No,No Reminder,7.3,0,9,1,259,38,10,289,42
Female,44,35-44,General Consultation,Tuesday,Afternoon,18,2,0,Yes,SMS,4.6,0,2,4,52,8,3,70,11
Female,62,55-64,General Consultation,Saturday,Morning,31,5,0,Yes,SMS,21.6,0,7,2,204,30,8,235,34
Male,34,25-34,General Consultation,Monday,Morning,9,1,1,No,No Reminder,7.4,0,4,5,95,14,4,104,16
Female,56,55-64,General Consultation,Friday,Evening,43,4,0,No,No Reminder,13.5,0,2,3,57,9,4,100,15
Male,57,55-64,General Consultation,Monday,Morning,35,4,0,Yes,SMS,4.5,0,7,0,209,31,9,244,36
Female,57,55-64,Follow-up,Monday,Afternoon,12,1,0,Yes,SMS,5.8,0,4,2,113,17,5,125,19
Female,22,18-24,General Consultation,Thursday,Afternoon,31,1,0,No,No Reminder,9.8,0,9,0,272,40,10,303,44
Male,31,25-34,Diagnostic Test,Sunday,Afternoon,39,2,0,No,No Reminder,7.8,1,12,2,339,49,1,12,2
Female,32,25-34,Follow-up,Wednesday,Morning,2,5,0,Yes,Email,8.2,0,6,0,166,25,6,168,25
Male,27,25-34,General Consultation,Sunday,Afternoon,21,2,0,Yes,Email,9.3,1,6,6,152,22,6,173,25
Male,24,18-24,Specialist Consultation,Monday,Morning,33,4,1,No,No Reminder,9.5,0,1,2,29,5,3,62,10
Female,25,25-34,General Consultation,Monday,Morning,26,7,2,No,No Reminder,12.4,0,3,2,71,11,4,97,15
Female,70,65+,General Consultation,Tuesday,Morning,37,5,1,No,No Reminder,3.2,0,4,6,103,15,5,140,21
Male,54,45-54,Follow-up,Saturday,Morning,26,3,1,Yes,SMS,11.8,0,4,0,96,15,5,122,18
Male,18,18-24,Specialist Consultation,Saturday,Morning,46,2,0,Yes,SMS,12.0,0,4,1,105,16,5,151,22
Female,72,65+,Specialist Consultation,Sunday,Morning,20,2,0,Yes,SMS,10.1,1,12,0,356,52,1,11,2
Male,50,45-54,Specialist Consultation,Monday,Morning,51,0,0,Yes,SMS,7.3,0,11,5,321,46,1,6,2
Female,77,65+,Follow-up,Thursday,Morning,47,1,0,Yes,Email,8.7,0,12,5,349,50,1,30,5
Female,43,35-44,Follow-up,Wednesday,Morning,41,2,0,No,No Reminder,15.0,0,4,3,99,15,5,140,21
Male,51,45-54,Specialist Consultation,Sunday,Morning,45,4,0,Yes,WhatsApp,13.9,1,11,3,333,48,1,12,2
Male,63,55-64,Specialist Consultation,Monday,Evening,31,1,0,Yes,WhatsApp,5.8,0,12,4,348,50,1,13,3
Male,70,65+,General Consultation,Wednesday,Afternoon,36,4,1,Yes,SMS,3.8,0,1,1,21,4,2,57,9
Female,37,35-44,Specialist Consultation,Wednesday,Afternoon,16,3,0,Yes,WhatsApp,19.9,0,3,0,69,11,3,85,13
Male,22,18-24,General Consultation,Saturday,Evening,47,5,0,No,No Reminder,2.0,0,8,0,237,35,10,284,41
Female,48,45-54,General Consultation,Friday,Evening,28,5,0,Yes,Email,3.1,0,10,4,304,44,11,332,48
Male,58,55-64,General Consultation,Monday,Afternoon,55,1,0,Yes,SMS,4.9,0,3,1,70,11,5,125,19
Male,69,65+,Follow-up,Sunday,Afternoon,36,1,1,Yes,WhatsApp,5.2,1,7,5,207,30,8,243,35
Male,34,25-34,Follow-up,Sunday,Evening,33,4,1,Yes,WhatsApp,10.7,1,12,1,336,49,1,4,1
Male,68,65+,General Consultation,Sunday,Evening,22,7,3,Yes,SMS,20.7,1,1,5,18,3,2,40,6
Female,68,65+,General Consultation,Thursday,Afternoon,22,7,0,Yes,SMS,12.0,0,8,2,225,33,9,247,36
Female,80,65+,General Consultation,Sunday,Afternoon,53,4,0,Yes,WhatsApp,26.4,1,1,2,21,4,3,74,11
Male,59,55-64,Follow-up,Tuesday,Morning,46,2,1,Yes,WhatsApp,8.4,0,10,4,297,43,12,343,50
Male,41,35-44,General Consultation,Sunday,Morning,9,3,0,No,No Reminder,22.1,1,4,4,114,17,5,123,18
Male,45,45-54,General Consultation,Monday,Afternoon,30,2,0,Yes,SMS,27.8,0,2,5,39,6,3,69,11
Female,65,65+,General Consultation,Tuesday,Afternoon,22,3,0,Yes,Email,5.2,0,12,0,351,51,1,7,2
Male,32,25-34,Follow-up,Monday,Morning,39,6,2,No,No Reminder,4.8,0,9,3,261,38,10,300,44
Female,55,55-64,Specialist Consultation,Tuesday,Afternoon,3,2,0,Yes,Email,7.0,0,4,5,95,14,4,98,15
Female,54,45-54,General Consultation,Friday,Morning,43,2,0,Yes,WhatsApp,6.7,0,10,3,282,41,11,325,47
Male,59,55-64,General Consultation,Saturday,Afternoon,45,2,1,No,No Reminder,10.5,0,3,2,84,13,5,129,19
Male,44,35-44,Follow-up,Friday,Afternoon,13,4,2,Yes,SMS,6.8,0,6,5,172,25,7,185,27
Male,64,55-64,General Consultation,Tuesday,Afternoon,9,1,0,Yes,WhatsApp,15.3,0,10,6,292,42,10,301,44
Female,65,65+,Diagnostic Test,Sunday,Morning,15,3,1,Yes,WhatsApp,4.9,1,3,5,67,10,3,82,12
Male,69,65+,Follow-up,Tuesday,Morning,57,4,0,Yes,SMS,8.7,0,3,0,68,11,5,125,19
Male,76,65+,General Consultation,Wednesday,Evening,58,2,0,Yes,SMS,11.3,0,1,0,19,4,3,77,12
Male,59,55-64,General Consultation,Saturday,Morning,0,7,1,Yes,Email,9.1,0,1,5,31,5,1,31,5
Female,55,55-64,General Consultation,Friday,Morning,31,4,1,Yes,SMS,10.3,0,5,1,125,19,6,156,23
Male,28,25-34,General Consultation,Sunday,Morning,39,5,1,Yes,SMS,16.2,1,9,2,267,39,11,306,44
Male,67,65+,General Consultation,Friday,Morning,10,3,1,Yes,SMS,1.3,0,6,1,154,23,6,164,24
Female,44,35-44,Follow-up,Thursday,Morning,37,3,1,Yes,SMS,5.2,0,8,1,224,33,9,261,38
Male,47,45-54,Specialist Consultation,Thursday,Morning,14,4,1,No,No Reminder,7.0,0,2,3,43,7,2,57,9
Male,50,45-54,General Consultation,Wednesday,Afternoon,13,3,0,Yes,SMS,5.9,0,7,3,184,27,7,197,29
Female,39,35-44,Diagnostic Test,Saturday,Morning,36,3,2,Yes,WhatsApp,10.3,0,3,4,87,13,5,123,18
Male,39,35-44,General Consultation,Thursday,Morning,33,3,0,Yes,SMS,11.4,0,1,5,25,4,2,58,9
Male,34,25-34,General Consultation,Saturday,Evening,11,1,0,No,No Reminder,7.8,0,7,1,182,27,7,193,28
Female,75,65+,General Consultation,Saturday,Morning,8,3,0,Yes,WhatsApp,2.5,0,1,4,16,3,1,24,4
Female,21,18-24,General Consultation,Friday,Afternoon,17,1,0,No,No Reminder,16.7,0,6,1,161,24,6,178,26
Female,79,65+,General Consultation,Thursday,Evening,1,0,0,Yes,SMS,13.9,0,8,2,239,35,8,240,35
Male,33,25-34,Follow-up,Thursday,Morning,18,4,0,Yes,SMS,3.0,0,11,6,334,48,12,352,51
Male,63,55-64,General Consultation,Sunday,Afternoon,55,3,1,Yes,Email,7.8,1,10,0,279,41,11,334,48
Male,78,65+,Follow-up,Thursday,Morning,48,2,0,Yes,SMS,15.3,0,10,4,297,43,12,345,50
Male,54,45-54,Diagnostic Test,Sunday,Morning,50,4,1,No,No Reminder,8.2,1,1,5,10,2,3,60,9
Female,35,35-44,General Consultation,Monday,Morning,6,1,0,No,No Reminder,12.7,0,10,1,280,41,10,286,42
Female,61,55-64,Specialist Consultation,Thursday,Afternoon,22,2,0,No,No Reminder,11.6,0,2,2,56,9,3,78,12
Prefer not to say,58,55-64,Specialist Consultation,Saturday,Morning,35,3,0,Yes,SMS,5.1,0,12,5,354,51,1,24,4
Male,62,55-64,Follow-up,Wednesday,Afternoon,34,7,0,Yes,SMS,12.2,0,1,3,23,4,2,57,9
Female,75,65+,Diagnostic Test,Wednesday,Afternoon,50,2,0,Yes,WhatsApp,6.6,0,7,1,210,31,9,260,38
Male,53,45-54,General Consultation,Wednesday,Afternoon,14,1,0,Yes,WhatsApp,3.4,0,11,2,316,46,11,330,48
Prefer not to say,58,55-64,Diagnostic Test,Thursday,Morning,18,1,1,Yes,WhatsApp,2.4,0,12,6,362,52,1,15,3
Female,73,65+,Follow-up,Tuesday,Morning,21,4,2,No,No Reminder,11.2,0,3,1,77,12,4,98,15
Male,34,25-34,Follow-up,Saturday,Evening,27,2,2,Yes,SMS,12.1,0,3,6,81,12,4,108,16
Male,62,55-64,General Consultation,Saturday,Morning,2,6,0,No,No Reminder,6.5,0,5,3,121,18,5,123,18
Female,77,65+,Follow-up,Tuesday,Afternoon,16,4,1,No,No Reminder,12.6,0,10,6,299,43,11,315,46
Female,49,45-54,Follow-up,Saturday,Morning,19,5,1,Yes,SMS,14.6,0,8,0,230,34,9,249,36
Female,49,45-54,General Consultation,Sunday,Afternoon,9,5,1,Yes,SMS,10.6,1,3,4,80,12,3,89,13
Female,52,45-54,General Consultation,Friday,Morning,53,3,0,Yes,SMS,7.1,0,6,0,174,26,8,227,33
Male,36,35-44,General Consultation,Saturday,Morning,41,5,1,No,No Reminder,8.9,0,1,6,5,1,2,46,7
Male,55,55-64,Specialist Consultation,Monday,Morning,55,2,2,Yes,WhatsApp,12.9,0,2,1,42,7,4,97,15
Male,78,65+,General Consultation,Tuesday,Afternoon,34,1,0,Yes,Email,14.1,0,2,2,43,7,3,77,12
Female,42,35-44,General Consultation,Friday,Afternoon,6,7,0,Yes,SMS,4.9,0,3,5,80,12,3,86,13
Female,66,65+,General Consultation,Thursday,Afternoon,55,5,0,Yes,WhatsApp,2.9,0,9,4,255,37,11,310,45
Male,66,65+,Follow-up,Thursday,Evening,27,3,0,Yes,WhatsApp,3.6,0,4,4,114,17,5,141,21
Female,63,55-64,Follow-up,Sunday,Evening,23,3,0,No,No Reminder,13.8,1,3,4,87,13,4,110,16
Female,63,55-64,Follow-up,Saturday,Morning,29,5,2,Yes,WhatsApp,3.3,0,4,4,114,17,5,143,21
Female,79,65+,Specialist Consultation,Saturday,Morning,17,4,0,Yes,SMS,10.4,0,10,2,274,40,10,291,42
Female,63,55-64,Specialist Consultation,Friday,Afternoon,33,5,2,Yes,Email,8.3,0,12,6,343,49,1,10,2
Male,70,65+,General Consultation,Sunday,Afternoon,44,6,2,No,No Reminder,14.4,1,5,4,122,18,6,166,24
Female,74,65+,Diagnostic Test,Thursday,Afternoon,1,4,1,Yes,SMS,4.2,0,5,2,140,21,5,141,21
Male,55,55-64,Follow-up,Thursday,Morning,51,3,1,Yes,Email,10.2,0,4,1,104,16,6,155,23
Male,62,55-64,General Consultation,Monday,Afternoon,34,2,0,Yes,Email,12.4,0,9,1,245,36,10,279,41
Female,78,65+,General Consultation,Tuesday,Afternoon,59,2,0,Yes,SMS,15.7,0,11,5,314,45,1,7,2
Female,25,25-34,General Consultation,Saturday,Morning,39,3,1,Yes,SMS,5.5,0,1,1,13,3,2,52,8
Male,73,65+,Follow-up,Monday,Morning,54,4,0,Yes,WhatsApp,7.9,0,12,2,337,49,1,26,5
Male,57,55-64,General Consultation,Sunday,Morning,40,3,1,Yes,SMS,5.4,1,5,1,125,19,6,165,24
Female,44,35-44,Follow-up,Friday,Afternoon,20,2,0,Yes,SMS,9.6,0,3,5,88,13,4,108,16
Female,63,55-64,General Consultation,Sunday,Afternoon,32,6,1,Yes,SMS,8.0,1,4,2,98,15,5,130,19
Male,48,45-54,General Consultation,Monday,Afternoon,20,3,1,Yes,SMS,12.7,0,5,1,146,22,6,166,25
Male,34,25-34,Specialist Consultation,Tuesday,Afternoon,41,2,1,Yes,WhatsApp,4.0,0,3,2,64,10,4,105,16
Female,36,35-44,Follow-up,Tuesday,Evening,9,3,2,Yes,WhatsApp,9.7,0,10,6,292,42,10,301,44
Male,26,25-34,Specialist Consultation,Thursday,Afternoon,18,5,1,Yes,WhatsApp,7.9,0,1,6,19,3,2,37,6
Male,40,35-44,Follow-up,Thursday,Afternoon,2,4,0,Yes,SMS,8.7,0,4,1,97,15,4,99,15
Female,33,25-34,Specialist Consultation,Sunday,Morning,42,3,0,Yes,Email,10.1,1,12,6,357,51,2,33,5
Male,75,65+,Diagnostic Test,Tuesday,Morning,50,6,2,Yes,SMS,14.8,0,10,0,286,42,12,336,49
Prefer not to say,36,35-44,Specialist Consultation,Thursday,Evening,44,2,0,Yes,SMS,6.3,0,4,1,104,16,5,148,22
Male,40,35-44,General Consultation,Tuesday,Afternoon,25,4,1,No,No Reminder,3.1,0,11,4,311,45,12,336,49
Male,29,25-34,General Consultation,Saturday,Afternoon,25,2,1,Yes,SMS,15.0,0,7,1,203,30,8,228,33
Male,42,35-44,General Consultation,Tuesday,Morning,59,2,0,No,No Reminder,16.0,0,1,5,25,4,3,84,13
Female,24,18-24,Diagnostic Test,Sunday,Morning,10,7,1,Yes,SMS,7.5,1,1,3,29,5,2,39,6
Male,76,65+,General Consultation,Friday,Afternoon,52,1,0,Yes,SMS,5.3,0,12,1,336,49,1,23,4
Male,53,45-54,General Consultation,Monday,Morning,9,3,1,Yes,SMS,6.4,0,2,5,32,5,2,41,7
Female,51,45-54,Specialist Consultation,Tuesday,Evening,10,1,1,Yes,WhatsApp,14.4,0,1,5,24,4,2,34,6
Female,71,65+,Follow-up,Friday,Morning,22,1,0,No,No Reminder,13.7,0,3,3,79,12,4,101,15
Male,28,25-34,Follow-up,Thursday,Afternoon,40,2,0,No,No Reminder,8.7,0,2,5,59,9,4,99,15
Female,51,45-54,General Consultation,Tuesday,Afternoon,60,2,0,Yes,SMS,3.8,0,8,4,227,33,10,287,42
Female,55,55-64,General Consultation,Monday,Evening,60,5,1,No,No Reminder,21.9,0,7,3,198,29,9,258,38
Female,69,65+,Specialist Consultation,Friday,Afternoon,54,4,0,Yes,WhatsApp,20.7,0,12,6,341,49,1,30,5
Female,53,45-54,Specialist Consultation,Monday,Morning,14,3,0,Yes,WhatsApp,7.9,0,9,0,265,39,10,279,41
Female,64,55-64,General Consultation,Saturday,Morning,5,3,1,Yes,SMS,15.6,0,10,0,293,43,10,298,43
Male,66,65+,General Consultation,Friday,Evening,55,3,0,Yes,SMS,1.4,0,4,5,116,17,6,171,25
Female,74,65+,General Consultation,Friday,Morning,56,2,0,Yes,WhatsApp,16.6,0,3,4,86,13,5,142,21
Male,40,35-44,General Consultation,Sunday,Afternoon,16,1,0,No,No Reminder,8.7,1,5,4,149,22,6,165,24
Male,62,55-64,General Consultation,Thursday,Morning,1,2,0,No,No Reminder,4.1,0,3,2,71,11,3,72,11
Male,33,25-34,General Consultation,Thursday,Afternoon,39,3,0,Yes,Email,17.0,0,12,6,362,52,2,36,6
Female,71,65+,Specialist Consultation,Monday,Afternoon,4,2,0,Yes,SMS,1.7,0,1,3,9,2,1,13,3
Male,77,65+,General Consultation,Monday,Morning,2,3,0,Yes,WhatsApp,13.7,0,7,5,200,29,7,202,30
Male,36,35-44,Follow-up,Sunday,Morning,57,2,2,Yes,SMS,16.9,1,4,5,108,16,6,165,24
Female,69,65+,Specialist Consultation,Friday,Afternoon,6,3,1,Yes,WhatsApp,1.4,0,7,5,200,29,7,206,30
Female,19,18-24,Diagnostic Test,Wednesday,Afternoon,39,7,2,Yes,Email,2.5,0,3,5,81,12,4,120,18
Male,62,55-64,General Consultation,Monday,Morning,22,3,0,Yes,SMS,2.8,0,1,6,11,2,2,33,6
Female,69,65+,General Consultation,Thursday,Afternoon,32,2,0,No,No Reminder,12.9,0,8,6,222,32,9,254,37
Male,65,65+,General Consultation,Sunday,Afternoon,39,5,0,Yes,WhatsApp,5.9,1,9,2,246,36,10,285,41
Prefer not to say,67,65+,General Consultation,Thursday,Evening,50,2,0,No,No Reminder,20.0,0,12,2,351,51,2,36,6
Male,18,18-24,Diagnostic Test,Sunday,Evening,25,4,0,Yes,WhatsApp,20.5,1,1,2,29,5,2,54,8
Female,57,55-64,Follow-up,Monday,Morning,27,2,0,No,No Reminder,4.1,0,5,1,125,19,6,152,23
Female,35,35-44,Specialist Consultation,Saturday,Afternoon,48,0,0,Yes,WhatsApp,15.5,0,2,6,53,8,4,101,15
Male,66,65+,General Consultation,Monday,Evening,14,5,1,Yes,SMS,43.0,0,4,0,118,18,5,132,20
Female,37,35-44,Specialist Consultation,Thursday,Morning,52,4,0,Yes,Email,9.1,0,10,0,286,42,12,338,49
Female,79,65+,General Consultation,Thursday,Morning,37,4,0,No,No Reminder,17.3,0,8,1,224,33,9,261,38
Female,55,55-64,General Consultation,Wednesday,Evening,47,4,1,Yes,SMS,10.5,0,4,4,94,14,5,141,21
Male,68,65+,General Consultation,Friday,Afternoon,10,3,0,No,No Reminder,7.9,0,2,1,42,7,2,52,8
Male,22,18-24,General Consultation,Thursday,Afternoon,46,5,2,Yes,SMS,22.7,0,11,6,306,44,12,352,51
Female,18,18-24,Specialist Consultation,Wednesday,Afternoon,17,1,0,Yes,SMS,5.0,0,6,6,158,23,6,175,26
Prefer not to say,53,45-54,Specialist Consultation,Friday,Afternoon,46,2,1,No,No Reminder,5.1,0,9,0,251,37,10,297,43
Female,21,18-24,Specialist Consultation,Monday,Morning,32,3,0,Yes,WhatsApp,14.5,0,2,3,51,8,3,83,13
Male,76,65+,Follow-up,Thursday,Afternoon,60,5,1,No,No Reminder,5.2,0,7,6,187,27,9,247,36
Male,26,25-34,Follow-up,Tuesday,Afternoon,32,2,1,Yes,SMS,38.4,0,1,4,17,3,2,49,8
Female,22,18-24,General Consultation,Friday,Afternoon,52,4,0,Yes,SMS,7.6,0,11,1,315,46,1,2,1
Female,34,25-34,Follow-up,Sunday,Morning,51,5,1,Yes,SMS,10.9,1,11,4,318,46,1,4,1
Male,66,65+,General Consultation,Tuesday,Evening,12,2,0,Yes,Email,17.4,0,4,3,92,14,4,104,16
Male,75,65+,Follow-up,Saturday,Evening,60,2,0,Yes,SMS,9.4,0,5,1,126,19,7,186,27
Female,66,65+,General Consultation,Friday,Afternoon,0,4,0,Yes,SMS,4.8,0,8,4,227,33,8,227,33
Female,27,25-34,General Consultation,Monday,Afternoon,0,3,1,Yes,SMS,4.0,0,2,0,47,8,2,47,8
Male,70,65+,General Consultation,Monday,Morning,21,2,0,Yes,SMS,15.1,0,1,0,26,5,2,47,8
Male,72,65+,General Consultation,Tuesday,Afternoon,60,4,1,No,No Reminder,7.5,0,1,4,17,3,3,77,12
Female,51,45-54,Follow-up,Tuesday,Morning,1,1,0,Yes,Email,18.3,0,10,0,279,41,10,280,41
Female,42,35-44,General Consultation,Wednesday,Morning,30,2,0,Yes,SMS,4.4,0,6,0,153,23,7,183,27
Male,74,65+,General Consultation,Tuesday,Afternoon,13,1,0,No,No Reminder,12.0,0,1,2,1,1,1,14,3
Female,72,65+,Diagnostic Test,Tuesday,Afternoon,52,5,1,Yes,SMS,15.3,0,2,5,45,7,4,97,15
Female,43,35-44,Follow-up,Monday,Afternoon,27,2,1,No,No Reminder,2.8,0,5,1,147,22,6,174,26
Female,64,55-64,Follow-up,Monday,Morning,1,5,2,Yes,Email,18.7,0,4,6,95,14,4,96,15
Male,23,18-24,Follow-up,Monday,Morning,41,1,0,Yes,SMS,2.8,0,12,1,345,50,1,20,4
Male,74,65+,Follow-up,Monday,Afternoon,27,1,0,Yes,SMS,2.3,0,8,1,217,32,9,244,36
Female,50,45-54,Diagnostic Test,Saturday,Morning,47,2,1,Yes,SMS,8.6,0,1,0,26,5,3,73,11
Female,55,55-64,General Consultation,Friday,Afternoon,37,4,1,Yes,SMS,5.4,0,4,2,119,18,6,156,23
Male,18,18-24,Specialist Consultation,Monday,Afternoon,0,4,0,Yes,WhatsApp,7.4,0,4,0,104,16,4,104,16
Male,74,65+,General Consultation,Wednesday,Morning,7,4,1,Yes,WhatsApp,30.2,0,2,2,57,9,3,64,10
Male,65,65+,General Consultation,Saturday,Morning,27,2,0,Yes,SMS,4.6,0,6,6,166,24,7,193,28
Male,46,45-54,Diagnostic Test,Wednesday,Morning,24,1,0,Yes,Email,2.0,0,4,6,95,14,4,119,18
Male,70,65+,Follow-up,Monday,Morning,48,8,4,Yes,WhatsApp,8.4,0,11,1,329,48,1,12,3
Male,25,25-34,General Consultation,Wednesday,Morning,52,1,0,Yes,SMS,12.6,0,4,6,103,15,6,155,23
Male,33,25-34,Diagnostic Test,Wednesday,Afternoon,23,8,1,Yes,SMS,2.7,0,5,0,125,19,5,148,22
Male,18,18-24,Follow-up,Tuesday,Afternoon,46,4,0,No,No Reminder,9.3,0,2,4,38,6,3,84,13
Female,54,45-54,General Consultation,Sunday,Afternoon,7,4,0,No,No Reminder,11.3,1,4,6,96,14,4,103,15
Male,51,45-54,Follow-up,Sunday,Afternoon,19,3,0,Yes,SMS,9.7,1,12,1,357,52,1,11,2
Male,51,45-54,General Consultation,Friday,Afternoon,45,3,1,Yes,SMS,11.6,0,1,1,28,5,3,73,11
Male,22,18-24,General Consultation,Sunday,Morning,35,3,0,Yes,SMS,10.5,1,12,6,357,51,1,26,4
Female,75,65+,Specialist Consultation,Friday,Afternoon,47,3,0,Yes,WhatsApp,9.8,0,9,6,250,36,10,297,43
Prefer not to say,79,65+,General Consultation,Friday,Morning,31,5,1,Yes,Email,6.0,0,5,1,126,19,6,157,23
Male,55,55-64,Diagnostic Test,Saturday,Afternoon,52,2,0,Yes,WhatsApp,5.7,0,7,2,197,29,9,249,36
Male,18,18-24,Specialist Consultation,Tuesday,Afternoon,53,1,1,Yes,SMS,23.5,0,1,4,24,4,3,77,12
Female,42,35-44,General Consultation,Friday,Morning,59,4,0,Yes,WhatsApp,4.3,0,2,1,56,9,4,115,17
Male,63,55-64,Specialist Consultation,Friday,Morning,7,5,0,Yes,WhatsApp,23.8,0,8,4,234,34,8,241,35
Male,65,65+,Specialist Consultation,Monday,Morning,36,2,0,Yes,WhatsApp,5.2,0,12,6,341,49,1,12,3
Male,33,25-34,Follow-up,Friday,Morning,6,4,0,Yes,WhatsApp,20.2,0,8,5,221,32,8,227,33
Female,78,65+,General Consultation,Sunday,Morning,18,4,2,Yes,Email,12.9,1,9,2,267,39,10,285,41
Female,42,35-44,Specialist Consultation,Monday,Evening,26,4,2,Yes,SMS,5.8,0,5,2,127,19,6,153,23
Female,51,45-54,General Consultation,Thursday,Morning,52,3,1,Yes,WhatsApp,10.3,0,6,0,181,27,8,233,34
Female,50,45-54,Follow-up,Saturday,Morning,37,3,2,No,No Reminder,8.4,0,12,3,338,49,1,10,2
Female,20,18-24,Specialist Consultation,Tuesday,Morning,59,4,0,No,No Reminder,8.8,0,4,5,109,16,6,168,25
Female,52,45-54,Specialist Consultation,Thursday,Morning,14,1,0,No,No Reminder,11.6,0,7,3,191,28,7,205,30
Female,80,65+,General Consultation,Monday,Afternoon,5,1,0,No,No Reminder,22.5,0,12,2,351,51,12,356,52
Female,49,45-54,Follow-up,Thursday,Morning,33,3,1,Yes,WhatsApp,9.3,0,1,5,17,3,2,50,8
Female,79,65+,Specialist Consultation,Saturday,Evening,25,3,2,Yes,SMS,16.5,0,2,1,35,6,3,60,9
Female,68,65+,General Consultation,Thursday,Evening,58,4,1,Yes,WhatsApp,5.8,0,6,1,168,25,8,226,33
Male,48,45-54,General Consultation,Friday,Afternoon,51,5,0,Yes,SMS,14.2,0,3,2,85,13,5,136,20
Male,24,18-24,Follow-up,Sunday,Afternoon,44,4,1,Yes,SMS,3.2,1,7,4,206,30,9,250,36
Female,31,25-34,General Consultation,Thursday,Morning,1,3,0,Yes,SMS,6.6,0,6,2,176,26,6,177,26
Male,50,45-54,Specialist Consultation,Monday,Afternoon,34,2,0,Yes,SMS,4.5,0,7,1,182,27,8,216,32
Male,35,35-44,Follow-up,Sunday,Afternoon,2,0,0,Yes,WhatsApp,7.0,1,2,4,51,8,2,53,8
Female,55,55-64,General Consultation,Thursday,Evening,44,3,0,No,No Reminder,3.3,0,2,1,34,6,3,78,12
Female,23,18-24,Specialist Consultation,Saturday,Afternoon,58,1,0,Yes,Email,2.8,0,11,3,312,45,1,4,1
Male,33,25-34,Follow-up,Saturday,Morning,41,1,1,Yes,SMS,4.3,0,6,6,166,24,7,207,30
Female,59,55-64,General Consultation,Wednesday,Morning,51,5,0,Yes,SMS,1.7,0,2,0,47,8,4,98,15
Female,56,55-64,Diagnostic Test,Friday,Afternoon,14,2,1,Yes,SMS,17.9,0,10,4,276,40,10,290,42
Male,79,65+,Specialist Consultation,Wednesday,Morning,60,7,0,No,No Reminder,8.7,0,2,5,53,8,4,113,17
Female,69,65+,Specialist Consultation,Friday,Afternoon,41,0,0,Yes,SMS,7.2,0,2,5,39,6,3,80,12
Male,18,18-24,Follow-up,Sunday,Morning,47,4,2,Yes,Email,3.7,1,11,1,331,48,1,12,2
Female,55,55-64,Follow-up,Friday,Morning,39,1,0,No,No Reminder,11.6,0,11,0,307,45,12,346,50
Female,32,25-34,General Consultation,Thursday,Afternoon,19,1,0,Yes,SMS,10.6,0,9,5,263,38,10,282,41
Male,34,25-34,General Consultation,Wednesday,Evening,37,2,1,No,No Reminder,3.9,0,1,0,12,3,2,49,8
Male,31,25-34,Follow-up,Tuesday,Afternoon,39,3,0,Yes,SMS,14.4,0,5,4,150,22,7,189,28
Male,25,25-34,Specialist Consultation,Tuesday,Afternoon,29,2,1,Yes,Email,9.2,0,7,0,202,30,8,231,34
Male,51,45-54,Follow-up,Saturday,Evening,30,3,0,Yes,WhatsApp,15.9,0,1,3,8,2,2,38,6
Male,49,45-54,Specialist Consultation,Sunday,Afternoon,6,1,0,Yes,SMS,7.6,1,2,0,48,8,2,54,8
Female,57,55-64,Diagnostic Test,Wednesday,Afternoon,5,5,1,Yes,SMS,4.8,0,2,4,58,9,3,63,10
Male,29,25-34,General Consultation,Wednesday,Afternoon,1,1,0,Yes,WhatsApp,2.4,0,3,1,90,14,4,91,14
Female,24,18-24,Diagnostic Test,Saturday,Morning,40,2,0,Yes,Email,6.7,0,4,0,110,17,5,150,22
Female,64,55-64,General Consultation,Monday,Morning,52,3,1,No,No Reminder,16.5,0,11,4,327,47,1,13,3
Male,73,65+,General Consultation,Tuesday,Morning,8,3,0,No,No Reminder,3.2,0,11,0,321,47,11,329,48
Female,76,65+,Follow-up,Sunday,Morning,22,5,0,Yes,SMS,16.0,1,1,5,31,5,2,53,8
Female,25,25-34,Follow-up,Saturday,Afternoon,56,4,0,No,No Reminder,10.1,0,3,5,73,11,5,129,19
Male,59,55-64,Specialist Consultation,Thursday,Afternoon,2,5,1,Yes,SMS,14.5,0,6,1,154,23,6,156,23
Prefer not to say,19,18-24,General Consultation,Wednesday,Morning,11,1,0,Yes,SMS,8.4,0,2,5,45,7,2,56,9
Female,43,35-44,Specialist Consultation,Wednesday,Evening,25,4,1,Yes,SMS,5.8,0,9,5,249,36,10,274,40
Female,32,25-34,General Consultation,Saturday,Evening,30,4,0,No,No Reminder,35.8,0,4,3,113,17,5,143,21
Male,78,65+,General Consultation,Saturday,Afternoon,21,2,1,Yes,SMS,20.8,0,5,5,150,22,6,171,25
Female,78,65+,General Consultation,Friday,Afternoon,16,1,1,No,No Reminder,6.9,0,1,2,8,2,1,24,4
Female,27,25-34,Diagnostic Test,Sunday,Morning,43,5,3,Yes,SMS,6.1,1,6,5,158,23,7,201,29
Male,42,35-44,Follow-up,Sunday,Morning,59,3,0,No,No Reminder,5.0,1,7,3,184,27,8,243,35
Female,38,35-44,General Consultation,Tuesday,Afternoon,12,3,0,Yes,SMS,5.9,0,5,3,148,22,6,160,24
Male,44,35-44,General Consultation,Monday,Morning,7,5,0,Yes,WhatsApp,7.1,0,10,0,286,42,10,293,43
Female,50,45-54,Follow-up,Saturday,Morning,44,3,0,No,No Reminder,3.9,0,2,3,37,6,3,81,12
Male,48,45-54,Specialist Consultation,Tuesday,Afternoon,28,2,1,Yes,SMS,2.1,0,2,1,41,7,3,69,11
Male,36,35-44,General Consultation,Thursday,Afternoon,17,0,0,No,No Reminder,15.2,0,6,0,167,25,7,184,27
Female,79,65+,Specialist Consultation,Thursday,Morning,13,3,1,No,No Reminder,9.8,0,2,4,38,6,2,51,8
Male,38,35-44,General Consultation,Monday,Morning,29,6,1,Yes,Email,0.9,0,3,6,75,11,4,104,16
Female,51,45-54,General Consultation,Wednesday,Afternoon,14,4,2,Yes,SMS,9.0,0,1,2,29,5,2,43,7
Male,45,45-54,General Consultation,Monday,Morning,41,3,1,Yes,SMS,8.7,0,2,1,55,9,4,96,15
Female,20,18-24,General Consultation,Tuesday,Morning,21,4,1,Yes,SMS,10.4,0,9,1,259,38,10,280,41
Female,25,25-34,General Consultation,Thursday,Afternoon,15,2,0,No,No Reminder,4.4,0,6,2,162,24,6,177,26
Female,22,18-24,General Consultation,Thursday,Morning,9,2,0,No,No Reminder,17.6,0,12,1,359,52,1,2,1
Female,42,35-44,Follow-up,Friday,Morning,45,2,0,No,No Reminder,3.2,0,8,1,217,32,9,262,38
Male,37,35-44,General Consultation,Monday,Morning,52,3,0,Yes,SMS,10.5,0,1,4,31,5,3,83,13
Female,74,65+,Specialist Consultation,Sunday,Morning,31,2,0,Yes,SMS,12.5,1,5,3,128,19,6,159,23
Female,26,25-34,General Consultation,Wednesday,Afternoon,44,3,0,Yes,SMS,8.5,0,8,0,216,32,9,260,38
Male,37,35-44,General Consultation,Thursday,Afternoon,22,3,1,No,No Reminder,6.2,0,4,2,92,14,4,114,17
Female,43,35-44,General Consultation,Wednesday,Afternoon,42,4,1,Yes,WhatsApp,12.6,0,12,2,353,51,1,29,5
Male,45,45-54,Specialist Consultation,Sunday,Afternoon,39,7,2,No,No Reminder,9.4,1,12,2,358,52,2,32,5
Female,28,25-34,General Consultation,Monday,Afternoon,60,2,0,Yes,SMS,12.7,0,4,3,92,14,6,152,23
Female,72,65+,Follow-up,Tuesday,Afternoon,60,2,1,Yes,WhatsApp,14.2,0,4,4,114,17,6,174,26
Male,18,18-24,Follow-up,Monday,Afternoon,14,2,1,Yes,SMS,13.8,0,5,0,132,20,5,146,22
Male,22,18-24,Specialist Consultation,Saturday,Morning,0,4,1,Yes,WhatsApp,10.3,0,3,5,66,10,3,66,10
Female,27,25-34,General Consultation,Sunday,Morning,53,3,0,Yes,SMS,8.0,1,12,2,339,49,1,26,4
Male,21,18-24,Diagnostic Test,Wednesday,Afternoon,49,3,1,No,No Reminder,12.1,0,1,2,1,1,2,50,8
Male,42,35-44,General Consultation,Monday,Morning,6,2,1,Yes,SMS,3.6,0,10,1,294,43,10,300,44
Female,41,35-44,Follow-up,Wednesday,Morning,9,2,0,Yes,WhatsApp,9.7,0,8,0,223,33,8,232,34
Female,69,65+,Follow-up,Saturday,Morning,40,1,0,Yes,Email,21.9,0,4,0,103,16,5,143,21
Male,73,65+,General Consultation,Tuesday,Morning,59,1,0,Yes,Email,7.4,0,12,5,340,49,2,34,6
Male,63,55-64,General Consultation,Thursday,Morning,46,4,2,Yes,SMS,2.8,0,8,6,229,33,10,275,40
Male,44,35-44,Specialist Consultation,Thursday,Afternoon,33,5,1,Yes,WhatsApp,10.9,0,4,5,109,16,5,142,21
Male,18,18-24,Diagnostic Test,Sunday,Morning,56,1,0,No,No Reminder,2.2,1,3,6,60,9,4,116,17
Male,62,55-64,Diagnostic Test,Friday,Morning,35,7,1,Yes,WhatsApp,11.0,0,8,4,241,35,10,276,40
Male,23,18-24,Specialist Consultation,Sunday,Morning,30,4,0,Yes,Email,11.6,1,1,4,2,1,2,32,5
Female,31,25-34,Follow-up,Tuesday,Afternoon,53,3,0,Yes,Email,6.7,0,7,4,192,28,9,245,36
Female,56,55-64,Follow-up,Wednesday,Afternoon,50,2,0,Yes,WhatsApp,2.2,0,1,1,21,4,3,71,11
Male,43,35-44,Follow-up,Thursday,Afternoon,42,3,1,Yes,SMS,10.7,0,7,3,184,27,8,226,33
Female,33,25-34,General Consultation,Friday,Afternoon,26,1,0,Yes,Email,13.6,0,3,6,81,12,4,107,16
Male,42,35-44,Follow-up,Sunday,Morning,51,6,1,Yes,SMS,1.8,1,5,4,129,19,6,180,26
Female,47,45-54,Follow-up,Friday,Afternoon,11,2,0,No,No Reminder,11.4,0,10,0,279,41,10,290,42
Male,32,25-34,Follow-up,Thursday,Afternoon,50,7,0,Yes,SMS,9.3,0,4,2,119,18,6,169,25
Female,80,65+,Follow-up,Saturday,Afternoon,4,5,0,No,No Reminder,1.6,0,4,1,98,15,4,102,15
Female,43,35-44,General Consultation,Wednesday,Morning,50,3,0,Yes,WhatsApp,7.9,0,12,1,336,49,1,21,4
Female,25,25-34,Follow-up,Saturday,Morning,29,2,0,Yes,SMS,4.7,0,5,4,136,20,6,165,24
Male,78,65+,Diagnostic Test,Friday,Morning,4,2,0,Yes,SMS,5.0,0,1,0,13,3,1,17,3
Female,65,65+,Specialist Consultation,Saturday,Morning,41,1,1,No,No Reminder,6.7,0,6,6,180,26,8,221,32
Male,68,65+,General Consultation,Saturday,Evening,41,3,0,Yes,WhatsApp,6.4,0,6,6,173,25,8,214,31
Male,70,65+,General Consultation,Sunday,Afternoon,48,0,0,No,No Reminder,14.5,1,3,0,62,10,4,110,16
Female,42,35-44,Specialist Consultation,Monday,Afternoon,57,2,1,Yes,WhatsApp,6.4,0,11,6,334,48,1,26,5
Male,73,65+,Specialist Consultation,Wednesday,Afternoon,45,8,3,Yes,SMS,1.1,0,7,6,208,30,9,253,37
Male,31,25-34,Diagnostic Test,Thursday,Afternoon,59,4,0,No,No Reminder,5.0,0,2,0,41,7,4,100,15
Female,64,55-64,Follow-up,Wednesday,Evening,33,5,0,Yes,SMS,8.2,0,6,4,171,25,7,204,30
Female,65,65+,Follow-up,Saturday,Evening,46,3,1,Yes,WhatsApp,7.2,0,4,1,98,15,5,144,21
Female,28,25-34,Follow-up,Saturday,Morning,4,5,1,Yes,SMS,5.6,0,9,1,273,40,10,277,40
Female,31,25-34,General Consultation,Thursday,Afternoon,25,4,0,Yes,SMS,10.1,0,7,6,194,28,8,219,32
Male,35,35-44,General Consultation,Thursday,Evening,55,2,0,Yes,SMS,5.6,0,5,4,136,20,7,191,28
Male,25,25-34,General Consultation,Sunday,Afternoon,4,2,0,Yes,SMS,27.2,1,6,2,162,24,6,166,24
Female,79,65+,Follow-up,Tuesday,Evening,11,7,0,Yes,SMS,2.2,0,8,4,241,35,9,252,37
Female,38,35-44,General Consultation,Friday,Morning,53,3,1,Yes,WhatsApp,16.4,0,7,0,202,30,9,255,37
Female,42,35-44,General Consultation,Tuesday,Morning,51,4,0,Yes,SMS,5.8,0,11,6,306,44,12,357,52
Female,62,55-64,Specialist Consultation,Tuesday,Morning,53,2,0,Yes,SMS,12.7,0,1,4,3,1,2,56,9
Male,54,45-54,Diagnostic Test,Saturday,Afternoon,30,2,0,Yes,SMS,10.8,0,3,3,71,11,4,101,15
Female,51,45-54,Specialist Consultation,Friday,Morning,59,4,0,No,No Reminder,5.5,0,12,1,338,49,1,31,5
Male,70,65+,Specialist Consultation,Sunday,Afternoon,44,2,1,Yes,SMS,5.2,1,9,4,269,39,11,313,45
Male,49,45-54,General Consultation,Monday,Evening,2,7,2,No,No Reminder,14.1,0,5,5,144,21,5,146,22
Male,66,65+,General Consultation,Sunday,Morning,12,5,0,Yes,SMS,9.1,1,4,1,105,16,4,117,17
Female,60,55-64,Follow-up,Thursday,Afternoon,12,4,0,Yes,Email,7.9,0,4,5,115,17,5,127,19
Female,20,18-24,General Consultation,Saturday,Morning,8,1,0,Yes,WhatsApp,3.7,0,8,4,227,33,8,235,34
Male,56,55-64,General Consultation,Monday,Afternoon,53,4,2,Yes,WhatsApp,11.8,0,12,3,352,51,2,40,7
Female,35,35-44,General Consultation,Wednesday,Afternoon,13,3,1,Yes,WhatsApp,7.9,0,10,3,296,43,11,309,45
Male,39,35-44,Specialist Consultation,Sunday,Morning,11,4,0,No,No Reminder,4.2,1,9,2,260,38,9,271,39
Female,22,18-24,Specialist Consultation,Thursday,Morning,55,4,1,Yes,SMS,2.6,0,9,4,248,36,10,303,44
Female,32,25-34,Follow-up,Sunday,Morning,20,6,1,No,No Reminder,13.0,1,2,0,48,8,3,68,10
Male,67,65+,Specialist Consultation,Friday,Afternoon,0,2,0,No,No Reminder,3.5,0,6,4,156,23,6,156,23
Female,18,18-24,Specialist Consultation,Sunday,Evening,24,1,0,Yes,SMS,10.6,1,4,3,107,16,5,131,19
Male,68,65+,General Consultation,Monday,Morning,20,4,0,Yes,Email,13.5,0,6,1,168,25,7,188,28
Male,34,25-34,Follow-up,Thursday,Afternoon,56,2,1,Yes,SMS,17.6,0,1,3,16,3,3,72,11
Female,54,45-54,Follow-up,Tuesday,Morning,60,3,0,No,No Reminder,11.8,0,1,4,16,3,3,76,12
Male,71,65+,Follow-up,Sunday,Morning,22,3,0,No,No Reminder,9.4,1,4,5,108,16,5,130,19
Male,21,18-24,General Consultation,Wednesday,Afternoon,39,4,2,Yes,SMS,9.3,0,4,5,108,16,5,147,22
Female,68,65+,Follow-up,Sunday,Afternoon,22,4,1,Yes,SMS,11.9,1,4,5,102,15,5,124,18
Male,35,35-44,Follow-up,Friday,Afternoon,42,4,0,Yes,Email,2.9,0,10,4,290,42,11,332,48
Male,40,35-44,Follow-up,Monday,Morning,45,1,0,Yes,WhatsApp,19.3,0,2,4,38,6,3,83,13
Male,20,18-24,General Consultation,Friday,Afternoon,19,5,0,Yes,SMS,11.1,0,1,6,4,1,1,23,4
Male,78,65+,General Consultation,Saturday,Afternoon,57,2,0,Yes,WhatsApp,1.8,0,6,4,171,25,8,228,33
Female,58,55-64,General Consultation,Sunday,Afternoon,52,4,0,Yes,Email,12.5,1,12,3,338,49,1,25,4
Male,79,65+,Specialist Consultation,Saturday,Morning,54,2,1,No,No Reminder,1.9,0,11,0,321,47,1,10,2
Female,39,35-44,Specialist Consultation,Sunday,Morning,6,1,0,No,No Reminder,3.5,1,6,0,181,27,7,187,27
Female,45,45-54,Follow-up,Wednesday,Afternoon,6,4,0,Yes,WhatsApp,2.2,0,10,3,282,41,10,288,42
Male,76,65+,General Consultation,Monday,Morning,9,2,0,Yes,SMS,2.0,0,2,5,53,8,3,62,10
Female,78,65+,Follow-up,Saturday,Afternoon,52,2,1,Yes,WhatsApp,7.1,0,8,2,232,34,10,284,41
Male,54,45-54,General Consultation,Sunday,Morning,18,5,1,No,No Reminder,7.6,1,10,2,274,40,10,292,42
Female,62,55-64,General Consultation,Tuesday,Afternoon,4,5,0,Yes,SMS,14.4,0,2,4,58,9,3,62,10
Female,60,55-64,General Consultation,Tuesday,Morning,41,1,0,No,No Reminder,18.1,0,2,2,57,9,4,98,15
Male,21,18-24,Follow-up,Wednesday,Evening,44,2,1,Yes,SMS,16.6,0,7,0,202,30,9,246,36
Male,51,45-54,Follow-up,Monday,Morning,28,1,1,Yes,WhatsApp,9.6,0,11,0,307,45,12,335,49
Male,66,65+,Specialist Consultation,Wednesday,Evening,49,2,0,No,No Reminder,4.7,0,5,2,141,21,7,190,28
Male,55,55-64,Specialist Consultation,Monday,Morning,33,4,2,Yes,Email,0.5,0,1,2,8,2,2,41,7
Male,54,45-54,Diagnostic Test,Thursday,Afternoon,35,1,0,Yes,Email,2.7,0,10,3,296,43,11,331,48
Female,42,35-44,General Consultation,Sunday,Afternoon,8,3,0,No,No Reminder,9.3,1,5,5,137,20,5,145,21
Male,61,55-64,Diagnostic Test,Wednesday,Evening,33,5,2,Yes,WhatsApp,17.7,0,12,4,355,51,1,22,4
Female,73,65+,Specialist Consultation,Sunday,Afternoon,33,5,3,No,No Reminder,7.2,1,4,1,118,18,5,151,22
Female,36,35-44,General Consultation,Thursday,Afternoon,39,1,0,Yes,SMS,8.2,0,1,6,11,2,2,50,8
Male,59,55-64,Specialist Consultation,Monday,Afternoon,31,1,0,No,No Reminder,6.3,0,4,4,101,15,5,132,20
Female,66,65+,Follow-up,Thursday,Afternoon,17,0,0,Yes,WhatsApp,11.8,0,6,0,167,25,7,184,27
Male,43,35-44,Follow-up,Friday,Afternoon,13,4,1,No,No Reminder,7.4,0,5,5,137,20,5,150,22
Male,18,18-24,General Consultation,Saturday,Afternoon,57,3,0,No,No Reminder,15.7,0,11,4,327,47,1,18,3
Female,36,35-44,General Consultation,Saturday,Morning,45,5,1,Yes,SMS,12.9,0,5,2,148,22,7,193,28
Male,78,65+,Diagnostic Test,Monday,Afternoon,38,6,1,No,No Reminder,3.4,0,4,4,115,17,6,153,23
Male,54,45-54,General Consultation,Friday,Morning,56,5,1,Yes,Email,5.2,0,4,4,94,14,5,150,22
Male,72,65+,General Consultation,Wednesday,Evening,54,2,1,Yes,WhatsApp,20.7,0,2,4,52,8,4,106,16
Male,31,25-34,General Consultation,Thursday,Afternoon,30,1,0,No,No Reminder,14.9,0,4,1,104,16,5,134,20
Male,36,35-44,Specialist Consultation,Saturday,Afternoon,6,0,0,Yes,SMS,9.6,0,7,6,201,29,7,207,30
Male,79,65+,Specialist Consultation,Sunday,Morning,38,4,0,No,No Reminder,6.5,1,7,3,191,28,8,229,33
Female,80,65+,General Consultation,Wednesday,Afternoon,37,3,0,Yes,SMS,14.5,0,6,0,174,26,7,211,31
Male,73,65+,Follow-up,Saturday,Morning,16,6,0,Yes,SMS,5.8,0,6,3,155,23,6,171,25
Male,68,65+,Follow-up,Sunday,Afternoon,53,6,2,Yes,WhatsApp,7.9,1,5,2,134,20,7,187,27
Male,46,45-54,Follow-up,Sunday,Afternoon,20,3,1,No,No Reminder,9.7,1,6,0,160,24,6,180,26
Male,71,65+,Diagnostic Test,Saturday,Morning,29,7,2,Yes,WhatsApp,7.0,0,5,4,150,22,6,179,26
Female,71,65+,General Consultation,Tuesday,Afternoon,11,0,0,Yes,SMS,13.4,0,2,4,38,6,2,49,8
Female,45,45-54,General Consultation,Wednesday,Afternoon,10,2,0,Yes,WhatsApp,1.3,0,11,6,320,46,11,330,48
Male,37,35-44,Follow-up,Tuesday,Afternoon,16,3,1,Yes,SMS,3.2,0,12,6,364,52,1,14,3
Male,46,45-54,Follow-up,Monday,Afternoon,16,7,0,No,No Reminder,9.1,0,4,5,95,14,4,111,17
Female,45,45-54,General Consultation,Monday,Morning,9,2,1,No,No Reminder,18.8,0,5,5,151,22,6,160,24
Female,59,55-64,General Consultation,Wednesday,Morning,27,2,0,Yes,SMS,15.4,0,1,3,22,4,2,49,8
Male,77,65+,Diagnostic Test,Monday,Evening,38,2,1,Yes,WhatsApp,2.5,0,10,4,290,42,11,328,48
Female,44,35-44,Specialist Consultation,Friday,Afternoon,16,2,1,Yes,SMS,2.0,0,5,2,126,19,5,142,21
Prefer not to say,19,18-24,General Consultation,Saturday,Morning,42,3,0,Yes,SMS,11.4,0,12,5,349,50,1,25,4
Male,37,35-44,General Consultation,Friday,Morning,39,1,0,Yes,Email,10.0,0,8,0,237,35,10,276,40
Female,60,55-64,Follow-up,Saturday,Evening,3,2,1,Yes,WhatsApp,9.2,0,10,2,288,42,10,291,42
Female,53,45-54,General Consultation,Monday,Evening,52,5,1,Yes,SMS,4.7,0,4,4,93,14,5,145,22
Female,48,45-54,General Consultation,Sunday,Afternoon,4,4,0,Yes,SMS,3.4,1,1,2,15,3,1,19,3
Female,32,25-34,General Consultation,Friday,Evening,42,0,0,Yes,WhatsApp,7.3,0,1,4,16,3,2,58,9
Female,34,25-34,General Consultation,Friday,Afternoon,10,3,0,No,No Reminder,4.3,0,1,1,28,5,2,38,6
Female,62,55-64,General Consultation,Sunday,Morning,10,4,0,Yes,Email,18.5,1,2,3,43,7,2,53,8
Male,55,55-64,General Consultation,Friday,Afternoon,33,4,0,Yes,Email,21.6,0,8,6,229,33,9,262,38
Female,44,35-44,Follow-up,Monday,Afternoon,12,1,0,Yes,SMS,8.5,0,4,2,112,17,5,124,19
Male,39,35-44,Follow-up,Thursday,Morning,7,2,1,No,No Reminder,5.0,0,3,3,86,13,4,93,14
Male,62,55-64,Follow-up,Tuesday,Morning,0,2,1,Yes,Email,6.7,0,8,1,238,35,8,238,35
Male,33,25-34,Follow-up,Saturday,Afternoon,0,8,1,Yes,SMS,13.8,0,3,5,67,10,3,67,10
Female,23,18-24,General Consultation,Tuesday,Morning,2,1,0,No,No Reminder,3.1,0,3,6,74,11,3,76,12
Male,67,65+,Specialist Consultation,Sunday,Afternoon,21,2,1,Yes,SMS,20.7,1,2,6,32,5,2,53,8
Male,71,65+,General Consultation,Wednesday,Morning,16,4,0,Yes,SMS,15.1,0,6,0,153,23,6,169,25
Male,27,25-34,Follow-up,Saturday,Morning,42,3,1,No,No Reminder,8.5,0,8,5,228,33,9,270,39
Female,40,35-44,Follow-up,Friday,Afternoon,11,6,1,Yes,SMS,7.3,0,5,0,131,20,5,142,21
Female,66,65+,Specialist Consultation,Saturday,Afternoon,13,3,1,Yes,SMS,2.2,0,6,6,165,24,6,178,26
Male,40,35-44,Follow-up,Monday,Afternoon,45,3,1,No,No Reminder,6.8,0,7,4,199,29,9,244,36
Male,63,55-64,General Consultation,Wednesday,Morning,18,5,1,No,No Reminder,17.1,0,2,5,38,6,2,56,9
Female,55,55-64,General Consultation,Thursday,Afternoon,28,4,1,Yes,Email,18.0,0,1,3,23,4,2,51,8
Male,31,25-34,Specialist Consultation,Sunday,Afternoon,12,7,3,Yes,WhatsApp,14.4,1,5,1,140,21,6,152,22
Male,53,45-54,General Consultation,Thursday,Morning,51,4,1,Yes,WhatsApp,7.2,0,11,1,308,45,12,359,52
Male,23,18-24,Specialist Consultation,Friday,Morning,33,4,2,Yes,SMS,3.5,0,2,6,40,6,3,73,11
Female,64,55-64,Specialist Consultation,Sunday,Afternoon,48,2,0,No,No Reminder,14.9,1,12,0,337,49,1,19,3
Female,19,18-24,Follow-up,Thursday,Morning,27,5,0,No,No Reminder,8.1,0,12,4,339,49,1,1,1
Male,80,65+,Follow-up,Wednesday,Evening,7,1,0,No,No Reminder,16.4,0,2,2,49,8,2,56,9
Female,70,65+,Follow-up,Sunday,Afternoon,41,2,1,Yes,WhatsApp,10.3,1,12,0,363,1,2,39,6
Female,54,45-54,Follow-up,Friday,Morning,7,2,0,Yes,SMS,11.6,0,3,4,65,10,3,72,11
Male,75,65+,General Consultation,Sunday,Afternoon,40,4,1,Yes,SMS,14.2,1,2,1,34,6,3,74,11
Female,64,55-64,Follow-up,Monday,Evening,53,3,1,Yes,WhatsApp,8.1,0,2,3,50,8,4,103,16
Male,41,35-44,Diagnostic Test,Thursday,Afternoon,24,2,0,Yes,SMS,13.8,0,6,0,167,25,7,191,28
Male,71,65+,Diagnostic Test,Sunday,Afternoon,53,4,2,Yes,WhatsApp,5.0,1,1,2,1,1,2,54,8
Female,72,65+,Follow-up,Sunday,Evening,6,4,0,Yes,SMS,13.2,1,2,0,40,7,2,46,7
Male,78,65+,Specialist Consultation,Saturday,Afternoon,6,3,1,No,No Reminder,14.5,0,5,6,145,21,5,151,22
Female,46,45-54,Follow-up,Friday,Evening,60,4,0,Yes,WhatsApp,30.1,0,4,0,110,17,6,170,25
Male,30,25-34,General Consultation,Friday,Morning,35,4,0,Yes,SMS,12.8,0,7,4,192,28,8,227,33
Prefer not to say,28,25-34,Follow-up,Friday,Afternoon,9,4,0,Yes,SMS,7.0,0,1,2,15,3,1,24,4
Female,80,65+,Specialist Consultation,Friday,Morning,17,4,1,No,No Reminder,6.6,0,12,1,343,50,12,360,52
Female,40,35-44,Specialist Consultation,Wednesday,Afternoon,50,2,0,No,No Reminder,5.7,0,7,1,203,30,9,253,37
Female,46,45-54,Follow-up,Sunday,Evening,55,1,1,Yes,SMS,13.0,1,3,0,90,14,5,145,21
Female,28,25-34,Follow-up,Monday,Morning,24,4,1,Yes,WhatsApp,4.6,0,5,4,142,21,6,166,25
Female,53,45-54,General Consultation,Sunday,Afternoon,27,2,1,No,No Reminder,4.4,1,7,0,188,28,8,215,31
Female,44,35-44,Follow-up,Friday,Afternoon,9,5,2,Yes,Email,4.1,0,4,2,91,14,4,100,15
Female,68,65+,General Consultation,Thursday,Morning,5,2,0,Yes,Email,11.7,0,8,5,228,33,8,233,34
Male,19,18-24,General Consultation,Monday,Afternoon,26,4,1,Yes,SMS,4.5,0,1,2,1,1,1,27,5
Female,76,65+,General Consultation,Sunday,Afternoon,35,2,1,No,No Reminder,4.4,1,3,6,81,12,4,116,17
Female,21,18-24,General Consultation,Saturday,Morning,6,1,0,Yes,WhatsApp,4.5,0,4,6,96,14,4,102,15
Male,39,35-44,Follow-up,Thursday,Morning,39,0,0,Yes,SMS,6.4,0,3,6,67,10,4,106,16
Female,63,55-64,Follow-up,Sunday,Afternoon,49,6,0,Yes,WhatsApp,8.7,1,3,6,74,11,5,123,18
Female,59,55-64,General Consultation,Saturday,Afternoon,57,2,1,Yes,SMS,12.4,0,3,4,79,12,5,136,20
Female,30,25-34,Specialist Consultation,Thursday,Afternoon,20,5,0,Yes,SMS,12.6,0,8,4,213,31,8,233,34
Male,48,45-54,Follow-up,Wednesday,Afternoon,23,1,0,Yes,SMS,14.4,0,1,0,26,5,2,49,8
Male,51,45-54,Diagnostic Test,Saturday,Morning,53,2,1,Yes,Email,13.5,0,5,1,126,19,6,179,26
Male,47,45-54,Follow-up,Monday,Morning,42,6,2,Yes,WhatsApp,7.0,0,12,0,363,1,2,40,7
Male,29,25-34,Diagnostic Test,Wednesday,Morning,41,2,0,Yes,SMS,4.0,0,12,3,354,51,1,29,5
Prefer not to say,49,45-54,Specialist Consultation,Sunday,Morning,9,2,0,No,No Reminder,9.6,1,8,4,220,32,8,229,33
Male,34,25-34,Follow-up,Saturday,Morning,27,6,1,Yes,WhatsApp,4.1,0,8,6,229,33,9,256,37
Male,52,45-54,Follow-up,Wednesday,Afternoon,18,4,0,No,No Reminder,5.9,0,5,5,123,18,5,141,21
Male,28,25-34,Follow-up,Thursday,Afternoon,60,3,0,Yes,SMS,19.2,0,5,6,145,21,7,205,30
Male,64,55-64,Follow-up,Thursday,Morning,2,2,1,No,No Reminder,7.1,0,9,1,273,40,10,275,40
Female,29,25-34,Specialist Consultation,Tuesday,Morning,52,2,1,Yes,Email,5.8,0,12,5,342,49,1,28,5
Female,58,55-64,Follow-up,Monday,Morning,17,9,1,Yes,Email,15.6,0,3,4,66,10,3,83,13
Female,70,65+,General Consultation,Monday,Morning,2,5,1,No,No Reminder,5.4,0,2,5,52,8,2,54,9
Male,26,25-34,General Consultation,Saturday,Afternoon,41,2,0,No,No Reminder,10.3,0,10,6,292,42,11,333,48
Male,18,18-24,General Consultation,Wednesday,Afternoon,8,2,0,No,No Reminder,8.3,0,10,1,301,44,11,309,45
Female,73,65+,General Consultation,Sunday,Afternoon,24,1,0,No,No Reminder,5.6,1,8,3,240,35,9,264,38
Male,79,65+,General Consultation,Thursday,Morning,8,4,1,No,No Reminder,19.8,0,3,2,77,12,3,85,13
Male,79,65+,General Consultation,Thursday,Morning,42,5,0,Yes,WhatsApp,12.6,0,4,3,120,18,6,162,24
Female,76,65+,Follow-up,Wednesday,Afternoon,4,2,0,No,No Reminder,15.5,0,5,5,137,20,5,141,21
Male,38,35-44,Follow-up,Sunday,Afternoon,53,1,0,Yes,Email,22.9,1,4,2,112,17,6,165,24
Male,46,45-54,Diagnostic Test,Sunday,Afternoon,43,2,0,No,No Reminder,26.6,1,11,5,328,47,1,5,1
Male,34,25-34,Diagnostic Test,Thursday,Evening,57,5,1,Yes,SMS,7.7,0,1,2,7,2,3,64,10
Female,70,65+,Specialist Consultation,Monday,Morning,57,5,1,No,No Reminder,5.9,0,8,6,215,31,9,272,40
Male,41,35-44,General Consultation,Tuesday,Morning,20,5,1,Yes,SMS,13.0,0,3,2,71,11,4,91,14
Male,40,35-44,Specialist Consultation,Wednesday,Afternoon,44,1,1,Yes,WhatsApp,3.7,0,2,0,34,6,3,78,12
Female,32,25-34,General Consultation,Thursday,Morning,47,0,0,No,No Reminder,3.6,0,4,5,94,14,5,141,21
Male,43,35-44,Follow-up,Thursday,Afternoon,21,3,1,Yes,Email,5.2,0,3,3,72,11,4,93,14
Female,80,65+,Follow-up,Sunday,Afternoon,1,2,0,Yes,SMS,12.4,1,5,5,123,18,5,124,18
Female,58,55-64,Follow-up,Sunday,Afternoon,17,3,0,Yes,WhatsApp,8.7,1,5,3,149,22,6,166,24
Male,38,35-44,General Consultation,Saturday,Morning,27,3,0,No,No Reminder,3.1,0,10,6,292,42,11,319,46
Female,28,25-34,General Consultation,Saturday,Morning,52,2,1,No,No Reminder,6.9,0,4,2,92,14,5,144,21
Male,53,45-54,General Consultation,Tuesday,Morning,47,1,0,No,No Reminder,14.5,0,2,3,44,7,4,91,14
Male,59,55-64,Follow-up,Saturday,Afternoon,44,2,0,Yes,SMS,6.4,0,4,3,99,15,5,143,21
Male,40,35-44,Follow-up,Friday,Morning,0,2,1,No,No Reminder,3.8,0,5,4,149,22,5,149,22
Male,47,45-54,Follow-up,Saturday,Afternoon,44,4,0,Yes,WhatsApp,4.7,0,5,3,149,22,7,193,28
Male,35,35-44,Diagnostic Test,Tuesday,Morning,14,3,1,Yes,Email,2.3,0,10,1,294,43,11,308,45
Female,52,45-54,General Consultation,Thursday,Morning,44,2,0,Yes,SMS,2.6,0,12,1,350,51,1,29,5
Male,22,18-24,Diagnostic Test,Friday,Afternoon,48,0,0,Yes,Email,2.0,0,4,5,95,14,5,143,21
Male,49,45-54,General Consultation,Sunday,Evening,52,4,0,Yes,SMS,1.1,1,12,3,347,50,2,33,5
Female,42,35-44,Specialist Consultation,Thursday,Morning,26,1,0,Yes,SMS,11.8,0,6,5,158,23,7,184,27
Male,68,65+,General Consultation,Sunday,Afternoon,24,2,0,Yes,SMS,9.1,1,10,3,303,44,11,327,47
Female,37,35-44,Follow-up,Wednesday,Morning,23,3,1,Yes,SMS,29.6,0,3,0,76,12,4,99,15
Female,56,55-64,Follow-up,Tuesday,Morning,25,3,1,Yes,SMS,21.3,0,12,4,348,50,1,7,2
Female,26,25-34,Specialist Consultation,Thursday,Morning,24,1,1,Yes,WhatsApp,12.3,0,1,0,13,3,2,37,6
Male,43,35-44,General Consultation,Sunday,Morning,10,5,2,Yes,SMS,6.2,1,9,3,268,39,10,278,40
Male,73,65+,General Consultation,Tuesday,Afternoon,29,4,1,Yes,SMS,4.1,0,9,0,251,37,10,280,41
Female,34,25-34,General Consultation,Wednesday,Afternoon,14,1,1,Yes,Email,10.5,0,5,2,148,22,6,162,24
Male,62,55-64,General Consultation,Thursday,Evening,32,4,2,Yes,WhatsApp,4.5,0,4,6,110,16,5,142,21
Male,67,65+,General Consultation,Saturday,Evening,54,6,0,Yes,SMS,10.4,0,12,0,351,51,2,39,6
Male,61,55-64,Diagnostic Test,Sunday,Morning,47,4,2,Yes,Email,4.4,1,11,1,315,46,12,362,52
Female,23,18-24,General Consultation,Saturday,Morning,29,6,3,Yes,WhatsApp,3.5,0,6,4,178,26,7,207,30
Female,41,35-44,Follow-up,Thursday,Morning,59,3,0,Yes,WhatsApp,1.9,0,1,0,6,2,3,65,10
Male,39,35-44,Follow-up,Thursday,Afternoon,59,3,1,Yes,WhatsApp,9.9,0,6,0,160,24,8,219,32
Female,73,65+,General Consultation,Friday,Morning,46,5,1,Yes,WhatsApp,3.4,0,4,0,97,15,5,143,21
Female,18,18-24,Specialist Consultation,Monday,Morning,20,3,1,No,No Reminder,7.9,0,4,1,104,16,5,124,19
Female,79,65+,Specialist Consultation,Saturday,Evening,22,3,1,No,No Reminder,8.9,0,3,4,80,12,4,102,15
Male,73,65+,General Consultation,Friday,Afternoon,15,2,0,No,No Reminder,8.1,0,5,3,128,19,5,143,21
Female,56,55-64,Diagnostic Test,Wednesday,Morning,49,3,0,No,No Reminder,20.1,0,5,2,134,20,7,183,27
Male,52,45-54,General Consultation,Wednesday,Afternoon,5,5,1,No,No Reminder,8.7,0,1,4,23,4,1,28,5
Female,20,18-24,Diagnostic Test,Friday,Afternoon,30,2,0,Yes,SMS,5.2,0,8,2,239,35,9,269,39
Female,74,65+,Specialist Consultation,Monday,Morning,26,4,1,Yes,SMS,29.2,0,8,2,232,34,9,258,38
Male,28,25-34,Follow-up,Thursday,Morning,10,1,0,Yes,WhatsApp,11.6,0,3,0,76,12,3,86,13
Female,40,35-44,Diagnostic Test,Sunday,Morning,4,1,0,Yes,SMS,7.9,1,1,2,21,4,1,25,4
Male,57,55-64,Follow-up,Wednesday,Morning,21,2,0,Yes,WhatsApp,3.1,0,2,2,36,6,2,57,9
Female,54,45-54,Specialist Consultation,Thursday,Morning,28,2,1,Yes,SMS,6.5,0,1,3,1,1,1,29,5
Male,79,65+,Specialist Consultation,Sunday,Afternoon,28,2,1,No,No Reminder,11.5,1,1,6,25,4,2,53,8
Male,67,65+,Specialist Consultation,Saturday,Afternoon,15,4,0,Yes,WhatsApp,34.7,0,8,4,234,34,9,249,36
Male,77,65+,General Consultation,Saturday,Afternoon,16,3,0,Yes,Email,12.3,0,6,3,156,23,6,172,25
Female,59,55-64,General Consultation,Wednesday,Evening,37,1,0,No,No Reminder,19.2,0,3,0,75,12,4,112,17
Female,79,65+,General Consultation,Wednesday,Evening,26,4,1,No,No Reminder,7.7,0,4,4,115,17,5,141,21
Female,55,55-64,Specialist Consultation,Sunday,Morning,54,7,3,Yes,Email,11.2,1,7,1,210,31,9,264,38
Male,52,45-54,Specialist Consultation,Wednesday,Morning,26,7,1,Yes,SMS,7.0,0,1,4,30,5,2,56,9
Female,72,65+,Specialist Consultation,Monday,Evening,3,3,1,Yes,SMS,1.4,0,5,4,135,20,5,138,21
Male,22,18-24,Follow-up,Monday,Morning,11,1,0,Yes,Email,32.7,0,2,3,37,6,2,48,8
Female,61,55-64,Follow-up,Tuesday,Afternoon,21,7,0,Yes,SMS,7.8,0,2,1,42,7,3,63,10
Female,74,65+,Diagnostic Test,Sunday,Afternoon,25,4,1,Yes,SMS,1.4,1,10,2,295,43,11,320,46
Male,63,55-64,Follow-up,Saturday,Afternoon,36,3,1,Yes,SMS,7.0,0,4,4,107,16,5,143,21
Female,76,65+,Diagnostic Test,Wednesday,Afternoon,3,5,0,Yes,SMS,14.0,0,12,6,355,51,12,358,52
Female,35,35-44,Diagnostic Test,Tuesday,Afternoon,30,2,0,Yes,Email,13.2,0,5,6,123,18,6,153,23
Female,29,25-34,General Consultation,Tuesday,Afternoon,21,3,1,No,No Reminder,9.0,0,6,1,168,25,7,189,28
Male,30,25-34,Specialist Consultation,Saturday,Morning,9,1,0,No,No Reminder,14.6,0,6,3,163,24,6,172,25
Male,30,25-34,General Consultation,Friday,Evening,33,3,1,Yes,Email,17.6,0,8,6,215,31,9,248,36
Female,27,25-34,General Consultation,Saturday,Evening,45,3,0,No,No Reminder,7.9,0,12,2,358,52,2,38,6
Male,26,25-34,Follow-up,Monday,Morning,37,2,0,Yes,SMS,8.7,0,3,5,67,10,4,104,16
Female,50,45-54,Follow-up,Tuesday,Morning,47,3,1,Yes,SMS,3.2,0,9,3,254,37,10,301,44
Male,59,55-64,Follow-up,Wednesday,Morning,4,3,0,Yes,SMS,10.4,0,5,5,122,18,5,126,19
Female,62,55-64,Specialist Consultation,Tuesday,Evening,46,2,0,Yes,WhatsApp,8.1,0,2,4,58,9,4,104,16
Female,24,18-24,Follow-up,Monday,Afternoon,20,8,3,Yes,WhatsApp,4.7,0,4,1,119,18,5,139,21
Male,64,55-64,General Consultation,Thursday,Evening,43,2,0,No,No Reminder,9.4,0,8,2,218,32,9,261,38
Female,19,18-24,Diagnostic Test,Wednesday,Afternoon,49,2,1,Yes,WhatsApp,10.1,0,12,2,337,49,1,21,4
Female,32,25-34,Specialist Consultation,Monday,Afternoon,15,4,2,Yes,Email,12.3,0,11,6,320,46,12,335,49
Male,38,35-44,Follow-up,Thursday,Morning,15,2,1,Yes,WhatsApp,8.4,0,1,2,22,4,2,37,6
Male,30,25-34,General Consultation,Wednesday,Afternoon,36,3,0,No,No Reminder,18.6,0,12,1,352,51,1,22,4
Female,67,65+,Specialist Consultation,Wednesday,Afternoon,47,3,0,No,No Reminder,3.5,0,1,4,17,3,3,64,10
Male,80,65+,General Consultation,Tuesday,Morning,25,1,0,Yes,SMS,3.3,0,11,4,332,48,12,357,52
Female,78,65+,Follow-up,Tuesday,Evening,9,3,0,No,No Reminder,14.2,0,2,6,47,7,2,56,9
Male,37,35-44,General Consultation,Saturday,Afternoon,19,6,0,No,No Reminder,5.6,0,6,0,167,25,7,186,27
Female,31,25-34,General Consultation,Wednesday,Evening,55,3,0,Yes,Email,16.1,0,10,3,303,44,12,358,52
Female,30,25-34,General Consultation,Friday,Afternoon,20,2,0,Yes,SMS,2.3,0,2,5,32,5,2,52,8
Female,41,35-44,General Consultation,Wednesday,Morning,14,2,1,No,No Reminder,11.7,0,5,2,140,21,6,154,23
Female,66,65+,Follow-up,Friday,Morning,53,4,1,Yes,SMS,3.9,0,3,0,68,11,5,121,18
Female,56,55-64,General Consultation,Friday,Afternoon,55,1,1,Yes,WhatsApp,7.9,0,12,5,354,51,2,44,7
Female,54,45-54,Specialist Consultation,Friday,Afternoon,23,5,0,Yes,SMS,10.8,0,7,2,197,29,8,220,32
Female,67,65+,General Consultation,Friday,Evening,45,2,1,No,No Reminder,5.0,0,3,1,69,11,4,114,17
Female,78,65+,Diagnostic Test,Wednesday,Evening,46,4,0,Yes,SMS,3.9,0,8,5,221,32,9,267,39
Female,40,35-44,General Consultation,Sunday,Morning,41,3,0,Yes,WhatsApp,6.7,1,2,0,34,6,3,75,11
Male,51,45-54,General Consultation,Friday,Evening,11,2,0,Yes,WhatsApp,19.9,0,3,0,89,14,4,100,15
Male,57,55-64,General Consultation,Tuesday,Morning,3,7,2,Yes,Email,12.2,0,6,5,172,25,6,175,26
Female,69,65+,General Consultation,Thursday,Morning,21,2,0,Yes,WhatsApp,9.9,0,5,3,127,19,5,148,22
Female,41,35-44,General Consultation,Monday,Evening,17,3,1,Yes,SMS,8.4,0,4,4,93,14,4,110,17
Female,71,65+,Diagnostic Test,Tuesday,Evening,38,1,0,Yes,WhatsApp,6.0,0,9,5,256,37,10,294,43
Female,78,65+,Follow-up,Saturday,Afternoon,35,2,0,Yes,SMS,4.1,0,8,5,221,32,9,256,37
Female,53,45-54,General Consultation,Thursday,Morning,12,3,0,Yes,WhatsApp,7.4,0,5,5,151,22,6,163,24
Male,24,18-24,Follow-up,Thursday,Morning,1,2,0,Yes,SMS,13.6,0,4,2,91,14,4,92,14
Male,36,35-44,General Consultation,Monday,Morning,13,3,0,Yes,SMS,0.9,0,1,1,21,4,2,34,6
Female,47,45-54,General Consultation,Sunday,Afternoon,27,4,1,Yes,SMS,6.1,1,8,0,230,34,9,257,37
Female,62,55-64,General Consultation,Monday,Afternoon,47,3,0,Yes,WhatsApp,7.7,0,6,2,155,23,7,202,30
Female,69,65+,General Consultation,Monday,Afternoon,17,1,0,Yes,WhatsApp,15.8,0,5,4,122,18,5,139,21
Male,19,18-24,Diagnostic Test,Monday,Afternoon,33,3,0,Yes,WhatsApp,11.7,0,11,2,330,48,12,363,1
Female,47,45-54,Follow-up,Wednesday,Afternoon,4,4,0,No,No Reminder,6.3,0,7,5,207,30,7,211,31
Female,62,55-64,Diagnostic Test,Sunday,Morning,13,4,2,Yes,SMS,15.0,1,3,0,90,14,4,103,15
Female,80,65+,General Consultation,Friday,Morning,2,1,1,No,No Reminder,2.7,0,4,2,106,16,4,108,16
Male,26,25-34,Specialist Consultation,Friday,Afternoon,32,3,2,No,No Reminder,12.0,0,12,0,349,51,1,16,3
Female,73,65+,General Consultation,Friday,Afternoon,27,4,1,Yes,Email,4.5,0,4,5,116,17,5,143,21
Male,18,18-24,General Consultation,Tuesday,Morning,35,5,2,Yes,WhatsApp,12.6,0,5,1,133,20,6,168,25
Female,30,25-34,Specialist Consultation,Tuesday,Morning,37,1,0,No,No Reminder,10.2,0,11,6,306,44,12,343,50
Female,71,65+,General Consultation,Monday,Evening,24,3,0,Yes,SMS,10.4,0,6,4,157,23,6,181,27
Female,67,65+,General Consultation,Thursday,Afternoon,53,0,0,Yes,SMS,10.7,0,6,6,159,23,7,212,31
Male,79,65+,Specialist Consultation,Wednesday,Morning,56,7,1,Yes,SMS,7.7,0,3,2,78,12,5,134,20
Female,55,55-64,Follow-up,Tuesday,Afternoon,6,7,0,No,No Reminder,10.2,0,7,2,183,27,7,189,28
Female,56,55-64,Follow-up,Wednesday,Afternoon,56,5,1,Yes,Email,3.3,0,11,2,323,47,1,14,3
Female,51,45-54,General Consultation,Sunday,Morning,11,4,0,No,No Reminder,7.8,1,10,2,281,41,10,292,42
Female,50,45-54,General Consultation,Monday,Morning,15,2,0,Yes,SMS,3.2,0,6,6,165,24,6,180,27
Male,36,35-44,General Consultation,Friday,Afternoon,1,6,2,Yes,Email,4.5,0,1,3,9,2,1,10,2
Male,71,65+,General Consultation,Saturday,Morning,22,0,0,Yes,SMS,20.8,0,7,4,185,27,7,207,30
Male,40,35-44,General Consultation,Sunday,Afternoon,11,5,0,Yes,SMS,16.5,1,5,2,148,22,6,159,23
Male,56,55-64,Diagnostic Test,Monday,Afternoon,29,0,0,No,No Reminder,6.7,0,10,6,292,42,11,321,47
Female,60,55-64,Specialist Consultation,Monday,Afternoon,49,2,0,No,No Reminder,5.3,0,4,0,97,15,5,146,22
Male,51,45-54,Follow-up,Friday,Morning,56,3,0,Yes,WhatsApp,7.3,0,4,4,107,16,6,163,24
Female,56,55-64,Diagnostic Test,Friday,Morning,12,7,2,Yes,WhatsApp,8.7,0,6,6,152,22,6,164,24
Female,21,18-24,General Consultation,Monday,Morning,33,6,3,Yes,SMS,6.3,0,9,2,253,37,10,286,42
Female,46,45-54,General Consultation,Tuesday,Afternoon,25,6,0,No,No Reminder,20.6,0,4,4,107,16,5,132,20
Female,75,65+,General Consultation,Tuesday,Morning,60,2,1,No,No Reminder,7.7,0,1,4,9,2,3,69,11
Female,74,65+,Diagnostic Test,Friday,Afternoon,24,1,0,Yes,Email,2.3,0,6,1,168,25,7,192,28
Female,62,55-64,Diagnostic Test,Sunday,Afternoon,3,5,1,Yes,WhatsApp,10.0,1,1,3,30,5,2,33,5
Male,40,35-44,Follow-up,Saturday,Afternoon,55,7,1,Yes,SMS,10.0,0,11,6,334,48,1,24,4
Female,21,18-24,General Consultation,Saturday,Morning,56,4,0,Yes,SMS,8.2,0,6,5,179,26,8,235,34
Female,65,65+,General Consultation,Thursday,Afternoon,19,2,1,Yes,SMS,7.4,0,6,5,157,23,6,176,26
Female,73,65+,Follow-up,Saturday,Morning,30,2,0,Yes,WhatsApp,14.1,0,12,3,352,51,1,17,3
Male,70,65+,General Consultation,Tuesday,Afternoon,30,4,0,Yes,WhatsApp,15.1,0,5,6,144,21,6,174,26
Male,76,65+,Follow-up,Saturday,Morning,29,4,1,Yes,SMS,8.3,0,2,4,44,7,3,73,11
Female,31,25-34,Diagnostic Test,Saturday,Evening,50,2,0,No,No Reminder,8.7,0,11,4,327,47,1,11,2
Male,65,65+,General Consultation,Sunday,Afternoon,9,3,1,Yes,Email,9.2,1,8,4,234,34,8,243,35
Male,53,45-54,Follow-up,Monday,Afternoon,26,3,0,Yes,SMS,6.3,0,10,2,281,41,11,307,45
Male,27,25-34,General Consultation,Friday,Afternoon,41,2,0,No,No Reminder,4.2,0,12,5,342,49,1,17,3
Male,79,65+,Specialist Consultation,Tuesday,Afternoon,32,2,1,No,No Reminder,14.2,0,12,4,353,51,1,20,4
Female,38,35-44,General Consultation,Sunday,Afternoon,40,4,1,Yes,SMS,4.6,1,1,1,6,2,2,46,7
Female,38,35-44,General Consultation,Friday,Morning,5,3,0,No,No Reminder,4.9,0,1,6,12,2,1,17,3
Female,57,55-64,Specialist Consultation,Sunday,Afternoon,34,1,0,Yes,Email,10.3,1,9,0,244,36,10,278,40
Male,75,65+,Follow-up,Friday,Morning,13,1,0,No,No Reminder,5.9,0,1,5,17,3,1,30,5
Female,60,55-64,Specialist Consultation,Wednesday,Morning,33,5,0,Yes,SMS,6.7,0,2,4,58,9,4,91,14
Male,40,35-44,Follow-up,Monday,Afternoon,43,2,0,Yes,Email,5.4,0,3,6,67,10,4,110,17
Female,34,25-34,General Consultation,Sunday,Afternoon,2,3,1,No,No Reminder,10.7,1,11,4,325,47,11,327,47
Female,55,55-64,Diagnostic Test,Thursday,Morning,15,3,0,Yes,SMS,9.1,0,5,2,126,19,5,141,21
Female,75,65+,General Consultation,Monday,Morning,24,4,0,Yes,SMS,7.6,0,11,4,311,45,12,335,49
Male,39,35-44,General Consultation,Monday,Afternoon,39,5,1,Yes,SMS,4.1,0,7,3,205,30,9,244,36
Female,19,18-24,Specialist Consultation,Monday,Evening,0,3,0,Yes,SMS,2.7,0,2,0,47,8,2,47,8
Female,74,65+,Follow-up,Wednesday,Morning,1,4,0,Yes,WhatsApp,3.3,0,11,1,322,47,11,323,47
Female,33,25-34,General Consultation,Sunday,Afternoon,27,3,0,Yes,WhatsApp,10.8,1,3,0,68,11,4,95,14
Male,71,65+,Follow-up,Tuesday,Morning,57,3,0,Yes,WhatsApp,11.0,0,8,0,230,34,10,287,42
Male,62,55-64,Specialist Consultation,Monday,Morning,0,1,0,No,No Reminder,2.0,0,4,0,110,17,4,110,17
Male,32,25-34,Follow-up,Saturday,Afternoon,48,7,2,Yes,SMS,3.2,0,12,6,343,49,1,25,4
Female,65,65+,General Consultation,Monday,Morning,4,1,0,Yes,SMS,6.2,0,1,3,16,3,1,20,4
Female,42,35-44,Follow-up,Friday,Morning,26,6,4,No,No Reminder,31.4,0,10,6,278,40,10,304,44
Male,40,35-44,Diagnostic Test,Friday,Afternoon,28,1,0,No,No Reminder,1.5,0,12,4,360,52,1,23,4
Male,51,45-54,General Consultation,Thursday,Afternoon,45,0,0,Yes,WhatsApp,2.9,0,2,0,41,7,3,86,13
Male,56,55-64,Diagnostic Test,Wednesday,Evening,16,0,0,Yes,WhatsApp,10.4,0,3,0,89,14,4,105,16
Male,48,45-54,General Consultation,Saturday,Morning,47,5,0,Yes,SMS,5.7,0,12,0,363,1,2,45,7
Male,64,55-64,Follow-up,Sunday,Morning,39,4,1,Yes,SMS,6.5,1,11,2,316,46,12,355,51
Female,28,25-34,General Consultation,Wednesday,Evening,33,5,1,Yes,WhatsApp,0.8,0,8,4,234,34,9,267,39
Female,63,55-64,Specialist Consultation,Monday,Morning,18,5,3,No,No Reminder,13.5,0,7,3,212,31,8,230,34
Female,23,18-24,Specialist Consultation,Sunday,Afternoon,60,3,2,No,No Reminder,8.1,1,2,2,43,7,4,103,15
Male,63,55-64,General Consultation,Tuesday,Evening,56,2,0,No,No Reminder,9.0,0,3,1,69,11,5,125,19
Female,27,25-34,Follow-up,Saturday,Morning,55,3,0,No,No Reminder,14.6,0,5,6,131,19,7,186,27
Male,66,65+,General Consultation,Tuesday,Morning,13,3,2,Yes,SMS,8.6,0,1,2,7,2,1,20,4
Male,26,25-34,Diagnostic Test,Tuesday,Morning,35,2,1,Yes,SMS,8.5,0,12,1,350,51,1,20,4
Female,27,25-34,General Consultation,Wednesday,Morning,24,0,0,Yes,SMS,13.4,0,5,6,145,21,6,169,25
Female,76,65+,Follow-up,Tuesday,Morning,58,2,0,Yes,WhatsApp,1.7,0,2,6,54,8,4,112,17
Female,75,65+,General Consultation,Friday,Morning,52,2,1,Yes,SMS,5.6,0,12,1,366,1,2,52,8
Male,77,65+,Follow-up,Saturday,Morning,43,2,1,Yes,SMS,5.6,0,12,4,346,50,1,24,4
Male,38,35-44,Follow-up,Saturday,Morning,21,2,0,Yes,WhatsApp,14.7,0,1,5,25,4,2,46,7
Male,54,45-54,Diagnostic Test,Sunday,Afternoon,8,5,1,Yes,WhatsApp,8.7,1,4,5,102,15,4,110,16
Prefer not to say,72,65+,General Consultation,Saturday,Afternoon,8,4,0,Yes,SMS,20.6,0,5,4,143,21,5,151,22
Male,29,25-34,General Consultation,Monday,Morning,41,6,0,No,No Reminder,18.0,0,4,1,119,18,6,160,24
Male,29,25-34,Diagnostic Test,Wednesday,Afternoon,27,3,1,No,No Reminder,10.0,0,3,3,79,12,4,106,16
Female,41,35-44,Specialist Consultation,Monday,Morning,29,0,0,No,No Reminder,6.1,0,5,6,137,20,6,166,25
Male,30,25-34,General Consultation,Tuesday,Morning,49,7,3,Yes,SMS,1.8,0,2,1,42,7,4,91,14
Female,34,25-34,Follow-up,Thursday,Evening,1,4,0,No,No Reminder,7.1,0,1,2,21,4,1,22,4
Female,26,25-34,Diagnostic Test,Monday,Evening,46,2,0,No,No Reminder,5.7,0,10,3,275,40,11,321,47
Female,70,65+,Specialist Consultation,Sunday,Morning,16,0,0,No,No Reminder,9.8,1,11,4,318,46,11,334,48
Female,68,65+,Follow-up,Monday,Afternoon,56,1,0,Yes,WhatsApp,8.0,0,3,0,62,10,4,118,18
Female,27,25-34,General Consultation,Tuesday,Morning,58,6,1,No,No Reminder,8.8,0,4,6,110,16,6,168,25
Female,51,45-54,General Consultation,Friday,Afternoon,30,2,1,Yes,SMS,9.9,0,10,2,302,44,11,332,48
Male,79,65+,General Consultation,Wednesday,Evening,11,3,0,Yes,WhatsApp,6.6,0,1,5,11,2,1,22,4
Male,58,55-64,General Consultation,Sunday,Afternoon,60,5,1,No,No Reminder,13.3,1,12,2,346,50,2,40,6
Female,61,55-64,General Consultation,Monday,Morning,11,3,0,No,No Reminder,21.3,0,1,3,22,4,2,33,6
Male,20,18-24,Follow-up,Wednesday,Afternoon,27,5,0,Yes,SMS,11.3,0,11,3,310,45,12,337,49
Male,22,18-24,General Consultation,Friday,Afternoon,29,5,1,Yes,SMS,31.2,0,12,3,361,52,1,24,4
Female,56,55-64,General Consultation,Wednesday,Morning,41,3,1,Yes,WhatsApp,8.4,0,3,3,85,13,5,126,19
Male,75,65+,General Consultation,Friday,Afternoon,51,5,0,Yes,WhatsApp,11.8,0,11,2,318,46,1,3,1
Male,43,35-44,Specialist Consultation,Saturday,Afternoon,34,3,1,Yes,SMS,6.4,0,5,6,123,18,6,157,23
Female,58,55-64,Follow-up,Tuesday,Evening,46,3,1,Yes,SMS,36.1,0,12,4,353,51,2,34,6
Female,46,45-54,Follow-up,Wednesday,Afternoon,26,0,0,Yes,SMS,10.8,0,5,4,128,19,6,154,23
Female,25,25-34,Follow-up,Saturday,Morning,26,5,0,Yes,SMS,1.3,0,3,0,90,14,4,116,17
Male,76,65+,Follow-up,Monday,Evening,19,6,1,Yes,Email,5.5,0,4,2,113,17,5,132,20
Female,48,45-54,General Consultation,Tuesday,Morning,28,2,1,Yes,WhatsApp,11.3,0,8,1,238,35,9,266,39
Male,51,45-54,General Consultation,Wednesday,Afternoon,49,5,1,No,No Reminder,2.8,0,7,2,190,28,8,239,35
Female,68,65+,Follow-up,Thursday,Afternoon,59,0,0,Yes,SMS,12.2,0,12,0,358,52,2,51,8
Male,46,45-54,Follow-up,Friday,Afternoon,44,3,0,Yes,WhatsApp,1.6,0,5,2,134,20,6,178,26
Female,19,18-24,Specialist Consultation,Friday,Morning,4,5,1,Yes,Email,3.9,0,3,0,61,10,3,65,10
Female,22,18-24,General Consultation,Sunday,Afternoon,24,3,1,Yes,SMS,15.9,1,9,3,261,38,10,285,41
Male,69,65+,Follow-up,Sunday,Morning,44,1,1,No,No Reminder,21.3,1,9,4,262,38,11,306,44
Male,25,25-34,Specialist Consultation,Sunday,Morning,26,5,2,Yes,Email,5.1,1,10,1,301,44,11,327,47
Male,28,25-34,General Consultation,Friday,Evening,24,1,1,Yes,SMS,8.7,0,11,1,322,47,12,346,50
Male,42,35-44,General Consultation,Wednesday,Afternoon,35,1,1,No,No Reminder,4.5,0,4,2,91,14,5,126,19
Male,42,35-44,Specialist Consultation,Sunday,Morning,31,1,0,No,No Reminder,6.0,1,5,3,148,22,6,179,26
Male,53,45-54,General Consultation,Saturday,Afternoon,12,2,0,No,No Reminder,11.6,0,3,0,75,12,3,87,13
Female,35,35-44,Diagnostic Test,Wednesday,Evening,41,5,1,Yes,SMS,8.7,0,1,3,2,1,2,43,7
Female,43,35-44,Specialist Consultation,Wednesday,Evening,30,4,0,Yes,SMS,3.0,0,6,0,181,27,7,211,31
Female,63,55-64,General Consultation,Thursday,Morning,23,3,1,Yes,SMS,4.3,0,12,1,345,50,1,2,1
Female,56,55-64,Follow-up,Wednesday,Afternoon,57,0,0,No,No Reminder,9.8,0,2,1,42,7,4,99,15
Male,38,35-44,General Consultation,Saturday,Morning,40,3,1,Yes,SMS,20.2,0,1,0,12,3,2,52,8
Male,37,35-44,Specialist Consultation,Saturday,Morning,26,4,0,Yes,SMS,3.7,0,6,0,167,25,7,193,28
Male,54,45-54,Follow-up,Saturday,Evening,1,5,0,Yes,SMS,7.1,0,3,4,80,12,3,81,12
Female,28,25-34,General Consultation,Friday,Morning,0,2,0,Yes,WhatsApp,8.6,0,6,4,157,23,6,157,23
Female,70,65+,General Consultation,Friday,Evening,13,2,1,Yes,SMS,16.3,0,5,5,137,20,5,150,22
Female,72,65+,Specialist Consultation,Sunday,Morning,14,4,1,No,No Reminder,3.3,1,3,6,82,12,4,96,14
Female,19,18-24,Specialist Consultation,Tuesday,Morning,44,4,1,Yes,SMS,13.2,0,1,6,12,2,2,56,9
Female,79,65+,Follow-up,Sunday,Evening,30,1,0,Yes,Email,18.7,1,1,4,23,4,2,53,8
Female,46,45-54,Specialist Consultation,Sunday,Morning,32,2,0,Yes,SMS,2.3,1,8,2,239,35,9,271,39
Male,60,55-64,Specialist Consultation,Wednesday,Afternoon,55,2,0,Yes,Email,13.9,0,10,3,282,41,12,337,49
Female,38,35-44,Specialist Consultation,Sunday,Morning,33,1,0,No,No Reminder,19.6,1,4,1,104,16,5,137,20
Male,30,25-34,General Consultation,Monday,Evening,21,4,1,Yes,WhatsApp,7.0,0,3,0,75,12,4,96,15
Male,20,18-24,Follow-up,Saturday,Morning,43,2,0,No,No Reminder,2.8,0,12,4,341,49,1,18,3
Male,63,55-64,Specialist Consultation,Friday,Afternoon,27,2,0,No,No Reminder,10.7,0,5,5,129,19,6,156,23
Female,20,18-24,General Consultation,Thursday,Morning,16,1,0,Yes,Email,8.4,0,1,1,21,4,2,37,6
Male,48,45-54,General Consultation,Wednesday,Afternoon,28,6,1,Yes,WhatsApp,3.5,0,12,2,353,51,1,15,3
Female,42,35-44,General Consultation,Saturday,Evening,40,2,2,No,No Reminder,13.6,0,6,0,181,27,8,221,32
Male,78,65+,General Consultation,Thursday,Afternoon,22,5,1,Yes,SMS,10.9,0,1,2,21,4,2,43,7
Male,64,55-64,Follow-up,Saturday,Morning,25,2,0,Yes,SMS,10.7,0,4,1,119,18,5,144,21
Male,52,45-54,General Consultation,Tuesday,Evening,18,2,0,Yes,WhatsApp,3.9,0,7,4,199,29,8,217,32
Male,40,35-44,Diagnostic Test,Tuesday,Morning,24,3,1,Yes,SMS,16.3,0,5,5,150,22,6,174,26
Male,78,65+,Follow-up,Friday,Morning,10,2,0,Yes,SMS,7.6,0,4,1,105,16,4,115,17
Female,42,35-44,Specialist Consultation,Saturday,Evening,59,4,0,Yes,SMS,6.7,0,1,2,8,2,3,67,10
Female,26,25-34,Specialist Consultation,Friday,Afternoon,51,2,0,Yes,SMS,3.0,0,1,2,22,4,3,73,11
Female,35,35-44,Specialist Consultation,Monday,Evening,47,1,1,Yes,Email,6.1,0,9,2,267,39,11,314,46
Female,57,55-64,General Consultation,Monday,Evening,47,1,0,No,No Reminder,9.2,0,7,2,183,27,8,230,34
Male,44,35-44,Diagnostic Test,Monday,Afternoon,55,0,0,No,No Reminder,14.0,0,8,1,217,32,9,272,40
Female,54,45-54,General Consultation,Tuesday,Afternoon,11,4,0,Yes,SMS,3.4,0,3,4,79,12,3,90,14
Male,31,25-34,Follow-up,Thursday,Afternoon,36,3,1,Yes,SMS,7.9,0,10,2,281,41,11,317,46
Female,23,18-24,General Consultation,Wednesday,Morning,6,2,0,No,No Reminder,8.2,0,3,3,79,12,3,85,13
Female,40,35-44,General Consultation,Saturday,Afternoon,41,1,0,Yes,Email,20.5,0,2,6,46,7,3,87,13
Male,59,55-64,Diagnostic Test,Monday,Morning,45,2,0,Yes,SMS,9.8,0,1,4,31,5,3,76,12
Prefer not to say,53,45-54,General Consultation,Friday,Afternoon,10,2,0,Yes,SMS,19.2,0,1,1,27,5,2,37,6
Female,42,35-44,Follow-up,Friday,Morning,20,1,0,No,No Reminder,12.4,0,8,5,214,31,8,234,34
Male,76,65+,Follow-up,Saturday,Afternoon,41,4,0,No,No Reminder,17.7,0,1,6,12,2,2,53,8
Male,74,65+,Specialist Consultation,Monday,Afternoon,50,2,0,Yes,SMS,15.0,0,11,6,327,47,1,12,3
Female,58,55-64,Follow-up,Monday,Morning,4,1,0,Yes,SMS,11.6,0,4,3,106,16,4,110,17
Female,79,65+,Diagnostic Test,Tuesday,Morning,24,4,0,No,No Reminder,10.0,0,3,5,66,10,3,90,14
Female,48,45-54,General Consultation,Monday,Morning,0,4,1,Yes,SMS,32.1,0,7,0,202,30,7,202,30
Female,26,25-34,Diagnostic Test,Thursday,Afternoon,7,2,1,Yes,SMS,9.4,0,10,3,303,44,11,310,45
Female,60,55-64,General Consultation,Tuesday,Afternoon,50,2,0,Yes,SMS,20.1,0,11,0,307,45,12,357,52
Male,74,65+,General Consultation,Friday,Morning,9,6,2,No,No Reminder,5.6,0,1,2,29,5,2,38,6
Male,52,45-54,Specialist Consultation,Thursday,Morning,53,4,1,No,No Reminder,5.7,0,2,6,40,6,4,93,14
Male,49,45-54,Diagnostic Test,Friday,Afternoon,26,2,0,Yes,SMS,9.0,0,12,6,355,51,1,16,3
Male,57,55-64,Follow-up,Friday,Afternoon,39,3,1,Yes,WhatsApp,9.4,0,9,0,244,36,10,283,41
Female,73,65+,General Consultation,Monday,Afternoon,16,4,0,Yes,WhatsApp,5.6,0,1,5,17,3,2,33,6
Female,33,25-34,General Consultation,Tuesday,Morning,42,5,1,Yes,SMS,10.5,0,4,1,111,17,6,153,23
Male,37,35-44,General Consultation,Saturday,Morning,24,2,0,No,No Reminder,6.1,0,1,2,7,2,1,31,5
Male,63,55-64,Follow-up,Wednesday,Afternoon,0,4,1,Yes,SMS,0.7,0,1,2,1,1,1,1,1
Female,51,45-54,General Consultation,Thursday,Afternoon,18,4,0,Yes,SMS,17.1,0,1,6,19,3,2,37,6
Female,19,18-24,General Consultation,Thursday,Morning,36,1,1,Yes,SMS,24.2,0,5,2,140,21,6,176,26
Female,39,35-44,General Consultation,Thursday,Morning,8,3,2,Yes,WhatsApp,11.9,0,4,2,98,15,4,106,16
Female,64,55-64,General Consultation,Thursday,Morning,7,5,1,Yes,SMS,8.7,0,1,3,15,3,1,22,4
Male,48,45-54,General Consultation,Thursday,Afternoon,40,1,0,No,No Reminder,6.1,0,2,5,52,8,4,92,14
Male,53,45-54,General Consultation,Tuesday,Afternoon,26,2,1,Yes,WhatsApp,10.3,0,1,3,16,3,2,42,7
Female,34,25-34,General Consultation,Tuesday,Morning,8,3,0,No,No Reminder,13.9,0,2,0,41,7,2,49,8
Female,38,35-44,Follow-up,Saturday,Morning,45,2,1,No,No Reminder,16.6,0,4,2,120,18,6,165,24
Male,26,25-34,Specialist Consultation,Monday,Evening,47,2,0,Yes,SMS,14.0,0,11,2,332,48,1,13,3
Male,20,18-24,Specialist Consultation,Friday,Morning,12,2,0,Yes,SMS,6.5,0,1,6,19,3,1,31,5
Female,57,55-64,Follow-up,Saturday,Afternoon,22,3,2,Yes,SMS,4.0,0,10,4,276,40,10,298,43
Male,27,25-34,Diagnostic Test,Sunday,Morning,44,1,0,No,No Reminder,5.0,1,2,4,58,9,4,102,15
Female,61,55-64,General Consultation,Sunday,Evening,19,5,1,Yes,SMS,14.1,1,8,1,238,35,9,257,37
Female,25,25-34,General Consultation,Tuesday,Evening,52,7,2,Yes,WhatsApp,9.6,0,1,5,3,1,2,55,9
Male,48,45-54,General Consultation,Thursday,Afternoon,5,0,0,No,No Reminder,14.6,0,8,5,228,33,8,233,34
Female,74,65+,Specialist Consultation,Thursday,Afternoon,7,1,0,Yes,SMS,7.5,0,5,3,149,22,6,156,23
Female,70,65+,Follow-up,Thursday,Afternoon,31,3,0,Yes,SMS,3.0,0,3,0,89,14,4,120,18
Male,62,55-64,Specialist Consultation,Wednesday,Evening,28,4,1,Yes,WhatsApp,7.2,0,8,2,239,35,9,267,39
Male,26,25-34,General Consultation,Wednesday,Afternoon,38,2,0,Yes,WhatsApp,2.5,0,8,6,236,34,10,274,40
Male,19,18-24,Follow-up,Friday,Morning,37,3,1,Yes,SMS,11.0,0,3,2,84,13,5,121,18
Female,35,35-44,General Consultation,Thursday,Afternoon,1,2,0,Yes,SMS,8.0,0,6,2,175,26,6,176,26
Female,38,35-44,Diagnostic Test,Thursday,Morning,33,2,0,Yes,SMS,6.7,0,7,5,186,27,8,219,32
Female,59,55-64,Follow-up,Sunday,Morning,17,3,1,Yes,SMS,6.9,1,3,3,65,10,3,82,12
Female,54,45-54,Specialist Consultation,Sunday,Afternoon,49,3,0,Yes,WhatsApp,3.3,1,9,6,264,38,11,313,45
Female,63,55-64,Specialist Consultation,Sunday,Morning,7,7,1,Yes,SMS,12.8,1,5,6,144,21,5,151,22
Female,62,55-64,General Consultation,Sunday,Afternoon,17,7,1,Yes,WhatsApp,3.8,1,5,3,142,21,6,159,23
Female,74,65+,General Consultation,Thursday,Morning,16,2,0,Yes,Email,11.1,0,9,1,245,36,9,261,38
Female,40,35-44,General Consultation,Sunday,Morning,57,7,3,No,No Reminder,21.2,1,12,5,363,52,2,54,8
Male,69,65+,Follow-up,Wednesday,Afternoon,47,6,2,Yes,Email,9.0,0,3,4,72,11,4,119,18
Female,44,35-44,Specialist Consultation,Monday,Evening,52,2,0,Yes,SMS,13.9,0,1,4,10,2,3,62,10
Male,27,25-34,Follow-up,Sunday,Morning,55,3,0,Yes,SMS,10.1,1,3,0,82,13,5,137,20
Female,23,18-24,Diagnostic Test,Saturday,Evening,7,1,0,Yes,SMS,1.5,0,1,5,3,1,1,10,2
Male,28,25-34,General Consultation,Saturday,Afternoon,17,4,1,Yes,SMS,3.7,0,5,2,127,19,5,144,21
Male,70,65+,Diagnostic Test,Saturday,Afternoon,24,3,0,Yes,Email,27.1,0,3,2,63,10,3,87,13
Male,45,45-54,Follow-up,Monday,Afternoon,12,5,0,Yes,SMS,35.5,0,1,2,22,4,2,34,6
Female,75,65+,General Consultation,Sunday,Afternoon,26,6,1,Yes,SMS,8.6,1,6,1,175,26,7,201,29
Male,75,65+,Diagnostic Test,Friday,Morning,56,1,1,Yes,SMS,11.0,0,5,4,136,20,7,192,28
Female,76,65+,Specialist Consultation,Sunday,Morning,38,6,0,No,No Reminder,7.9,1,9,3,247,36,10,285,41
Female,49,45-54,Follow-up,Sunday,Morning,21,1,0,Yes,WhatsApp,6.7,1,5,6,124,18,5,145,21
Male,36,35-44,General Consultation,Wednesday,Afternoon,26,3,1,Yes,Email,10.8,0,8,4,227,33,9,253,37
Female,20,18-24,Follow-up,Friday,Morning,32,1,0,Yes,SMS,13.5,0,7,0,202,30,8,234,34
Female,70,65+,Specialist Consultation,Saturday,Afternoon,14,0,0,Yes,WhatsApp,4.5,0,6,5,165,24,6,179,26
Female,51,45-54,Follow-up,Monday,Morning,42,1,0,Yes,WhatsApp,2.9,0,5,0,125,19,6,167,25
Female,69,65+,Follow-up,Saturday,Morning,35,1,0,Yes,SMS,13.5,0,4,5,102,15,5,137,20
Male,36,35-44,Follow-up,Saturday,Morning,43,6,0,Yes,SMS,12.6,0,3,4,65,10,4,108,16
Male,52,45-54,General Consultation,Saturday,Afternoon,31,3,0,Yes,WhatsApp,7.5,0,6,2,169,25,7,200,29
Male,27,25-34,General Consultation,Sunday,Afternoon,33,2,0,Yes,Email,13.9,1,2,1,49,8,3,82,12
Male,22,18-24,General Consultation,Wednesday,Morning,13,4,2,Yes,WhatsApp,1.6,0,4,3,99,15,4,112,17
Male,78,65+,General Consultation,Saturday,Afternoon,35,1,0,Yes,SMS,8.8,0,3,5,81,12,4,116,17
Male,44,35-44,Specialist Consultation,Monday,Afternoon,19,3,2,Yes,SMS,5.0,0,10,2,295,43,11,314,46
Female,44,35-44,General Consultation,Saturday,Morning,23,1,0,Yes,SMS,4.7,0,2,3,51,8,3,74,11
Female,43,35-44,General Consultation,Thursday,Morning,54,7,1,Yes,WhatsApp,10.5,0,7,5,193,28,9,247,36
Female,40,35-44,Specialist Consultation,Wednesday,Afternoon,22,4,1,No,No Reminder,5.8,0,12,1,357,52,1,14,3
Male,52,45-54,General Consultation,Saturday,Afternoon,36,2,0,No,No Reminder,1.5,0,5,4,128,19,6,164,24
Male,40,35-44,Follow-up,Wednesday,Morning,9,3,0,Yes,SMS,11.6,0,3,0,89,14,4,98,15
Male,56,55-64,Follow-up,Sunday,Morning,56,2,1,Yes,SMS,3.7,1,12,6,364,52,2,54,8
Male,77,65+,General Consultation,Monday,Afternoon,36,2,0,No,No Reminder,19.6,0,2,6,47,7,3,83,13
Male,30,25-34,Follow-up,Saturday,Morning,21,5,2,Yes,SMS,5.8,0,10,5,291,42,11,312,45
Female,21,18-24,General Consultation,Sunday,Morning,20,2,0,Yes,Email,4.3,1,12,0,351,51,1,5,1
Female,25,25-34,General Consultation,Sunday,Afternoon,52,4,1,Yes,SMS,44.2,1,12,3,340,49,1,26,4
Female,32,25-34,Specialist Consultation,Wednesday,Morning,7,3,0,Yes,SMS,22.6,0,6,2,155,23,6,162,24
Female,52,45-54,General Consultation,Wednesday,Afternoon,6,3,1,No,No Reminder,12.1,0,6,3,169,25,6,175,26
Female,66,65+,Specialist Consultation,Wednesday,Morning,6,4,0,Yes,SMS,21.5,0,5,3,142,21,5,148,22
Male,26,25-34,Follow-up,Saturday,Afternoon,42,3,1,Yes,WhatsApp,5.3,0,12,5,349,50,1,25,4
Female,48,45-54,Diagnostic Test,Thursday,Evening,51,5,0,Yes,SMS,16.7,0,5,1,133,20,7,184,27
Male,75,65+,General Consultation,Thursday,Morning,19,6,1,No,No Reminder,7.1,0,3,5,80,12,4,99,15
Male,34,25-34,Diagnostic Test,Thursday,Evening,13,5,0,No,No Reminder,5.0,0,11,4,311,45,11,324,47
Male,30,25-34,Diagnostic Test,Monday,Evening,60,1,0,Yes,SMS,17.7,0,5,3,128,19,7,188,28
Male,18,18-24,General Consultation,Tuesday,Morning,17,3,0,No,No Reminder,10.3,0,1,5,31,5,2,48,8
Female,26,25-34,Follow-up,Tuesday,Evening,28,1,0,No,No Reminder,11.0,0,3,1,69,11,4,97,15
Female,31,25-34,General Consultation,Wednesday,Morning,26,2,0,Yes,SMS,4.8,0,6,4,171,25,7,197,29
Male,32,25-34,Follow-up,Monday,Afternoon,31,0,0,Yes,WhatsApp,13.1,0,10,4,276,40,11,307,45
Female,64,55-64,Specialist Consultation,Monday,Afternoon,16,4,0,Yes,WhatsApp,15.6,0,12,5,356,51,1,6,2
Female,73,65+,Diagnostic Test,Tuesday,Morning,41,5,0,Yes,SMS,5.9,0,5,2,127,19,6,168,25
Male,71,65+,General Consultation,Friday,Afternoon,42,3,0,No,No Reminder,8.2,0,10,4,283,41,11,325,47
Male,74,65+,Specialist Consultation,Friday,Morning,29,1,0,No,No Reminder,12.3,0,5,3,148,22,6,177,26
Female,46,45-54,General Consultation,Monday,Evening,3,4,0,No,No Reminder,19.5,0,6,4,163,24,6,166,25
Female,42,35-44,Follow-up,Wednesday,Morning,13,2,0,Yes,SMS,0.5,0,5,3,128,19,5,141,21
Male,56,55-64,Diagnostic Test,Friday,Morning,37,4,0,Yes,WhatsApp,7.8,0,8,2,239,35,10,276,40
Male,80,65+,General Consultation,Sunday,Morning,54,1,0,Yes,SMS,10.4,1,1,1,14,3,3,68,10
Male,76,65+,General Consultation,Monday,Morning,43,3,1,Yes,SMS,12.7,0,10,6,292,42,12,335,49
Female,51,45-54,Follow-up,Saturday,Morning,30,8,1,No,No Reminder,8.0,0,10,3,296,43,11,326,47
Female,40,35-44,Specialist Consultation,Thursday,Afternoon,38,2,1,Yes,SMS,15.4,0,3,0,83,13,5,121,18
Female,34,25-34,Follow-up,Monday,Afternoon,17,3,1,Yes,SMS,5.9,0,2,4,51,8,3,68,11
Male,28,25-34,Follow-up,Tuesday,Evening,54,3,0,Yes,SMS,6.1,0,11,3,324,47,1,13,3
Female,38,35-44,General Consultation,Monday,Evening,10,6,0,Yes,SMS,3.7,0,2,4,37,6,2,47,8
Female,65,65+,General Consultation,Saturday,Morning,53,1,0,Yes,SMS,5.4,0,7,1,203,30,9,256,37
Male,50,45-54,Specialist Consultation,Sunday,Evening,53,4,1,Yes,WhatsApp,7.8,1,3,2,70,11,5,123,18
Male,31,25-34,Follow-up,Friday,Afternoon,8,3,0,No,No Reminder,12.1,0,7,3,205,30,8,213,31
Male,18,18-24,Follow-up,Friday,Morning,34,1,0,Yes,WhatsApp,10.6,0,4,5,102,15,5,136,20
Male,19,18-24,General Consultation,Wednesday,Morning,20,1,0,No,No Reminder,20.5,0,9,3,268,39,10,288,42
Male,78,65+,Follow-up,Friday,Evening,53,3,0,Yes,WhatsApp,14.8,0,9,0,251,37,10,304,44
Female,65,65+,Follow-up,Thursday,Afternoon,31,3,0,No,No Reminder,4.9,0,1,0,12,3,2,43,7
Male,75,65+,Specialist Consultation,Wednesday,Afternoon,15,2,0,Yes,SMS,18.8,0,4,1,97,15,4,112,17
Male,55,55-64,Follow-up,Monday,Morning,41,4,2,Yes,WhatsApp,5.5,0,5,1,140,21,6,181,27
Female,50,45-54,Follow-up,Sunday,Morning,27,4,2,No,No Reminder,4.6,1,9,0,265,39,10,292,42
Male,31,25-34,Specialist Consultation,Sunday,Evening,13,0,0,No,No Reminder,5.9,1,5,0,131,20,5,144,21
Male,69,65+,Follow-up,Wednesday,Morning,48,2,0,Yes,Email,8.0,0,9,3,247,36,10,295,43
Female,66,65+,General Consultation,Thursday,Afternoon,7,2,0,Yes,SMS,4.8,0,1,3,1,1,1,8,2
Female,64,55-64,General Consultation,Wednesday,Morning,28,4,0,No,No Reminder,21.0,0,5,2,140,21,6,168,25
Male,63,55-64,General Consultation,Tuesday,Morning,2,6,2,No,No Reminder,19.1,0,9,6,271,39,9,273,40
Male,28,25-34,Follow-up,Friday,Afternoon,55,4,2,Yes,WhatsApp,2.4,0,2,5,53,8,4,108,16
Male,55,55-64,General Consultation,Tuesday,Afternoon,57,2,1,Yes,SMS,14.8,0,8,0,237,35,10,294,43
Female,59,55-64,Follow-up,Tuesday,Morning,19,3,0,Yes,WhatsApp,4.5,0,9,3,247,36,9,266,39
Female,70,65+,Follow-up,Friday,Morning,49,2,0,No,No Reminder,13.6,0,1,4,10,2,2,59,9
Male,46,45-54,Follow-up,Friday,Morning,22,7,2,Yes,WhatsApp,14.7,0,7,3,191,28,8,213,31
Male,25,25-34,General Consultation,Thursday,Morning,7,2,0,Yes,Email,12.0,0,6,3,162,24,6,169,25
Female,62,55-64,General Consultation,Sunday,Evening,35,2,0,Yes,Email,16.3,1,2,6,40,6,3,75,11
Female,31,25-34,Specialist Consultation,Friday,Afternoon,6,6,0,No,No Reminder,8.7,0,4,5,94,14,4,100,15
Female,24,18-24,Follow-up,Sunday,Morning,24,3,0,No,No Reminder,4.7,1,4,3,120,18,5,144,21
Female,27,25-34,Follow-up,Saturday,Afternoon,60,2,0,Yes,SMS,4.5,0,12,1,357,52,2,52,8
Male,30,25-34,Diagnostic Test,Saturday,Afternoon,9,5,0,Yes,WhatsApp,5.8,0,4,3,100,15,4,109,16
Female,26,25-34,Specialist Consultation,Sunday,Morning,44,3,1,Yes,WhatsApp,7.5,1,1,4,2,1,2,46,7
Male,35,35-44,General Consultation,Sunday,Morning,16,5,0,Yes,SMS,13.7,1,2,4,37,6,2,53,8
Male,62,55-64,General Consultation,Friday,Afternoon,34,4,1,Yes,SMS,14.9,0,2,5,59,9,4,93,14
Male,27,25-34,Diagnostic Test,Tuesday,Morning,40,1,0,No,No Reminder,11.2,0,2,3,44,7,3,84,13
Male,65,65+,General Consultation,Thursday,Morning,28,6,1,Yes,SMS,15.6,0,4,3,99,15,5,127,19
Female,48,45-54,Specialist Consultation,Saturday,Morning,11,2,0,No,No Reminder,6.0,0,5,1,132,20,5,143,21
Male,80,65+,Follow-up,Friday,Morning,13,2,0,Yes,SMS,3.1,0,1,5,25,4,2,38,6
Female,28,25-34,Follow-up,Tuesday,Evening,29,4,1,No,No Reminder,4.2,0,12,0,349,51,1,13,3
Male,37,35-44,Diagnostic Test,Tuesday,Afternoon,19,4,1,Yes,WhatsApp,10.5,0,3,3,78,12,4,97,15
Female,55,55-64,General Consultation,Thursday,Afternoon,43,4,2,No,No Reminder,2.2,0,10,2,302,44,12,345,50
Male,80,65+,Diagnostic Test,Saturday,Afternoon,22,0,0,Yes,WhatsApp,10.2,0,5,4,122,18,5,144,21
Male,76,65+,Diagnostic Test,Wednesday,Evening,17,5,0,Yes,WhatsApp,8.9,0,2,6,32,5,2,49,8
Male,76,65+,General Consultation,Sunday,Evening,32,3,0,Yes,SMS,7.4,1,1,2,1,1,2,33,5
Male,70,65+,Follow-up,Sunday,Morning,46,4,1,Yes,SMS,6.0,1,2,2,42,7,3,88,13
Male,58,55-64,Follow-up,Wednesday,Morning,38,7,1,Yes,WhatsApp,6.2,0,12,6,355,51,1,28,5
Male,64,55-64,Diagnostic Test,Sunday,Afternoon,40,2,2,Yes,SMS,13.6,1,3,1,76,12,4,116,17
Female,58,55-64,Diagnostic Test,Saturday,Evening,16,1,0,Yes,SMS,9.9,0,8,3,240,35,9,256,37
Female,26,25-34,General Consultation,Thursday,Morning,15,2,0,No,No Reminder,10.3,0,6,2,162,24,6,177,26
Male,18,18-24,General Consultation,Friday,Morning,38,3,0,Yes,WhatsApp,11.7,0,12,1,343,50,1,16,3
Female,44,35-44,Diagnostic Test,Tuesday,Afternoon,39,5,0,No,No Reminder,15.7,0,3,4,66,10,4,105,16
Female,45,45-54,General Consultation,Sunday,Morning,9,3,0,Yes,SMS,12.7,1,5,4,149,22,6,158,23
Female,23,18-24,General Consultation,Monday,Afternoon,22,1,0,Yes,SMS,13.4,0,10,6,299,43,11,321,47
Male,40,35-44,General Consultation,Monday,Afternoon,44,3,2,Yes,SMS,3.7,0,11,5,319,46,12,363,1
Female,24,18-24,General Consultation,Thursday,Evening,59,2,0,Yes,WhatsApp,5.3,0,6,0,167,25,8,226,33
Male,32,25-34,Specialist Consultation,Wednesday,Afternoon,38,3,0,No,No Reminder,2.2,0,7,6,201,29,8,239,35
Female,44,35-44,Specialist Consultation,Friday,Afternoon,32,2,1,Yes,WhatsApp,8.7,0,12,0,335,49,1,2,1
Male,75,65+,General Consultation,Tuesday,Afternoon,11,4,1,No,No Reminder,3.7,0,2,4,37,6,2,48,8
Female,42,35-44,Specialist Consultation,Sunday,Evening,24,6,1,No,No Reminder,4.9,1,7,3,184,27,7,208,30
Male,69,65+,General Consultation,Saturday,Afternoon,3,4,1,No,No Reminder,7.9,0,3,2,85,13,3,88,13
Male,71,65+,Follow-up,Saturday,Morning,14,4,0,No,No Reminder,15.9,0,12,5,356,51,1,4,1
Female,62,55-64,General Consultation,Monday,Morning,36,5,1,Yes,SMS,11.3,0,3,6,75,11,4,111,17
Male,27,25-34,Follow-up,Wednesday,Afternoon,60,2,0,Yes,SMS,4.6,0,8,5,235,34,10,295,43
Female,63,55-64,Specialist Consultation,Friday,Afternoon,56,6,0,Yes,WhatsApp,13.1,0,5,4,129,19,7,185,27
Female,64,55-64,General Consultation,Friday,Afternoon,33,5,2,Yes,Email,7.7,0,3,6,60,9,4,93,14
Male,59,55-64,Follow-up,Sunday,Morning,48,0,0,Yes,WhatsApp,5.9,1,9,0,265,39,11,313,45
Male,65,65+,Specialist Consultation,Saturday,Afternoon,2,4,0,Yes,WhatsApp,6.1,0,1,3,30,5,2,32,5
Female,58,55-64,General Consultation,Monday,Morning,36,4,0,Yes,SMS,31.4,0,12,6,357,51,1,27,5
Male,55,55-64,General Consultation,Friday,Morning,48,2,1,Yes,SMS,15.3,0,2,5,52,8,4,100,15
Male,47,45-54,General Consultation,Saturday,Afternoon,39,3,2,No,No Reminder,8.2,0,10,1,280,41,11,319,46
Male,39,35-44,General Consultation,Wednesday,Afternoon,40,1,0,Yes,SMS,12.6,0,1,4,9,2,2,49,8
Female,48,45-54,Follow-up,Sunday,Morning,42,2,0,Yes,WhatsApp,4.9,1,10,6,278,40,11,320,46
Female,51,45-54,Follow-up,Tuesday,Afternoon,35,2,1,No,No Reminder,7.9,0,6,1,154,23,7,189,28
Male,33,25-34,Specialist Consultation,Thursday,Afternoon,13,3,0,Yes,SMS,8.8,0,12,4,346,50,12,359,52
Male,58,55-64,Follow-up,Saturday,Afternoon,17,3,0,No,No Reminder,8.7,0,11,2,323,47,12,340,49
Male,37,35-44,General Consultation,Thursday,Morning,45,2,1,Yes,Email,8.2,0,12,0,349,51,1,29,5
Male,44,35-44,Specialist Consultation,Wednesday,Afternoon,14,4,0,Yes,SMS,16.1,0,12,2,337,49,12,351,51
Male,24,18-24,Follow-up,Thursday,Morning,53,1,0,Yes,WhatsApp,4.8,0,4,6,103,15,6,156,23
Male,56,55-64,General Consultation,Sunday,Morning,59,4,0,Yes,WhatsApp,15.5,1,1,3,8,2,3,67,10
Female,78,65+,Follow-up,Monday,Afternoon,13,2,0,Yes,WhatsApp,12.1,0,11,1,329,48,12,342,50
Male,51,45-54,Specialist Consultation,Tuesday,Evening,14,7,2,Yes,WhatsApp,14.8,0,10,1,280,41,10,294,43
Male,49,45-54,Diagnostic Test,Tuesday,Morning,26,3,2,No,No Reminder,11.3,0,12,3,354,51,1,14,3
Male,71,65+,Diagnostic Test,Thursday,Morning,4,2,0,Yes,SMS,9.9,0,2,6,54,8,2,58,9
Female,40,35-44,Follow-up,Monday,Morning,40,3,0,Yes,SMS,8.3,0,2,2,56,9,4,96,15
Female,59,55-64,General Consultation,Wednesday,Afternoon,43,2,1,Yes,WhatsApp,21.5,0,9,1,245,36,10,288,42
Male,52,45-54,General Consultation,Thursday,Afternoon,13,3,0,Yes,SMS,6.5,0,6,4,156,23,6,169,25
Female,48,45-54,General Consultation,Wednesday,Afternoon,9,2,0,Yes,SMS,11.9,0,4,0,103,16,4,112,17
Female,28,25-34,Follow-up,Thursday,Morning,42,3,1,No,No Reminder,10.9,0,9,3,261,38,10,303,44
Male,54,45-54,General Consultation,Tuesday,Morning,9,1,0,Yes,SMS,7.0,0,12,6,362,52,1,6,2
Male,64,55-64,General Consultation,Monday,Evening,3,3,1,Yes,SMS,19.9,0,6,4,178,26,6,181,27
Male,55,55-64,Follow-up,Wednesday,Afternoon,34,3,0,No,No Reminder,13.4,0,7,3,184,27,8,218,32
Male,75,65+,Diagnostic Test,Thursday,Morning,14,3,0,Yes,SMS,11.9,0,11,3,310,45,11,324,47
Male,78,65+,Follow-up,Friday,Morning,14,5,0,Yes,SMS,9.2,0,4,4,108,16,5,122,18
Female,40,35-44,General Consultation,Thursday,Morning,20,4,1,Yes,SMS,15.4,0,12,4,355,51,1,9,2
Male,18,18-24,Specialist Consultation,Thursday,Morning,0,3,0,Yes,WhatsApp,3.5,0,2,3,36,6,2,36,6
Male,60,55-64,General Consultation,Thursday,Morning,0,4,1,Yes,WhatsApp,5.3,0,5,3,127,19,5,127,19
Male,31,25-34,Diagnostic Test,Saturday,Morning,22,5,0,No,No Reminder,11.5,0,3,4,65,10,3,87,13
Female,76,65+,General Consultation,Tuesday,Afternoon,35,0,0,Yes,Email,18.4,0,5,1,125,19,6,160,24
Female,35,35-44,Follow-up,Wednesday,Morning,37,4,1,No,No Reminder,12.0,0,5,0,125,19,6,162,24
Male,29,25-34,Follow-up,Monday,Morning,38,0,0,Yes,SMS,10.3,0,7,4,206,30,9,244,36
Male,80,65+,Follow-up,Friday,Afternoon,49,1,1,Yes,WhatsApp,7.9,0,2,4,44,7,4,93,14
Female,40,35-44,Follow-up,Monday,Afternoon,10,3,0,No,No Reminder,4.1,0,1,4,10,2,1,20,4
Male,47,45-54,Follow-up,Saturday,Morning,53,1,0,Yes,SMS,19.1,0,8,1,231,34,10,284,41
Male,42,35-44,Follow-up,Monday,Morning,35,2,2,Yes,WhatsApp,9.7,0,6,0,167,25,7,202,30
Female,46,45-54,General Consultation,Monday,Morning,25,3,3,Yes,WhatsApp,9.7,0,6,3,156,23,6,181,27
Female,20,18-24,Follow-up,Wednesday,Evening,3,4,1,Yes,SMS,8.7,0,3,6,60,9,3,63,10
Female,48,45-54,Specialist Consultation,Thursday,Morning,28,5,2,Yes,SMS,4.0,0,2,3,51,8,3,79,12
Male,35,35-44,Specialist Consultation,Wednesday,Evening,12,1,0,Yes,SMS,11.1,0,4,4,94,14,4,106,16
Female,40,35-44,General Consultation,Saturday,Afternoon,46,2,1,No,No Reminder,6.6,0,2,1,42,7,3,88,13
Female,44,35-44,General Consultation,Wednesday,Afternoon,49,0,0,No,No Reminder,5.1,0,6,2,155,23,7,204,30
Prefer not to say,75,65+,General Consultation,Sunday,Morning,55,3,0,Yes,WhatsApp,9.3,1,4,0,96,15,5,151,22
Male,51,45-54,Specialist Consultation,Monday,Afternoon,6,3,1,Yes,Email,23.6,0,7,1,203,30,7,209,31
Male,49,45-54,General Consultation,Friday,Morning,55,5,2,Yes,SMS,15.5,0,8,5,221,32,10,276,40
Male,34,25-34,General Consultation,Tuesday,Evening,46,6,0,Yes,SMS,9.3,0,5,4,128,19,6,174,26
Male,28,25-34,General Consultation,Sunday,Morning,48,1,0,Yes,WhatsApp,15.5,1,3,0,76,12,5,124,18
Female,66,65+,General Consultation,Friday,Morning,9,2,1,No,No Reminder,9.5,0,6,2,176,26,7,185,27
Female,41,35-44,General Consultation,Tuesday,Afternoon,14,4,1,Yes,SMS,3.9,0,1,1,7,2,1,21,4
Female,67,65+,General Consultation,Tuesday,Morning,20,0,0,Yes,SMS,11.3,0,7,2,190,28,7,210,31
Female,42,35-44,General Consultation,Thursday,Afternoon,36,2,1,Yes,WhatsApp,4.8,0,2,2,56,9,4,92,14
Female,34,25-34,General Consultation,Thursday,Afternoon,38,0,0,Yes,SMS,2.0,0,1,0,19,4,2,57,9
Female,19,18-24,Follow-up,Sunday,Afternoon,11,4,0,Yes,SMS,12.4,1,3,2,63,10,3,74,11
Male,47,45-54,Follow-up,Monday,Afternoon,12,1,0,No,No Reminder,16.3,0,10,2,302,44,11,314,46
Female,28,25-34,Follow-up,Sunday,Afternoon,56,7,0,Yes,WhatsApp,5.2,1,1,6,5,1,3,61,9
Female,25,25-34,Diagnostic Test,Wednesday,Afternoon,15,5,2,Yes,Email,8.2,0,5,1,125,19,5,140,21
Male,29,25-34,Specialist Consultation,Friday,Morning,27,1,0,Yes,SMS,8.7,0,4,5,101,15,5,128,19
Female,77,65+,Follow-up,Monday,Morning,0,3,0,Yes,Email,2.3,0,6,0,159,24,6,159,24
Male,46,45-54,General Consultation,Sunday,Morning,20,3,0,No,No Reminder,3.3,1,3,0,83,13,4,103,15
Male,34,25-34,Follow-up,Wednesday,Evening,16,0,0,No,No Reminder,16.8,0,3,0,90,14,4,106,16
Female,66,65+,Follow-up,Tuesday,Morning,42,1,0,No,No Reminder,4.8,0,12,1,352,51,1,28,5
Male,19,18-24,Diagnostic Test,Sunday,Afternoon,40,3,0,Yes,WhatsApp,8.6,1,4,1,104,16,5,144,21
Male,74,65+,General Consultation,Tuesday,Afternoon,36,4,1,No,No Reminder,10.5,0,3,0,82,13,4,118,18
Male,60,55-64,General Consultation,Sunday,Afternoon,19,3,2,No,No Reminder,11.9,1,12,1,336,49,12,355,51
Female,64,55-64,General Consultation,Monday,Afternoon,13,1,0,Yes,WhatsApp,1.8,0,9,1,273,40,10,286,42
Male,76,65+,Follow-up,Friday,Afternoon,55,8,2,Yes,SMS,12.1,0,5,5,122,18,6,177,26
Male,38,35-44,Specialist Consultation,Wednesday,Morning,10,5,3,Yes,Email,13.2,0,10,6,292,42,10,302,44
Prefer not to say,63,55-64,Follow-up,Wednesday,Afternoon,58,2,2,Yes,WhatsApp,0.9,0,10,0,293,43,12,351,51
Male,49,45-54,Diagnostic Test,Saturday,Morning,28,5,1,Yes,Email,4.4,0,3,5,88,13,4,116,17
Female,52,45-54,Follow-up,Thursday,Evening,60,6,2,Yes,WhatsApp,12.6,0,12,6,348,50,2,43,7
